formula,plasmafrequency_x,plasmafrequency_y,cbm_gw,cbm,cbm_hse,gap_dir_gw,gap_dir_nosoc,gap_dir,E_B,gap_gw,gap_hse,gap_nosoc,vbm_gw,vbm,evac,energy,cell_area,thermodynamic_stability_level,gap,vbm_hse,gap_dir_hse,vbm_hse - evac,cbm_hse - evac
MnSe2,5.9473335,6.32602288888889,-0.579837138888889,-1.41572380952381,-1.2608427882161,3.70433277777778,1.6245244,1.61261666666667,0.873078333333334,3.00770333333333,1.91738388888889,1.41809083333333,-4.06274666666666,-2.78739277777778,3.06326857142857,3.60344746949892,12.8485283333333,3,1.417223761904763,-3.150383333333337,2.1698066666666667,-6.213651904761907,-4.32411135964467
FeSe2,6.36611666666667,7.08152633333333,-0.641319236111111,-1.46542857142857,-1.19743273714461,3.57410277777778,1.27093806666667,1.45943,0.87134,2.74496333333333,1.799155,1.13506533333333,-3.76818866666666,-2.84891388888889,3.09599714285714,6.94876307915098,12.435956,3,1.193874190476192,-3.193650000000001,2.0909925,-6.289647142857142,-4.29342988000175
CoSe2,8.07980116666666,7.37354911111111,-0.681157166666667,-1.68175714285714,-1.34142721128128,3.58598833333333,1.50734743333333,1.59904,0.937936666666666,3.11769333333333,1.821255,1.25307966666667,-3.770862,-2.87219777777778,2.94098857142857,7.03647033265116,12.5625056666667,3,1.3025711904761923,-3.0993491666666646,2.110029166666667,-6.040337738095235,-4.28241578270985
WSTe,7.59703255555556,6.652719,0.763311180555555,0.287354285714286,0.40382501842916,2.44163,1.04519386666667,1.044304,0.732033333333334,2.31015333333333,1.63490111111111,0.874961833333333,-2.850238,-0.842139444444445,4.80558323809524,-2.96766883434783,12.1084406666667,3,0.8437797619047617,-0.8990495833333337,1.7331099999999986,-5.704632821428573,-4.40175821966608
MnSSe,5.304466,5.35188544444444,-0.631774375,-1.29821952380952,-1.43341535477154,3.66525388888889,1.57987316666667,1.27311466666667,0.878724444444445,2.90113333333333,1.98024833333333,1.44379416666667,-4.13424466666666,-2.78886944444444,2.67239047619048,-5.86542828946915,12.450355,3,1.3895865238095244,-3.434510416666669,2.3092433333333333,-6.1069008928571495,-4.10580583096202
MnSTe,5.37745733333333,5.21803366666666,-0.701621097222222,-1.16060238095238,-1.33189437600699,3.36533222222222,1.42252166666667,1.03021983333333,0.648538333333333,2.85282,1.65795555555556,1.36488583333333,-3.94667333333333,-2.52008777777778,2.6612080952381,-6.56163257428522,13.4576623333333,3,1.177340047619048,-3.032484583333335,1.847523333333333,-5.693692678571435,-3.9931024712450895
FeSSe,6.09444427777778,5.953613,-0.654538402777778,-1.41619523809524,-0.997505553716813,3.68177111111111,1.32743046666667,1.188422,0.93644,2.94813666666667,1.99250333333333,1.15144383333333,-3.982206,-3.06946333333333,2.66008595238095,-3.71430182618877,11.830201,3,1.1712006190476194,-3.3745925000000003,2.0410933333333343,-6.03467845238095,-3.6575915060977633
FeSTe,6.1923505,5.63974588888889,-0.696049597222222,-1.19066380952381,-1.13337994221782,3.30279888888889,1.19904573333333,1.01987316666667,0.719936111111111,2.94249,1.84242555555556,1.087372,-3.69361733333333,-2.63773833333333,2.63899323809524,-5.63623976821325,13.1785853333333,3,1.0735320000000002,-3.119715833333334,1.966990000000001,-5.758709071428575,-3.77237318031306
Fe2S3Te1,4.65965161111111,6.17825038888889,-0.746906916666667,-1.40458761904762,-1.13661880603382,2.91393388888889,1.25734253333333,1.38035166666667,0.966379444444444,2.43699666666667,1.98695555555556,1.10036516666667,-3.47788666666666,-2.80748055555555,3.18314619047619,-25.1282212430947,20.1919578333333,3,1.1022661428571432,-3.0441608333333336,2.0525208333333342,-6.227307023809524,-4.31976499651001
Co2S1Se3,5.98117122222222,6.72481022222222,-0.763530083333333,-1.4995930952381,-1.31735733369828,2.89475222222222,1.34213753333333,1.41149,0.959795,2.40330666666667,1.67505833333333,1.06660166666667,-3.448292,-2.489185,3.0478530952381,-26.1802083507985,22.0620703333333,3,1.0841844761904758,-2.925391874999999,1.9169808333333345,-5.973244970238099,-4.36521042893638
CoSSe,7.14055872222222,6.08949933333333,-0.697098791666667,-1.66138,-1.00596014377755,3.71447055555555,1.53778113333333,1.471027,0.998216666666666,3.27349666666667,1.99425277777778,1.2952955,-3.968546,-3.056055,2.50086290476191,-1.99816847259304,12.207962,3,1.2879481904761898,-3.2350949999999985,2.2012333333333336,-5.735957904761909,-3.5068230485394603
Co2Se3Te1,6.05246016666667,7.22179977777778,-0.712512902777778,-1.36841166666667,-1.32452788779852,2.78214055555556,1.23237066666667,1.05878333333333,0.875716666666667,2.16551666666667,1.63492055555556,1.01334733333333,-3.09904866666667,-2.37981222222222,3.08956409523809,-18.7513049674245,24.8185281666667,3,0.99992019047619,-2.8053425,1.85422,-5.894906595238091,-4.41409198303661
Nb2S5,6.19286761111111,7.3502125,-0.235087569444444,-0.852858095238096,-0.709387032965558,2.79660722222222,1.46160033333333,1.44762666666667,0.99354,2.70614,2.02849944444444,1.30715333333333,-2.457158,-2.03702055555556,3.48643742857143,-45.2838411699531,27.994715,3,1.3032973333333335,-2.206151666666666,1.9742854166666663,-5.692589095238096,-4.195824461536988
Ta2S5,6.44333188888889,8.02933433333333,-0.100586388888889,-0.719043809523811,-0.26806822788533,2.87075666666667,1.4270665,1.60401866666667,0.921583333333333,2.73370666666667,1.93693055555556,1.3868125,-2.43769866666667,-1.77970888888889,3.74196666666667,-41.2282684907832,26.88669,3,1.257458523809523,-1.9101570833333328,1.903760833333333,-5.652123750000003,-4.010034894552
Cr2S5,4.65709922222222,5.76055477777778,-0.335486944444444,-1.31237142857143,-1.1421641613191,2.90616944444444,1.5155972,1.36524833333333,0.983963333333333,2.64089,2.15068055555556,1.44589166666667,-3.213618,-2.66708388888889,3.24736523809524,-36.1063330035952,25.4209,3,1.5394420952380954,-3.129073749999999,2.420198333333334,-6.376438988095239,-4.389529399414339
Rh2S5,4.73253905555555,6.14562661111111,-0.827986416666666,-1.58771142857143,-1.09086995858269,2.63577388888889,1.54984166666667,1.16811333333333,0.976843333333333,2.50421333333333,1.72645166666667,1.13768291666667,-3.32771333333333,-2.63847,3.09468238095238,-22.475750254908,25.487195,3,1.0945479047619049,-3.0665758333333337,1.771086666666666,-6.161258214285714,-4.18555233953507
V2S3Se2,6.02464522222222,6.27420833333333,-0.388684013888889,-0.997904285714286,-0.318638863656008,2.86684222222222,1.39622233333333,1.54858166666667,0.991751666666667,2.67033,2.14041611111111,1.295525,-3.023482,-2.41953888888889,3.31847695238095,-38.5032139256574,25.81027,3,1.4429905714285716,-2.5328318750000003,2.4861366666666656,-5.851308827380951,-3.637115816036958
V2S3Te2,5.93426311111111,5.96074022222222,-0.279222708333333,-0.970351904761906,-0.690399612581219,2.64226722222222,1.219002,1.28212166666667,0.845814444444445,2.28811333333333,1.87309888888889,1.15961583333333,-2.47730466666667,-2.36308222222222,3.20245342857143,-37.8446945752354,27.202915,3,1.1147114761904755,-2.438879791666666,1.9486433333333333,-5.641333220238096,-3.892853041152649
V2S4Te1,6.10710083333333,5.96015933333333,-0.373721305555555,-1.02216904761905,-0.570022214998356,2.60884722222222,1.29097566666667,1.28184833333333,0.929129999999999,2.31162333333333,2.12798333333333,1.376725,-2.875722,-2.44445333333333,3.17619590476191,-36.8580210080517,26.77482,3,1.2815175238095229,-2.6410218750000003,2.149239166666667,-5.817217779761911,-3.7462181197602655
Cr2S3Se2,4.69073744444445,5.70809922222222,-0.269704277777778,-1.24322523809524,-0.854504491077102,2.69648388888889,1.31273926666667,1.17167333333333,0.943023333333333,2.61558,1.81701111111111,1.215165,-3.076222,-2.59115666666667,3.31409714285714,-38.2887782191331,24.489065,3,1.1762441904761904,-3.0276683333333336,2.340261666666668,-6.341765476190474,-4.168601633934243
Cr2S4Se1,4.70034988888889,5.74570811111111,-0.295559486111111,-1.2433919047619,-0.846612748498271,2.82090555555555,1.34966153333333,1.346155,0.955981666666666,2.64948,2.02323777777778,1.23871,-3.099772,-2.66197888888889,3.30531476190477,-36.5734459967175,24.016395,3,1.3192560952380958,-3.080294583333333,2.382921666666668,-6.385609345238104,-4.151927510403041
Cr2S4Te1,4.81493322222222,5.46343,-0.202599805555556,-1.25171952380952,-1.03493282347493,2.50464555555555,1.2409101,1.21014833333333,0.839976666666666,2.33883333333333,1.85074222222222,1.20231166666667,-2.94585533333333,-2.66340944444445,3.17546380952381,-36.6050925693779,26.548095,3,1.107801142857143,-2.909567083333336,2.077434166666668,-6.085030892857146,-4.21039663299874
W2O2Se3,5.52316244444444,8.26658638888888,0.833433013888889,-1.10950857142857,-0.516109124422345,3.04362611111111,1.34409233333333,1.505305,0.972471666666666,2.52353333333333,1.77026277777778,1.44755166666667,-1.92937466666667,-2.35650666666667,3.53307952380952,-43.7101203898617,20.66027,3,1.215074761904762,-2.3611629166666663,2.1492316666666667,-5.894242440476186,-4.0491886482318655
W2O2Te3,5.81444555555555,7.83796166666666,0.982816430555556,-0.593123571428571,-0.0578416511660426,2.35533833333333,1.259369,1.016925,0.848368333333334,1.95584,1.61940611111111,1.1482975,-1.12188933333333,-1.67059777777778,3.87452476190476,-44.2305556439995,25.870635,3,0.9486492857142848,-1.8166987500000007,1.5503599999999995,-5.69122351190476,-3.9323664130708025
Fe2S2Se3,4.42535311111111,6.10148616666667,-0.667735041666667,-1.53787047619048,-0.891372790197652,2.88355944444444,1.22341886666667,1.12935966666667,0.945803333333333,2.49918,1.744285,0.964582916666667,-3.23889733333333,-2.756245,3.28369571428572,-31.9572567975072,22.363605,3,1.0255848571428563,-2.9492075000000004,2.1074058333333348,-6.23290321428572,-4.175068504483372
Fe2S4Te1,4.18473416666667,5.78197911111111,-0.732695555555555,-1.52004904761905,-0.80900999267677,2.89387,1.3726146,1.45182,0.96873,2.68166,2.15788722222222,1.208436,-3.39521733333333,-3.02882944444444,3.03530619047619,-29.8988758744484,23.85224,3,1.2280409047619048,-3.2294245833333344,2.3261908333333343,-6.264730773809525,-3.84431618315296
Co2S1Se4,5.28842383333333,6.97745416666667,-0.686646333333333,-1.50856952380952,-1.21983546545096,2.89744111111111,1.3636676,1.46625666666667,0.934376111111111,2.37470666666667,1.683765,1.06021708333333,-3.24657,-2.57774722222222,3.16332071428572,-31.3414760760676,24.63856,3,1.1224587619047617,-2.9291825000000005,1.971331666666668,-6.0925032142857205,-4.38315617973668
Co2S2Se3,5.34299394444444,6.86799605555555,-0.718898152777778,-1.55966619047619,-1.06624410268096,2.94748777777778,1.46598226666667,1.58811,0.983728333333333,2.53059666666667,1.84618444444445,1.15014875,-3.382784,-2.66816333333333,3.16316333333334,-29.7235597649327,23.80632,3,1.2163510952380954,-2.9711825000000016,2.128174166666668,-6.134345833333342,-4.2294074360143
Co2S3Te2,5.0851,6.77157116666667,-0.676553569444444,-1.49231642857143,-1.43871533816627,2.88996277777778,1.45485633333333,1.276805,0.952668333333333,2.39308666666667,1.88192722222222,1.19214416666667,-3.30793266666666,-2.85239055555555,2.90691904761905,-29.2991756343955,27.47997,3,1.2104218571428575,-3.0674400000000004,2.1230625000000014,-5.97435904761905,-4.34563438578532
Rh2S4Se1,4.76903283333333,6.09500605555555,-0.781949236111111,-1.52624952380952,-1.11898609543764,2.60912222222222,1.50311066666667,1.21023333333333,0.946303333333333,2.43107333333333,1.71434555555556,1.0282125,-3.25724133333333,-2.60569444444444,3.11499904761905,-21.9440622500577,25.16751,3,0.9873847619047612,-3.0572370833333338,1.6870299999999991,-6.172236130952384,-4.233985143056691
Ir2S4Te1,4.81126466666666,6.62124133333333,-0.888811611111111,-1.37453690476191,-1.01762377231078,2.50933555555556,1.25592816666667,1.06314166666667,0.85488,2.32373333333333,1.77668111111111,1.15263666666667,-2.492694,-2.25133888888889,3.15223419047619,-31.5819732969767,28.08043,3,1.0419469047619043,-2.485899583333333,1.8220491666666667,-5.638133773809523,-4.16985796278697
V2S3Se1Te1,5.99666972222222,6.04422288888889,-0.291470027777778,-0.967732857142858,-0.639675795558071,2.63497222222222,1.25661233333333,1.30201833333333,0.924696666666666,2.34656333333333,2.08079055555555,1.21287833333333,-2.770254,-2.36770555555556,3.20891285714286,-38.1479897880719,27.510125,3,1.149851333333333,-2.572130625,2.0760875,-5.781043482142859,-3.848588652700931
Nb2O1Se3Te1,6.39553644444444,7.81168377777778,0.101284680555556,-0.957940952380951,-1.13960697802362,2.38176277777778,1.406185,1.34147,0.99873,1.9311,1.69373277777778,1.227595,-1.484594,-2.31231,3.05042780952381,-50.3855147494536,22.842205,3,1.1819518095238093,-2.675915416666668,1.7796508333333332,-5.726343226190478,-4.190034787547431
Ta2O1S1Se3,6.54006388888889,8.24142138888889,0.178099805555556,-0.762261428571429,-0.611497663802803,2.92915333333333,1.54374933333333,1.61157666666667,0.996133333333333,2.26993,1.80040777777778,1.36105666666667,-1.871198,-2.20193222222222,3.37464238095238,-47.6257766825163,20.9393,3,1.2842680952380954,-2.37575,2.066189166666667,-5.7503923809523805,-3.986140044755183
Ta2O2Se1Te2,7.62559561111111,8.89921555555555,0.499904291666667,-0.248625238095238,-0.171975572635079,2.47226833333333,1.87998126666667,1.75435833333333,0.929006666666666,1.8214,1.94507555555556,1.73471416666667,-1.24651,-1.65743,4.24167757142857,-48.6988813791156,16.897435,3,1.5679588095238088,-2.015087916666664,2.142879166666667,-6.256765488095235,-4.413653144063649
Ta2O2Se2Te1,7.4379445,9.00853888888888,0.408553444444444,-0.34337,-0.17138755773978,2.73029277777777,1.95121933333333,1.65653166666667,0.956841666666666,1.97933,2.12758722222222,1.75648166666667,-1.40705933333333,-1.829885,4.20297742857143,-49.4628005342357,16.574075,3,1.655548809523809,-2.3065266666666657,2.373551666666668,-6.509504095238095,-4.3743649863112095
W2O1S1Se3,5.24506677777778,7.67296133333333,0.948385597222222,-0.923870476190477,-0.16809676127909,2.81522777777778,1.28849433333333,1.29052333333333,0.996169444444443,2.61494333333333,1.61845277777778,1.24679666666667,-1.636582,-2.09833833333333,3.54406952380952,-45.0854868940569,21.743865,3,1.0509390476190472,-2.149201666666667,2.001821666666668,-5.693271190476187,-3.7121662850886095
W2O1S3Te1,5.16405411111111,8.19785833333333,0.825896805555555,-1.07038285714286,-0.230641750730418,2.74468666666666,1.38735566666667,1.36537166666667,0.972093333333332,2.60349666666667,1.97662,1.33243916666667,-1.76373133333333,-2.38416388888889,3.32890476190476,-47.8654007210481,23.200815,3,1.1669333333333336,-2.3315295833333347,2.09047,-5.660434345238095,-3.559546512635178
Mn2O2Se1Te2,4.60171805555556,6.39304277777778,-0.919269819444445,-1.54788476190476,-1.01430397561102,3.75711222222222,1.49094983333333,1.10193333333333,0.995755,3.15454666666667,1.90353888888889,1.46357083333333,-4.17656066666667,-2.97362055555555,3.40437857142857,-43.0686903303035,16.21127,3,1.20111,-3.4226279166666647,2.3375200000000005,-6.827006488095234,-4.41868254703959
Fe2S3Se1Te1,4.22692638888889,5.83025488888889,-0.657095666666667,-1.48036619047619,-0.958035117061915,2.87389166666667,1.32718926666667,1.17282,0.935198333333333,2.61615,2.07006055555556,1.12072516666667,-3.30139733333333,-2.96605555555556,3.04227571428572,-31.8334060501626,23.99154,3,1.1447313809523814,-3.138583333333333,2.2634683333333343,-6.1808590476190535,-4.000310831347635
Os2O1S3Te1,3.65970233333334,7.08174444444444,-0.784987611111111,-1.5153,-0.872264691294821,2.75024444444444,1.14719533333333,1.11698833333333,0.903636666666666,2.70378666666667,1.78559222222222,1.242,-2.51353266666667,-2.66670333333333,3.12044523809523,-42.1539035808795,22.01565,3,1.040520238095238,-2.5740045833333336,1.8652000000000009,-5.694449821428563,-3.9927099293900503
Os2O1Se3Te1,3.778473,6.28351555555555,-0.457482527777778,-1.40277523809524,-0.886444575388299,2.46142055555556,1.04792333333333,0.933878333333334,0.808983888888889,2.29619666666667,1.62366333333333,1.01559666666667,-2.007054,-2.20547777777778,3.23704761904761,-39.1278441545851,23.155015,3,0.8383809523809523,-2.431321666666665,1.5761041666666673,-5.668369285714276,-4.123492194435909
Co2S1Se3Te1,5.08599427777778,7.48379233333333,-0.646605986111111,-1.42654690476191,-1.41660182046463,2.72356666666667,1.25981,1.0537,0.860182222222222,2.23457666666667,1.66922333333333,1.0027275,-3.12152,-2.48940111111111,2.98712166666667,-31.8277274091218,28.041255,3,0.9953269047619054,-2.9289916666666675,1.9389975000000013,-5.916113333333337,-4.4037234871313
Ir2O1S1Se3,4.47240155555555,6.85956377777777,-1.18818740277778,-1.73855904761905,-1.07201481087288,2.57541,1.19539666666667,1.178005,0.933831111111111,2.27547666666667,1.61505166666667,1.04613666666667,-2.82107266666667,-2.64491888888889,3.13333785714285,-33.9571299761718,22.825725,3,0.9207799999999996,-2.849136249999999,1.8541833333333333,-5.982474107142849,-4.20535266801573
Ir2O1Se3Te1,4.56336655555556,6.88219466666666,-1.15169198611111,-1.61571523809524,-1.10642985070962,2.41601888888889,1.24512033333333,1.23025166666667,0.915377222222222,2.23689333333333,1.63664222222222,1.03286125,-2.563486,-2.64615388888889,2.98486357142857,-33.2885254679444,25.12756,3,0.9688030952380948,-2.8881645833333334,1.7160941666666676,-5.873028154761903,-4.09129342213819
Ir2S3Se1Te1,4.85334761111111,6.74938133333333,-0.862887888888888,-1.31689976190476,-1.19467244319534,2.48016888888889,1.15684816666667,1.07246833333333,0.832612777777778,2.23164333333333,1.676485,1.13178166666667,-2.370424,-2.23446388888889,3.15077371428571,-32.7928063424458,28.39523,3,1.0001616666666664,-2.5111695833333325,1.6494875000000002,-5.661943297619043,-4.34544615748105
Cr2S5Se1,4.16185966666667,7.42874055555555,-0.253728388888889,-1.48940047619048,-0.983209551237522,2.835145,1.529087,1.24627333333333,0.935345,2.86355666666667,2.15000166666667,1.3418625,-3.075582,-3.02505555555556,3.3166180952381,-42.5148457485916,24.346605,3,1.5384816190476194,-3.104167083333333,2.517443333333334,-6.420785178571434,-4.299827646475622
Cr2S5Te1,4.54812111111111,7.35973722222222,-0.245343777777778,-1.39353571428571,-0.940324503843446,2.55444944444444,1.3781041,1.29810833333333,0.93759,2.75148666666667,2.11281833333333,1.32837166666667,-2.85870266666666,-2.898215,3.22664714285714,-42.4881505511052,26.064785,3,1.3581709523809522,-3.0226937500000006,2.3034100000000013,-6.249340892857141,-4.166971646700587
WO2Te4,5.13278166666667,8.84922788888888,-0.0520434861111111,-1.13604142857143,-0.529196569041991,2.63307055555556,1.64052366666667,1.31645666666667,0.95045,2.14085,1.85915166666667,1.41263666666667,-2.19898066666667,-2.59203777777778,3.37674095238095,-25.4341206143119,29.4117266666667,3,1.4162266666666663,-2.8340849999999995,2.0912466666666667,-6.210825952380949,-3.905937521422941
W2O3Te3,5.85220988888889,9.60573777777778,0.513015555555556,-1.23978523809524,-0.271120905079938,2.64266555555555,1.88813533333333,1.84841666666667,0.925993333333333,2.09314,1.92548055555556,1.90208083333333,-1.54039333333333,-2.60858111111111,3.55283047619048,-54.8314236489926,26.166435,3,1.5434219047619029,-2.494670416666667,2.1479175,-6.047500892857148,-3.823951381270418
Tc2O3Te3,4.51819833333334,8.21296944444445,-0.590362486111111,-1.79609238095238,-0.942482303301514,2.72393055555555,1.641508,1.48643333333333,0.978549444444444,2.04243,1.92209444444444,1.5859525,-2.500026,-2.92363,3.36577666666667,-53.3143816426479,24.54496,3,1.267107142857143,-3.0459725000000004,2.0584275,-6.41174916666667,-4.308258969968184
ReO2Te4,4.58139233333333,8.18745677777778,-0.885694569444444,-1.4585,-0.921217517661395,2.62827777777778,1.62917466666667,1.288265,0.934664444444444,2.14662,1.71298222222222,1.39892666666667,-2.66129333333333,-2.45386944444445,3.40950619047619,-21.8580202196871,29.3006166666667,3,1.3493366666666664,-2.784439999999999,1.9009249999999995,-6.193946190476189,-4.330723708137585
OsO2Te4,4.02472544444445,8.28938455555555,-1.05545448611111,-1.58392619047619,-0.796182675234264,2.653175,1.57174033333333,1.30357166666667,0.788965555555555,2.39895,1.84755944444444,1.45791416666667,-2.90159866666667,-2.52920222222222,3.38873476190476,-20.2961219703506,29.1392016666667,3,1.2747795238095236,-2.859398333333333,2.032480833333333,-6.248133095238093,-4.184917437139024
Os2O3Te3,4.77773722222222,8.38747944444445,-0.723917305555556,-1.76000142857143,-0.971817074884681,2.52325111111111,1.68688066666667,1.63239333333333,0.803323888888889,2.17789,1.81403722222222,1.70128916666667,-2.20527666666667,-2.67099111111111,3.32051523809524,-48.3456429297902,26.629275,3,1.3336673809523791,-2.8271604166666675,1.857644166666667,-6.147675654761907,-4.292332312979921
CrSSeTe,4.57332255555556,4.17436366666666,-0.598048361111111,-1.01866047619048,-0.650522120802192,2.95334555555555,1.2783589,1.14668333333333,0.664588888888889,2.55746,1.63999055555556,1.164584,-3.45495866666667,-2.21268166666667,3.38554128571429,-14.2577831446155,13.534782,3,0.9873696666666664,-2.587469583333333,1.7751075000000005,-5.973010869047624,-4.036063406516482
CrSSeTe,4.57332255555556,4.17436366666666,-0.598048361111111,-1.01866047619048,-0.650522120802192,2.95334555555555,1.2783589,1.14668333333333,0.664588888888889,2.55746,1.63999055555556,1.164584,-3.45495866666667,-2.21268166666667,3.38554128571429,-14.2577831446155,13.534782,3,0.9873696666666664,-2.587469583333333,1.7751075000000005,-5.973010869047624,-4.036063406516482
CrSSeTe,4.57332255555556,4.17436366666666,-0.598048361111111,-1.01866047619048,-0.650522120802192,2.95334555555555,1.2783589,1.14668333333333,0.664588888888889,2.55746,1.63999055555556,1.164584,-3.45495866666667,-2.21268166666667,3.38554128571429,-14.2577831446155,13.534782,3,0.9873696666666664,-2.587469583333333,1.7751075000000005,-5.973010869047624,-4.036063406516482
Cr2S3Se1Te2,4.65865,7.40309,-0.216873194444445,-1.46145666666667,-1.00344763200248,2.419955,1.27076343333333,1.06213833333333,0.869536666666667,2.32103666666667,1.68217888888889,1.09129333333333,-2.60334266666666,-2.71693944444444,3.17946666666667,-44.5590456050886,26.721397,3,1.007037333333333,-2.70836625,1.9127841666666672,-5.88783291666667,-4.18291429866915
Cr2S3Se2Te1,4.48793888888889,7.43228944444444,-0.218416180555556,-1.41610047619048,-0.870028427024806,2.46660166666667,1.29101743333333,1.06803666666667,0.896226666666667,2.46027666666667,1.6692,1.0796325,-2.75698666666667,-2.84351055555556,3.25870238095238,-44.8247193164203,26.432635,3,1.14733380952381,-2.870237083333334,2.026031666666668,-6.128939464285714,-4.128730807977186
Cr2S4Se1Te1,4.52377944444445,7.40154777777778,-0.239775305555556,-1.38327904761905,-0.888861141137136,2.50864444444444,1.30653243333333,1.167345,0.92732,2.62817666666667,1.92164388888889,1.1976325,-2.81000866666667,-2.85360722222222,3.23684857142857,-43.5063261232822,26.141045,3,1.2697185714285717,-2.9693837500000018,2.2568508333333344,-6.206232321428572,-4.125709712565706
W2O1Se3Te2,5.08844666666666,9.43722666666667,0.808435125,-1.19427428571429,-0.610446981872904,2.27220111111111,1.18585866666667,1.05397,0.934907777777777,2.1647,1.65837277777778,1.062405,-1.21352,-2.24401888888889,3.5623619047619,-49.3253382519642,26.902865,3,0.9536364285714278,-2.1047766666666674,1.8884275000000008,-5.667138571428568,-4.1728088866348045
W2O1Se4Te1,4.77471444444444,9.500075,0.7692345,-1.21059666666667,-0.745867741535751,2.36375444444444,1.24229333333333,1.141295,0.953773888888888,2.29908333333333,1.70988444444444,1.11070083333333,-1.284684,-2.31682388888889,3.5841519047619,-49.7524927583054,25.597945,3,0.963700238095238,-2.188887916666666,1.849397500000001,-5.773039821428566,-4.330019646297651
Mn2O1Se3Te2,4.55631555555555,6.75457944444444,-0.608382597222222,-1.98010571428571,-1.17188025447432,3.34414611111111,1.44838533333333,1.39629833333333,0.911738888888889,2.9678,2.01755555555555,1.3397375,-3.64939466666667,-3.16291222222222,2.90840285714286,-45.8078070266763,24.407155,3,1.3524066666666668,-3.327012916666668,2.2302275000000016,-6.235415773809528,-4.08028311161718
Mn2O1Se4Te1,4.42406722222222,6.82189888888889,-0.623891236111111,-2.05749190476191,-1.37597989065703,3.50276666666667,1.488898,1.51774833333333,0.984910555555555,3.03899,2.01289944444444,1.34174,-3.81716,-3.21628722222222,2.96571380952381,-46.3377961089252,23.60626,3,1.4057742857142856,-3.44879875,2.328010000000001,-6.41451255952381,-4.34169370018084
Mn2S3Se1Te2,4.53580111111111,6.83244388888889,-0.489447736111111,-1.66032333333333,-1.1896947456969,2.84150888888889,1.421286,1.40738866666667,0.842531111111111,2.84088333333333,1.89747666666667,1.37784333333333,-3.361856,-3.03720777777778,3.06487095238096,-42.5350683628288,26.823172,3,1.2754508095238104,-2.9612922916666675,2.0174600000000003,-6.026163244047627,-4.25456569807786
Mn2S3Se2Te1,4.38185333333333,6.85655666666667,-0.487640861111111,-1.75989857142857,-1.21527962077916,2.93161,1.555652,1.43376,0.866245,2.99944666666667,1.90582055555555,1.43016583333333,-3.51961533333333,-3.10004722222222,3.08743380952381,-42.6652721832602,25.90846,3,1.3921371428571436,-3.0673639583333348,2.185015833333334,-6.154797767857145,-4.30271343030297
Fe2O1Se1Te4,5.17100938888889,7.89858222222222,-0.646149527777778,-1.63969619047619,-1.03939570626772,2.60248888888889,1.06403283333333,0.777758333333333,0.951457777777778,2.44346666666667,1.72635055555556,1.037935,-3.008544,-2.70054611111111,3.29422476190476,-37.8978586437922,28.2396133333333,3,0.9287458095238104,-3.223334166666668,1.8800275,-6.517558928571428,-4.33362046817248
Fe2O1Se2Te3,4.88632672222222,7.65571055555556,-0.639684208333333,-1.71434761904762,-1.07187420760087,2.65923166666667,1.069636,0.866611666666667,0.950616111111111,2.51196,1.83441833333333,1.05965083333333,-3.04824133333333,-2.85296833333333,3.23546571428572,-38.4198677498747,27.843405,3,0.9698607142857149,-3.362297083333333,1.868236666666668,-6.597762797619053,-4.30733992188659
Fe2S1Se3Te2,5.04609777777778,7.64627333333334,-0.473540375,-1.45740952380952,-0.968484032835275,2.44665777777778,1.0026866,0.817286666666666,0.703962222222222,2.22738,1.61667333333333,0.919126833333333,-2.68437066666667,-2.54296277777778,3.23228666666667,-38.7850700594406,28.65905,3,0.8367278095238103,-2.9004779166666648,1.8590733333333345,-6.132764583333335,-4.200770699501945
Fe2S1Se4Te1,5.17676944444444,7.500775,-0.495770805555556,-1.49636666666667,-1.06568548075722,2.60895111111111,1.09277093333333,0.842358333333333,0.763988888888889,2.29729,1.61386055555556,0.990153083333333,-2.76255533333333,-2.72301166666667,3.33481380952381,-38.9492304230849,26.874335,3,0.9136082857142864,-2.933245416666665,1.910244166666668,-6.268059226190475,-4.400499290281029
FeSSeTe,5.78254544444444,5.43433222222222,-0.760519347222222,-1.25072261904762,-1.0232245225052,3.24741055555556,1.17178856666667,1.10325416666667,0.672668333333333,2.82856,1.66686888888889,1.18394516666667,-3.726722,-2.715525,3.28597423809524,-11.3349299972695,13.3291006666667,3,1.027650238095238,-3.2218775,1.954075833333334,-6.5078517380952405,-4.30919876060044
FeSSeTe,5.78254544444444,5.43433222222222,-0.760519347222222,-1.25072261904762,-1.0232245225052,3.24741055555556,1.17178856666667,1.10325416666667,0.672668333333333,2.82856,1.66686888888889,1.18394516666667,-3.726722,-2.715525,3.28597423809524,-11.3349299972695,13.3291006666667,3,1.027650238095238,-3.2218775,1.954075833333334,-6.5078517380952405,-4.30919876060044
FeSSeTe,5.78254544444444,5.43433222222222,-0.760519347222222,-1.25072261904762,-1.0232245225052,3.24741055555556,1.17178856666667,1.10325416666667,0.672668333333333,2.82856,1.66686888888889,1.18394516666667,-3.726722,-2.715525,3.28597423809524,-11.3349299972695,13.3291006666667,3,1.027650238095238,-3.2218775,1.954075833333334,-6.5078517380952405,-4.30919876060044
Fe2S3Se1Te2,4.91028833333333,6.84690722222222,-0.535775916666667,-1.50135904761905,-1.05024737065085,2.76134,1.22341693333333,1.148185,0.899043333333333,2.71496666666667,1.99724777777778,1.2242885,-2.91988933333333,-3.03414722222222,3.10294095238096,-37.8841893188302,27.031035,3,1.1145754285714289,-3.123517500000001,2.117585833333334,-6.226458452380961,-4.15318832303181
Fe2S3Se2Te1,4.89577833333333,6.83504555555556,-0.546548375,-1.52566,-1.139389022998,2.88559166666667,1.33085926666667,1.26688166666667,0.935769999999999,2.76322666666667,2.068415,1.32084433333333,-3.09853866666666,-3.10629611111111,3.11667285714286,-37.9152088413902,26.351955,3,1.2270630476190485,-3.28696125,2.250451666666668,-6.40363410714286,-4.2560618801408605
Os2O1S3Te2,4.06043955555556,8.38975055555556,-0.54242525,-1.64669333333333,-0.913111520527673,2.58799222222222,1.18741533333333,1.04631,0.927364444444444,2.47837666666667,1.95094611111111,1.23921583333333,-2.25952466666667,-2.80044388888889,3.08217952380952,-47.4872754014364,25.564695,3,1.1338826190476188,-2.574837083333333,1.8138383333333343,-5.657016607142854,-3.9952910443371934
Os2O1S4Te1,4.135185,8.50836388888889,-0.6306925,-1.76364190476191,-1.09744998448252,2.74678222222222,1.297569,1.22188833333333,0.982845555555555,2.71797,1.95233222222222,1.30062333333333,-2.54908933333333,-3.11633388888889,3.13027619047619,-47.3533425781857,23.253635,3,1.1818135714285711,-2.846842500000002,1.8222683333333347,-5.977118690476193,-4.22772617495871
Os2O1Se3Te2,4.127855,7.94778388888889,-0.363828277777778,-1.51699333333333,-0.961885052908345,2.33403222222222,1.098966,0.956996666666667,0.792703333333334,2.26825666666667,1.62888777777778,1.04288166666667,-1.878334,-2.35651111111111,3.21740285714285,-43.6220849081683,26.157605,3,0.8246249999999999,-2.4866816666666667,1.668976666666667,-5.704084523809517,-4.179287910051195
Os2O1Se4Te1,4.07143055555556,7.92912888888889,-0.379053444444444,-1.61420142857143,-1.05618109099734,2.37240888888889,1.11790433333333,0.936406666666667,0.830268333333334,2.33698666666667,1.711315,1.09061583333333,-2.048942,-2.41337444444444,3.22018523809523,-44.1706123877838,26.45702,3,0.8257966666666668,-2.5453729166666665,1.695976666666667,-5.765558154761896,-4.2763663290925695
Os2S3Se1Te2,4.54089544444445,7.93883611111111,-0.143121722222222,-1.17548857142857,-0.718727166600242,2.30046055555556,0.953549333333333,0.763013333333333,0.778262777777778,2.09951666666667,1.60060666666667,1.00944033333333,-1.726452,-1.83349277777778,3.68767380952381,-43.410032685741,27.8933,3,0.8318538095238093,-2.091557083333333,1.2877675000000002,-5.779230892857143,-4.406400976124052
W2O1S1Se3Te1,4.70476611111111,9.48027333333334,0.683953430555556,-1.27149952380953,-0.587493279537677,2.415165,1.22776933333333,1.114415,0.972774444444444,2.32523333333333,1.70071833333333,1.19216083333333,-1.418756,-2.38466166666667,3.56563047619047,-53.2879893006647,25.509195,3,0.9977504761904754,-2.1970429166666663,1.9310525000000007,-5.7626733928571365,-4.153123755728147
Mn2O1S1Se1Te3,5.01390666666667,7.22035,-0.727442305555556,-1.76168904761905,-1.0120781045411,3.28717,1.35668233333333,1.18471333333333,0.886485,2.85996,1.68144166666667,1.30884916666667,-3.34822866666667,-2.79235444444445,3.39488857142857,-46.8972838402397,27.529775,3,1.214217380952381,-3.0501525000000003,1.9191716666666665,-6.44504107142857,-4.40696667596967
Mn2O1S1Se2Te2,5.29199305555556,7.39939333333333,-0.686833680555556,-1.72079047619048,-1.17801349202018,3.37178833333333,1.32073916666667,1.09730833333333,0.900686666666667,2.90238,1.742765,1.19732166666667,-3.56912266666667,-2.90977555555556,3.14585428571429,-50.2794469340123,21.57886,3,1.0947442857142862,-3.2416016666666656,1.89279,-6.387455952380956,-4.32386777773447
Mn2O1S2Se1Te2,5.22894305555556,7.19024666666667,-0.766101055555556,-1.75164476190476,-1.18045693957062,3.52515444444444,1.40393416666667,1.08599333333333,0.916399444444445,2.96458,1.84000944444444,1.39187583333333,-3.78699266666667,-2.99967833333333,3.14225857142857,-49.5788793933983,20.66294,3,1.2336569047619048,-3.303124583333332,2.048251666666667,-6.445383154761902,-4.32271551099919
Os2O1S1Se3Te1,4.01352666666667,8.09090555555556,-0.427119152777778,-1.61903142857143,-1.08420480710292,2.40888111111111,1.111272,0.962635,0.854896666666667,2.35211666666667,1.682025,1.1063225,-2.087638,-2.47744944444444,3.22539809523809,-47.7998638864933,25.41051,3,0.8912564285714287,-2.562189166666666,1.6118475000000003,-5.787587261904756,-4.30960290234101
Os2O1S3Se1Te1,4.06604,8.45458222222222,-0.616231125,-1.78295476190476,-1.05282868410637,2.69530388888889,1.26589366666667,1.07063,0.957262777777777,2.59090666666667,1.94761888888889,1.30623333333333,-2.46075333333333,-3.06567888888889,3.13636904761904,-47.7113262587023,23.76292,3,1.1521773809523803,-2.705577083333334,1.839885833333335,-5.841946130952374,-4.18919773172541
W2O1S1Se3Te1,4.70476611111111,9.48027333333334,0.683953430555556,-1.27149952380953,-0.587493279537677,2.415165,1.22776933333333,1.114415,0.972774444444444,2.32523333333333,1.70071833333333,1.19216083333333,-1.418756,-2.38466166666667,3.56563047619047,-53.2879893006647,25.509195,3,0.9977504761904754,-2.1970429166666663,1.9310525000000007,-5.7626733928571365,-4.153123755728147
Mn2O1S1Se1Te3,5.01390666666667,7.22035,-0.727442305555556,-1.76168904761905,-1.0120781045411,3.28717,1.35668233333333,1.18471333333333,0.886485,2.85996,1.68144166666667,1.30884916666667,-3.34822866666667,-2.79235444444445,3.39488857142857,-46.8972838402397,27.529775,3,1.214217380952381,-3.0501525000000003,1.9191716666666665,-6.44504107142857,-4.40696667596967
Mn2O1S1Se2Te2,5.29199305555556,7.39939333333333,-0.686833680555556,-1.72079047619048,-1.17801349202018,3.37178833333333,1.32073916666667,1.09730833333333,0.900686666666667,2.90238,1.742765,1.19732166666667,-3.56912266666667,-2.90977555555556,3.14585428571429,-50.2794469340123,21.57886,3,1.0947442857142862,-3.2416016666666656,1.89279,-6.387455952380956,-4.32386777773447
Mn2O1S2Se1Te2,5.22894305555556,7.19024666666667,-0.766101055555556,-1.75164476190476,-1.18045693957062,3.52515444444444,1.40393416666667,1.08599333333333,0.916399444444445,2.96458,1.84000944444444,1.39187583333333,-3.78699266666667,-2.99967833333333,3.14225857142857,-49.5788793933983,20.66294,3,1.2336569047619048,-3.303124583333332,2.048251666666667,-6.445383154761902,-4.32271551099919
Os2O1S1Se3Te1,4.01352666666667,8.09090555555556,-0.427119152777778,-1.61903142857143,-1.08420480710292,2.40888111111111,1.111272,0.962635,0.854896666666667,2.35211666666667,1.682025,1.1063225,-2.087638,-2.47744944444444,3.22539809523809,-47.7998638864933,25.41051,3,0.8912564285714287,-2.562189166666666,1.6118475000000003,-5.787587261904756,-4.30960290234101
Os2O1S3Se1Te1,4.06604,8.45458222222222,-0.616231125,-1.78295476190476,-1.05282868410637,2.69530388888889,1.26589366666667,1.07063,0.957262777777777,2.59090666666667,1.94761888888889,1.30623333333333,-2.46075333333333,-3.06567888888889,3.13636904761904,-47.7113262587023,23.76292,3,1.1521773809523803,-2.705577083333334,1.839885833333335,-5.841946130952374,-4.18919773172541
W2O1S1Se3Te1,4.70476611111111,9.48027333333334,0.683953430555556,-1.27149952380953,-0.587493279537677,2.415165,1.22776933333333,1.114415,0.972774444444444,2.32523333333333,1.70071833333333,1.19216083333333,-1.418756,-2.38466166666667,3.56563047619047,-53.2879893006647,25.509195,3,0.9977504761904754,-2.1970429166666663,1.9310525000000007,-5.7626733928571365,-4.153123755728147
Mn2O1S1Se1Te3,5.01390666666667,7.22035,-0.727442305555556,-1.76168904761905,-1.0120781045411,3.28717,1.35668233333333,1.18471333333333,0.886485,2.85996,1.68144166666667,1.30884916666667,-3.34822866666667,-2.79235444444445,3.39488857142857,-46.8972838402397,27.529775,3,1.214217380952381,-3.0501525000000003,1.9191716666666665,-6.44504107142857,-4.40696667596967
Mn2O1S1Se2Te2,5.29199305555556,7.39939333333333,-0.686833680555556,-1.72079047619048,-1.17801349202018,3.37178833333333,1.32073916666667,1.09730833333333,0.900686666666667,2.90238,1.742765,1.19732166666667,-3.56912266666667,-2.90977555555556,3.14585428571429,-50.2794469340123,21.57886,3,1.0947442857142862,-3.2416016666666656,1.89279,-6.387455952380956,-4.32386777773447
Mn2O1S2Se1Te2,5.22894305555556,7.19024666666667,-0.766101055555556,-1.75164476190476,-1.18045693957062,3.52515444444444,1.40393416666667,1.08599333333333,0.916399444444445,2.96458,1.84000944444444,1.39187583333333,-3.78699266666667,-2.99967833333333,3.14225857142857,-49.5788793933983,20.66294,3,1.2336569047619048,-3.303124583333332,2.048251666666667,-6.445383154761902,-4.32271551099919
Os2O1S1Se3Te1,4.01352666666667,8.09090555555556,-0.427119152777778,-1.61903142857143,-1.08420480710292,2.40888111111111,1.111272,0.962635,0.854896666666667,2.35211666666667,1.682025,1.1063225,-2.087638,-2.47744944444444,3.22539809523809,-47.7998638864933,25.41051,3,0.8912564285714287,-2.562189166666666,1.6118475000000003,-5.787587261904756,-4.30960290234101
Os2O1S3Se1Te1,4.06604,8.45458222222222,-0.616231125,-1.78295476190476,-1.05282868410637,2.69530388888889,1.26589366666667,1.07063,0.957262777777777,2.59090666666667,1.94761888888889,1.30623333333333,-2.46075333333333,-3.06567888888889,3.13636904761904,-47.7113262587023,23.76292,3,1.1521773809523803,-2.705577083333334,1.839885833333335,-5.841946130952374,-4.18919773172541
Tc2S7,5.00237944444445,8.38921666666667,-0.164885694444444,-1.59224476190476,-1.02131490687553,2.72581166666666,1.332193,1.14649833333333,0.899361666666667,2.77198333333333,1.88993444444444,1.34772833333333,-2.771064,-2.98213111111111,3.33784571428571,-52.125566245769,31.69175,3,1.297502380952382,-2.5575195833333333,2.060550000000001,-5.895365297619043,-4.35916062116124
Mn2O2Te5,4.81363055555556,7.56063,-0.497949847222222,-1.90906619047619,-1.00813222841666,3.21002055555555,1.54083933333333,1.38677333333333,0.964199444444445,2.81852,1.81740055555556,1.48782666666667,-3.02947333333333,-2.91055,3.13017333333334,-48.9278696196148,38.0714516666667,3,1.2754352380952372,-3.1335495833333344,2.016543333333334,-6.263722916666675,-4.13830556175
Mn2S1Se6,4.82932888888889,7.56416044444444,-0.342857305555556,-1.99908095238095,-1.40813715819014,3.04124888888888,1.55889483333333,1.33603833333333,0.746177222222223,2.82931666666667,1.62725333333333,1.37228416666667,-3.15132,-3.18661166666667,2.90646,-49.1498241042266,33.694265,3,1.289494285714286,-2.753331874999999,1.9038600000000008,-5.659791874999999,-4.31459715819014
Mn2S2Se5,4.77636888888889,7.37316488888889,-0.340425222222222,-2.05587666666666,-1.36731358386701,3.13724777777777,1.60664416666667,1.36938166666667,0.754178888888889,2.87052666666667,1.64441111111111,1.4000075,-3.23792666666667,-3.23349833333333,2.90058714285714,-48.5189990494992,33.74031,3,1.341230952380953,-2.830412291666666,2.1408825000000005,-5.730999434523806,-4.26790072672415
Mn2S3Se4,4.77967166666667,7.47873322222222,-0.352508680555556,-2.08470047619047,-1.3215435364293,3.17679333333333,1.64556716666667,1.43070833333333,0.774398888888889,2.86230666666667,1.81283,1.45934833333333,-3.35417066666667,-3.29354444444444,2.91994380952381,-47.5036086351372,34.15806,3,1.4243019047619048,-2.785021458333332,2.3284575000000007,-5.704965267857142,-4.24148734595311
Mn2S4Te3,4.78217666666667,7.46456888888889,-0.350363180555556,-1.83897238095238,-1.03674175044432,2.82972333333333,1.481266,1.35391333333333,0.826965555555556,2.79753333333333,1.84077055555555,1.48987916666667,-3.05152466666667,-3.15055833333333,2.92687428571428,-47.232971167964,33.37697,3,1.3935700000000004,-3.010412291666667,2.065981666666667,-5.937286577380947,-3.9636160361586
Mn2S5Te2,4.63388222222222,7.68093833333333,-0.358333236111111,-1.90761,-1.03115521684669,2.97462666666666,1.59326,1.60753166666667,0.887023333333333,2.99364333333333,2.13831333333333,1.48100083333333,-3.26409333333333,-3.31011666666667,2.86606238095238,-46.4703322196382,32.377165,3,1.5688871428571425,-3.202212291666667,2.309848333333334,-6.068274672619047,-3.89721759779907
Tc2O3Te4,4.2046525,8.05591611111111,-0.305258305555555,-2.05458,-0.867268245565983,2.58707333333333,1.357157,1.22004166666667,0.99652,1.88854,1.75403222222222,1.3017775,-2.183566,-2.91949277777778,3.10395238095238,-55.8409145316373,35.06093,3,1.13413880952381,-2.9722087500000005,1.7433941666666672,-6.07616113095238,-3.971220626518363
Tc2S6Se1,5.04831444444445,8.45209333333333,-0.0998856666666666,-1.59060047619047,-0.963199781130438,2.65232166666667,1.26976633333333,1.20783833333333,0.892314444444444,2.70712333333333,1.66893944444444,1.25316166666667,-2.624912,-2.91961111111111,3.39534571428571,-50.6903873722653,32.15923,3,1.2518766666666672,-2.476105833333333,2.0718008333333344,-5.871451547619043,-4.358545495416148
Tc2S6Te1,4.96464555555556,8.85389833333333,-0.0289422499999999,-1.58336047619048,-0.93468588383739,2.41009722222222,1.15815333333333,1.02157833333333,0.912576111111111,2.38003666666667,1.68691166666667,1.145755,-2.329562,-2.71590222222223,3.31748333333333,-50.9459936013093,32.906975,3,1.099728571428572,-2.472433333333333,1.702530000000001,-5.789916666666663,-4.25216921717072
Fe2S3Se4,5.50882166666667,7.12851388888889,-0.371204722222222,-1.77487142857143,-1.43488895640002,2.81344944444445,1.52480633333333,1.29554133333333,0.859545555555556,2.48893,1.87764611111111,1.34170291666667,-2.99015066666667,-3.41589555555555,2.96985285714286,-41.7970986968081,34.028895,3,1.2580887619047627,-3.1141933333333327,2.221667500000001,-6.084046190476193,-4.404741813542881
Fe2S4Te3,5.43628166666667,7.09256944444444,-0.3581365,-1.64022904761905,-0.905152739833886,2.64175888888889,1.31289093333333,1.26558333333333,0.896724444444444,2.64201666666667,2.02068388888889,1.39880183333333,-2.800222,-3.15280944444445,2.88678142857143,-42.4087938300882,34.22598,3,1.2460347619047631,-3.2257483333333337,2.0982008333333333,-6.112529761904764,-3.791934168405316
Os2O1Se6,4.79970222222223,8.79807333333334,-0.251782152777778,-1.9527580952381,-1.10294382126831,2.48791166666667,1.31971566666667,1.30321166666667,0.820567777777778,2.33699,1.65338944444444,1.3513675,-2.07371,-2.93953555555555,3.04376571428571,-45.6771374413823,35.36726,3,1.0382345238095243,-2.6662474999999994,1.5827575000000005,-5.710013214285709,-4.14670953555402
Os2O2Se5,4.644535,8.62271666666667,-0.415213236111111,-2.17245571428571,-1.15950252010473,2.62743833333333,1.469932,1.46875166666667,0.86315,2.46598,1.79266611111111,1.6199975,-2.397636,-3.58267833333333,3.03211095238095,-48.8355789027682,34.46879,3,1.2521797619047617,-2.9959879166666665,1.9004483333333333,-6.028098869047616,-4.19161347248568
Os2O3Te4,4.69482583333333,8.23114222222222,-0.431653791666667,-2.01303285714286,-0.693854494946098,2.44299444444444,1.4503564,1.149355,0.737613333333333,2.06297,1.65490166666667,1.45739,-1.84484933333333,-2.96487666666666,3.07476952380952,-50.9150841910254,37.948525,3,1.1475949999999997,-2.7729975,1.6538166666666672,-5.84776702380952,-3.768624018755618
Mn2O1S1Te5,4.907525,7.81262166666667,-0.425577986111111,-1.84519857142857,-1.12611151536785,2.80213888888889,1.37488383333333,1.19887,0.882876666666667,2.63108,1.65835444444444,1.40906916666667,-2.92065266666667,-2.83576833333333,3.16013523809524,-50.7125397825006,38.5090616666667,3,1.0960533333333338,-2.9275075,1.888418333333333,-6.08764273809524,-4.2862467534630895
Mn2O1S2Te4,4.91898777777778,7.92744166666667,-0.506322736111111,-1.94864095238095,-0.982356616604461,3.23247944444444,1.46903533333333,1.14343666666667,0.90468,2.7289,1.77446611111111,1.39649,-3.08126866666667,-2.90298222222222,3.25471666666667,-50.9023536624894,37.0064166666666,3,1.265062857142857,-3.108511666666668,2.0362050000000003,-6.363228333333338,-4.237073283271132
Mn2O1S3Te3,4.89814583333333,7.93856166666667,-0.501437361111111,-2.01055571428571,-0.957701546269288,3.40356888888889,1.551271,1.33066666666667,0.939222777777778,2.95383,1.93727333333333,1.50115083333333,-3.507238,-3.262055,3.12828,-53.0232464147331,31.3478733333333,3,1.441178095238095,-3.366311250000001,2.259014166666667,-6.494591250000001,-4.085981546269288
Mn2O1Se2Te4,4.91806722222222,7.57792944444444,-0.403972152777777,-1.90879619047619,-1.01324551104702,2.86706555555556,1.39921983333333,1.20465,0.879261666666666,2.63518,1.66462888888889,1.33358583333333,-2.96835933333333,-2.847035,3.16626428571429,-49.0793179467289,38.2516966666667,3,1.1514466666666672,-3.022668333333334,1.882455,-6.188932619047624,-4.17950979676131
Mn2O1Se3Te3,4.82647194444444,7.82580611111111,-0.433903194444444,-1.99400285714286,-1.09701129656517,2.97209388888889,1.41802366666667,1.27967,0.868755,2.71747,1.71286277777778,1.3715775,-3.15844866666667,-3.11900611111111,3.10774904761905,-51.3357348585608,36.8717666666667,3,1.2090861904761905,-3.1913133333333352,2.0842525000000016,-6.299062380952385,-4.20476034418422
Mn2O1Se4Te2,4.62899972222222,7.32223833333333,-0.434501819444444,-2.15239571428571,-1.07047796772188,3.27557444444444,1.57936066666667,1.43385,0.940385,2.91576,2.09640722222222,1.3448375,-3.39407666666667,-3.27987333333333,2.60268333333333,-50.8083365378036,34.7680616666667,3,1.4067757142857134,-3.492677083333334,2.337062500000001,-6.095360416666664,-3.6731613010552095
Mn2O1Se5Te1,4.71767416666667,7.362615,-0.420523694444444,-2.22488619047619,-1.15570970215869,3.43816444444445,1.584679,1.51740666666667,0.961012222222222,2.98768,2.13130888888889,1.45212583333333,-3.57085866666667,-3.38917833333333,2.66344761904762,-51.2593624257792,32.5889266666667,3,1.4476261904761905,-3.52968375,2.467138333333334,-6.19313136904762,-3.81915732120631
Mn2O2Se1Te4,4.93968944444445,7.53553944444445,-0.530565875,-1.94535238095238,-0.919312526376088,3.46976222222222,1.53394733333333,1.40384166666667,0.965940555555556,2.88796,1.81667666666667,1.46741333333333,-3.16198933333333,-3.03845555555555,3.14057380952381,-50.2749544052919,36.5165116666667,3,1.3208061904761903,-3.279412499999999,2.14198,-6.419986309523809,-4.059886335899898
Mn2O2Se2Te3,4.84146166666667,7.41093111111112,-0.493179041666667,-2.06193666666667,-0.79165969258985,3.57860166666667,1.546782,1.48282666666667,0.992740555555556,3.01361,1.97935166666667,1.52374333333333,-3.309612,-3.17517722222222,3.13192380952381,-51.1635261078341,34.7938233333333,3,1.4194347619047618,-3.3609170833333333,2.2387783333333333,-6.492840892857144,-3.92358350211366
Mn2S2Se4Te1,4.80643027777778,7.752365,-0.322610680555556,-1.94239714285714,-1.1083615467832,2.78277944444444,1.45550466666667,1.19341333333333,0.730612222222223,2.58925666666667,1.62090833333333,1.32048083333333,-3.01127666666667,-2.98386666666667,2.91248571428571,-48.506986226264,33.46295,3,1.2279114285714288,-2.9001264583333324,1.9679616666666664,-5.812612172619042,-4.02084726106891
Mn2S3Se2Te2,4.72698888888889,7.55607,-0.326267097222222,-1.92101142857143,-0.944805642609592,2.85789166666667,1.53325533333333,1.44709,0.871021666666667,2.86775333333333,1.88516111111111,1.43841916666667,-3.05551533333333,-3.20314888888889,2.83497380952381,-48.2564216580787,33.42994,3,1.3850865714285714,-3.0963293750000003,2.0685108333333333,-5.93130318452381,-3.779779452133402
Mn2S3Se3Te1,4.76232694444444,7.752535,-0.330865861111111,-1.97256904761905,-1.04827965433213,2.88501611111111,1.56206433333333,1.32737833333333,0.753055,2.69823666666667,1.71311666666667,1.47871916666667,-3.18432866666667,-3.09510388888889,2.91140857142857,-49.597662902578,32.75264,3,1.4335676190476194,-3.052394791666666,2.017005,-5.963803363095236,-3.9596882257607
Mn2S4Se1Te2,4.56158222222222,7.53880666666667,-0.358608111111111,-1.91288095238095,-0.970347572548521,2.92999833333333,1.572781,1.55148333333333,0.873143333333334,2.97917333333333,1.95419111111111,1.51357166666667,-3.185736,-3.25906666666667,2.83997523809524,-47.2673423315653,33.077945,3,1.485015238095238,-3.1718727083333333,2.090640833333333,-6.011847946428573,-3.8103228106437608
Mn2S4Se2Te1,4.75858388888889,7.54206333333333,-0.340446194444444,-1.99911523809524,-1.14388022162566,3.06109833333333,1.66369666666667,1.53384666666667,0.873188333333334,2.99413666666667,2.10478444444444,1.481565,-3.32245466666667,-3.38331333333333,2.86620238095238,-47.4721820872329,32.550245,3,1.5842599999999996,-3.2620085416666664,2.441335000000001,-6.128210922619046,-4.01008260257804
Tc2O1S3Te3,4.46642638888889,8.88133166666667,-0.1239185,-1.85540333333334,-0.915728281404076,2.36202666666667,1.25009166666667,1.11636,0.959724444444444,1.9595,1.67505388888889,1.19003083333333,-2.05806666666667,-2.76544444444444,3.30156666666667,-57.0094897952904,33.88689,3,0.9735457142857142,-2.7117175000000024,1.7930891666666673,-6.013284166666672,-4.217294948070746
Tc2O2S1Te4,4.24855055555556,8.36456944444444,-0.168469416666667,-1.89487761904762,-0.872132699988199,2.33379666666667,1.190364,1.076985,0.972749444444444,1.89495,1.68588722222222,1.1184925,-1.963066,-2.60163944444444,3.18800095238095,-56.9610420562697,36.00382,3,0.9418128571428568,-2.736753750000001,1.6524183333333335,-5.924754702380951,-4.0601336523691485
Tc2O2S2Te3,4.504595,8.43366611111111,-0.236770916666667,-2.00093619047619,-0.948621459643999,2.50134166666666,1.24816666666667,1.07566,0.966396111111111,2.03322,1.62881388888889,1.255405,-2.259516,-2.79562611111111,3.19548142857143,-57.8196164753432,32.8904816666667,3,1.027929047619048,-2.824696250000001,1.782048333333333,-6.020177678571431,-4.1441028882154285
Tc2O1Se4Te2,4.63870844444445,8.93034777777778,-0.0690471666666667,-1.8909480952381,-1.01539815222572,2.214265,1.200306,1.08392333333333,0.977665555555555,1.76255,1.65530222222222,0.961678333333333,-1.959918,-2.82915277777778,2.90331095238095,-54.2180546032887,35.3780566666666,3,0.9176238095238084,-2.769914166666668,1.8471,-5.673225119047618,-3.9187091046066698
Tc2O1Se5Te1,4.60225011111111,8.86911111111111,-0.0511564166666667,-1.96521666666667,-0.98608816534178,2.29587833333333,1.29030033333333,1.152855,0.993577777777777,1.90518,1.70047333333333,1.05367583333333,-2.047814,-2.95121833333333,2.94444380952381,-54.6282550995433,34.0273166666667,3,0.9822585714285712,-2.921030833333336,1.8394925000000004,-5.865474642857146,-3.93053197486559
Tc2O2Se2Te3,4.35214055555556,8.34374111111111,-0.120791458333333,-1.91070904761905,-0.946733236158648,2.34086833333333,1.24686933333333,1.156535,0.960216111111111,1.96533,1.67327888888889,1.14703333333333,-1.998694,-2.67599444444445,3.20745666666667,-55.0819673428079,36.2076216666667,3,0.9847333333333332,-2.863500000000002,1.7872608333333335,-6.070956666666672,-4.154189902825318
Tc2S4Se2Te1,4.97036222222222,8.99001833333333,0.0518296249999999,-1.52292619047619,-0.940582861561412,2.34839611111111,1.082524,1.037865,0.873396111111111,2.39137666666667,1.6875,1.01879416666667,-2.109704,-2.568215,3.34197619047619,-52.0666434146934,33.456855,3,1.000635904761905,-2.3753345833333346,1.6129950000000008,-5.717310773809524,-4.282559052037602
Tc2S5Se1Te1,4.96845722222222,9.01624833333333,0.025444375,-1.54249761904762,-0.93468588383739,2.35075388888889,1.12569133333333,1.022245,0.894599444444444,2.35615666666667,1.61031666666667,1.0590875,-2.223984,-2.62394,3.33145619047619,-51.4651320481231,33.07015,3,1.0203700000000004,-2.440722500000001,1.6433575000000007,-5.772178690476191,-4.2661420743135805
Re2O2S1Se4,5.09740055555556,9.56359000000001,-0.270838041666667,-2.08549571428572,-1.32757390905807,2.770845,1.487224,1.384935,0.985295555555556,2.58202,1.81487333333333,1.5923225,-2.31184266666667,-3.49088555555555,3.07766666666666,-56.462033411345,32.26413,3,1.332266428571429,-3.0393712499999994,2.119766666666668,-6.117037916666659,-4.40524057572473
Re2O3S1Te3,5.01381733333333,8.96563222222222,-0.283916041666667,-1.97199857142857,-1.15423600021246,2.58206944444444,1.70758033333333,1.621015,0.920634444444444,2.26045,1.87054111111111,1.8668725,-1.97495133333333,-3.26229333333333,3.18863095238095,-61.7336439371268,34.695405,3,1.4791826190476185,-2.8830341666666666,2.029255,-6.0716651190476165,-4.34286695259341
Re2O2Se3Te2,5.30551622222222,8.86248833333334,-0.154709666666667,-1.9056480952381,-1.33746323235183,2.39532666666666,1.30453766666667,1.13273333333333,0.953175555555556,2.21556666666667,1.60498333333333,1.332835,-1.726252,-3.02593166666667,2.97708761904762,-54.7431316014708,35.11028,3,1.1206016666666667,-2.9709854166666667,1.9034950000000008,-5.948073035714287,-4.31455085139945
Re2O2Se4Te1,5.23690066666666,9.09505666666667,-0.167813680555556,-1.98767666666667,-1.41441666263875,2.506825,1.378228,1.09795833333333,0.967296111111111,2.3836,1.66474833333333,1.3516775,-1.909566,-3.20161055555555,2.99357809523809,-55.3225473985069,34.529675,3,1.215176904761906,-3.016921666666667,1.9381825000000008,-6.010499761904757,-4.40799475787684
Re2O3Se1Te3,5.01780622222222,8.84074555555555,-0.240063458333333,-1.95744142857143,-1.1698044721566,2.51967166666666,1.73580266666667,1.670885,0.911283888888889,2.16133,1.81254611111111,1.761845,-1.83766266666667,-3.18793277777778,3.18379476190476,-57.6498206914761,35.454185,3,1.4492264285714278,-2.8908829166666665,1.9443875,-6.074677678571426,-4.35359923406136
Fe2O1S1Te5,5.27482661111111,7.98993888888889,-0.452492152777778,-1.82251,-1.20706646414632,2.49990777777778,1.2150365,0.933983333333333,0.931682777777778,2.47786666666667,1.74891166666667,1.26169166666667,-2.83884933333333,-2.84902555555555,3.1570080952381,-44.2960953698882,38.29358,3,1.0017024761904767,-3.2545470833333336,1.90104,-6.411555178571433,-4.36407455938442
Fe2O1S2Te4,5.08302027777778,8.29189166666667,-0.516760902777778,-1.89239809523809,-1.14493495280854,2.67246,1.29429033333333,0.869648333333334,0.983619444444445,2.42846,1.90856888888889,1.20399041666667,-2.96514466666667,-3.02430944444444,3.16035857142857,-44.5105212677968,37.25822,3,1.1091490476190484,-3.53307125,2.004700000000001,-6.69342982142857,-4.3052935242371095
Fe2O1Se2Te4,5.26011161111111,7.99298777777778,-0.430012597222222,-1.84110428571428,-1.07025482054933,2.55115444444444,1.25953666666667,0.807003333333334,0.919591666666666,2.56144666666667,1.83339333333333,1.24343708333333,-2.865396,-2.89216166666667,3.13796571428572,-42.563554465113,38.732735,3,1.037128095238096,-3.3532908333333338,1.932744166666667,-6.491256547619054,-4.20822053483505
Fe2O1Se3Te3,4.82209777777778,8.38232611111111,-0.448261,-1.99993952380952,-1.13425086099168,2.70193666666667,1.23059133333333,0.815855,0.930745555555556,2.57181666666667,1.89691611111111,1.19689041666667,-3.00245133333333,-3.25401388888889,3.03041104761905,-44.6379938455235,36.666475,3,1.0505114285714294,-3.5929220833333324,2.005302500000001,-6.623333130952382,-4.16466190861073
Fe2S1Se4Te2,5.58145055555555,8.06099333333333,-0.289365666666667,-1.61755476190476,-0.963447442948527,2.42370777777778,1.16379893333333,1.00454166666667,0.759222777777778,2.21935,1.64799666666667,1.16072641666667,-2.501902,-2.81240555555556,2.9630019047619,-43.6221590944247,35.763655,3,0.931483333333334,-3.0123412499999995,1.8173375,-5.9753431547619,-3.926449347710427
Fe2S1Se5Te1,5.60007444444444,7.97681333333333,-0.330920194444444,-1.60232095238095,-1.06696184754962,2.50329166666667,1.20205993333333,1.07354,0.773650555555556,2.26414,1.70104055555556,1.13495375,-2.62798,-2.95280333333333,2.98526476190476,-43.8895402883006,34.96528,3,1.0026309523809531,-3.0055277083333336,1.919181666666667,-5.990792470238094,-4.05222660945438
Fe2S2Se3Te2,5.50283111111111,7.85024,-0.325738458333333,-1.6286880952381,-0.887059934401792,2.48281555555556,1.18104193333333,1.01210833333333,0.774468333333334,2.16278,1.70734,1.14086975,-2.578806,-2.89594666666667,2.92691714285714,-43.0971031798796,34.91278,3,0.975699047619048,-3.045473958333333,1.8799258333333333,-5.972391101190473,-3.813977077258932
Fe2S2Se4Te1,5.54543444444444,7.58148666666667,-0.348557458333333,-1.66778857142857,-1.04818807921013,2.59090888888889,1.26659693333333,1.13108,0.80422,2.24478,1.80923888888889,1.13519125,-2.75836666666667,-3.02878666666667,2.95770285714286,-43.4659845306985,34.42616,3,1.0786652380952395,-3.1633235416666667,2.0996366666666666,-6.121026398809526,-4.00589093635299
Fe2S3Se1Te3,5.62491855555555,8.14194222222222,-0.285566416666667,-1.5927719047619,-0.994521952139495,2.38944944444444,1.17464386666667,0.842238333333333,0.692822222222222,2.2658,1.60904833333333,1.16300558333333,-2.55138333333333,-2.70230777777778,3.23959628571429,-44.1498184416265,34.58108,3,0.9642638095238106,-2.963546458333332,1.7485016666666666,-6.203142744047622,-4.234118237853785
Fe2S3Se2Te2,5.39084666666667,7.35303166666667,-0.326484541666667,-1.67429714285714,-1.05837497356144,2.70322,1.3659696,1.294055,0.897038333333333,2.68931666666667,2.00812,1.34608933333333,-2.823348,-3.24363222222222,2.81821047619048,-43.407370181314,34.117395,3,1.228430000000001,-3.358889583333334,2.1401141666666668,-6.177100059523815,-3.87658544975192
Fe2S3Se3Te1,5.51930166666667,7.44840166666666,-0.375196666666667,-1.67464380952381,-1.04503610158022,2.67713555555556,1.41600993333333,1.16192833333333,0.836766111111111,2.48732,1.96513611111111,1.37502791666667,-2.89468666666667,-3.18787333333333,2.94846714285714,-44.7511552179304,34.098305,3,1.2830190476190484,-3.314470416666667,2.20098,-6.262937559523807,-3.99350324443736
Fe2S4Se1Te2,5.42161777777778,7.269935,-0.360804958333333,-1.68395095238095,-1.06360721426959,2.73825944444444,1.4611426,1.43527166666667,0.906408333333333,2.72448666666667,2.07579888888889,1.40705683333333,-2.904844,-3.29997055555556,2.81852142857143,-42.4812056902169,33.82667,3,1.3353595238095248,-3.416605000000002,2.191794166666667,-6.235126428571432,-3.88212864284102
Os2O1S1Se5,4.77035611111112,8.84993666666667,-0.284721902777778,-1.98863428571429,-1.21940738392489,2.51614,1.385977,1.37733,0.865357222222223,2.30436,1.63977777777778,1.45516833333333,-2.173938,-2.95747166666666,3.04703238095238,-50.2645836027953,35.326335,3,1.0590930952380957,-2.7128870833333334,1.5331391666666674,-5.759919464285714,-4.26643976487727
Os2O1S2Se4,4.66442944444445,8.78381166666667,-0.366569069444444,-2.07557285714286,-1.26133745508561,2.57941666666667,1.42906566666667,1.3774,0.872523333333333,2.36853,1.63694777777778,1.474645,-2.309834,-3.09495722222222,3.05560952380952,-50.012057170557,33.88411,3,1.1412940476190474,-2.801940833333332,1.545229166666668,-5.857550357142852,-4.31694697889513
Os2O2S1Se4,4.57960111111111,8.63994,-0.405362402777778,-2.25946,-1.17390626133938,2.70165,1.551314,1.45639666666667,0.925823333333334,2.50311,1.85053722222222,1.60629833333333,-2.52944666666667,-3.67926166666666,3.03449666666666,-53.3024208286165,33.50576,3,1.2535745238095244,-3.219372083333332,1.931508333333334,-6.253868749999992,-4.20840292800604
Os2O2S2Se3,4.59034111111111,8.65195833333333,-0.439109638888889,-2.30117285714286,-1.23294023352169,2.756495,1.58329,1.49761666666667,0.93951,2.61889,1.88174388888889,1.66659333333333,-2.69027333333333,-3.76730944444444,3.01599333333333,-53.0160213111623,34.362255,3,1.2876864285714285,-3.2651754166666653,2.036180833333334,-6.281168749999996,-4.24893356685502
Os2O1S3Te3,4.49885805555556,8.81392333333333,-0.274882208333333,-1.82386095238095,-0.943320927438606,2.27400833333333,1.19835266666667,1.05687833333333,0.754532777777778,2.08273,1.626435,1.30724,-1.76361066666667,-2.49224944444444,3.26435333333333,-53.4400102572428,37.26516,3,1.0325678571428571,-2.4428350000000005,1.620445,-5.707188333333331,-4.207674260771936
Os2O1S4Te2,4.48871833333334,8.53757,-0.328058069444444,-1.91710904761905,-0.983702912678913,2.59250666666667,1.424971,1.19528,0.955905555555555,2.47943666666667,1.98945,1.45073,-2.30541133333333,-3.35649722222222,2.89460142857142,-52.8389247912607,34.74465,3,1.251040238095238,-2.80954125,1.8291508333333344,-5.70414267857142,-3.878304341250333
Os2O2S3Te2,4.55626166666667,8.61175333333333,-0.447029569444444,-2.16854238095238,-0.958438812779583,2.73987,1.48668866666667,1.42209833333333,0.988019444444444,2.74481,2.04847277777778,1.62333416666667,-2.49132733333333,-3.86180388888889,2.83411952380952,-56.259871854493,33.429185,3,1.3842459523809525,-3.2038799999999994,2.179685000000001,-6.037999523809519,-3.792558336589103
Os2O3S1Te3,4.74063722222222,8.75725388888889,-0.500715791666667,-2.13232904761905,-1.04096002379393,2.57430111111111,1.70627433333333,1.522275,0.756642777777777,2.21356,1.73234166666667,1.83663666666667,-2.171726,-3.38134666666667,3.12453904761905,-57.9530439185026,34.47797,3,1.4394978571428558,-3.116705833333335,1.9652033333333336,-6.241244880952385,-4.16549907141298
Os2O1Se5Te1,4.48831166666667,8.59283,-0.213356,-1.85173952380952,-1.03293034492508,2.36514166666667,1.26060666666667,1.11448166666667,0.830293888888889,2.18945666666667,1.70992222222222,1.322555,-1.880676,-2.78719333333333,2.96563714285714,-49.2241250853502,36.756765,3,0.9687107142857148,-2.783564583333333,1.6581625000000009,-5.749201726190472,-3.99856748778222
Os2O2Se3Te2,4.61963555555556,8.12501,-0.314238361111111,-1.96640904761905,-1.08104834591267,2.45108666666666,1.33934866666667,1.23302833333333,0.867492777777778,2.24577666666667,1.79072333333333,1.37858666666667,-2.028054,-3.14020555555555,2.95203714285714,-50.9829430877457,36.75589,3,1.0971945238095235,-2.896670833333332,1.7603466666666674,-5.848707976190472,-4.03308548876981
Os2O2Se4Te1,4.52582,8.17960166666667,-0.342788652777778,-2.05937476190476,-1.10814210503104,2.51711333333333,1.384157,1.21961,0.898315555555556,2.40103666666667,1.80973333333333,1.43848916666667,-2.208448,-3.41734888888889,2.97764476190476,-51.7910155295459,35.319265,3,1.192215,-3.082079583333333,1.8513791666666684,-6.059724345238093,-4.0857868669358
Os2O3Se1Te3,4.69604277777778,8.56590722222222,-0.458441375,-2.13909428571429,-1.01045844212645,2.52907111111111,1.73491333333333,1.51036,0.751659444444444,2.10983,1.75623,1.80041666666667,-2.02976,-3.31753111111111,3.11863095238095,-53.7347247500255,34.918305,3,1.39959738095238,-2.9841854166666684,1.8299408333333336,-6.102816369047618,-4.1290893945074
Mn2O1S1Se1Te4,4.87709,7.51595833333333,-0.451337569444444,-1.87281952380952,-0.949989256504695,3.02349722222222,1.42141666666667,1.19743,0.867136666666667,2.67749,1.68948166666667,1.39953583333333,-3.01084933333333,-2.851055,3.23012285714286,-51.4798609217727,37.4679316666667,3,1.1885200000000005,-3.031762916666667,1.9801433333333336,-6.261885773809527,-4.180112113647555
Mn2O1S1Se2Te3,4.78508666666667,7.65518166666667,-0.462327861111111,-1.92326190476191,-0.896648994904025,3.12831,1.483633,1.197505,0.905037777777778,2.78049,1.79134,1.42311166666667,-3.11217666666667,-2.95337555555556,3.20365857142857,-52.0664595865894,36.2080766666667,3,1.2529442857142856,-3.150016666666668,2.0374966666666667,-6.353675238095239,-4.100307566332595
Mn2O1S1Se3Te2,4.51830527777778,7.471365,-0.455299819444444,-2.19644,-1.06318450840569,3.43731555555556,1.60423166666667,1.47415,0.965790555555556,3.03996,2.14225111111111,1.38151166666667,-3.48763933333333,-3.35112333333333,2.62041619047619,-53.187113481225,32.5617466666667,3,1.468213809523809,-3.5270612500000005,2.431759166666668,-6.147477440476191,-3.68360069888188
Mn2O1S2Se1Te3,4.93304611111111,7.714195,-0.467743986111111,-1.96495666666667,-0.994296801747426,3.31791555555555,1.514948,1.19521833333333,0.910246666666666,2.84173,1.85738666666667,1.4497875,-3.25401,-2.97876944444444,3.20294142857143,-51.5119961295549,33.6765716666667,3,1.3188852380952385,-3.220280833333335,2.0308541666666664,-6.423222261904765,-4.197238230318856
Mn2O1S2Se2Te2,5.25561694444444,7.810255,-0.439326444444444,-2.01731857142857,-0.633500221889033,3.34151888888889,1.46203366666667,1.18094833333333,0.942534444444444,2.88778,1.96612388888889,1.40648166666667,-3.49085333333333,-3.27300777777778,3.00654952380952,-55.3023052402232,29.507005,3,1.3060614285714285,-3.434552083333333,2.1021766666666664,-6.441101607142853,-3.640049745698553
Tc2O1S1Se3Te2,4.571475,8.83390777777778,-0.0940726666666666,-1.90624380952381,-1.00548912110015,2.25108333333333,1.21752933333333,1.137825,0.999743888888889,1.78311,1.69373722222222,1.033205,-2.023058,-2.88078277777778,2.91669095238095,-56.5713983185623,34.37342,3,0.9556423809523806,-2.854367916666668,1.9478475000000008,-5.771058869047618,-3.9221800734811
Tc2O1S2Se2Te2,4.85791638888889,8.56660333333333,-0.0769256666666667,-1.73064190476191,-0.838790275798099,2.255975,1.2603345,1.191765,0.953380555555555,1.87926,1.75984666666667,1.1237775,-2.054308,-2.76542277777778,3.43755476190476,-58.9536235708485,31.57689,3,0.949226666666666,-2.741113750000001,1.7888300000000006,-6.178668511904761,-4.276345037702859
Tc2O2S1Se1Te3,4.41769555555556,8.32208944444444,-0.1713995,-1.94991904761905,-0.970299258536083,2.37871333333333,1.23531533333333,1.06012,0.975288888888889,1.98319,1.65931555555556,1.20943,-2.106828,-2.74247944444445,3.16729428571428,-57.7868470747165,34.5896516666667,3,0.9912376190476192,-2.7625262500000023,1.7647633333333337,-5.929820535714282,-4.137593544250363
Tc2O2S1Se2Te2,4.93302361111111,8.29452111111111,-0.230756916666667,-1.86536619047619,-0.931235116192993,2.47198833333333,1.482997,1.46194666666667,0.960199444444444,1.98218,1.92015833333333,1.53943166666667,-2.30127466666667,-3.04509166666667,3.36267333333333,-60.0959554507292,29.6039516666667,3,1.152099047619047,-2.965947500000001,2.0207908333333338,-6.32862083333333,-4.293908449526323
Tc2O2S2Se1Te2,4.84507583333333,8.67873611111111,-0.250578652777778,-1.9225019047619,-0.888092354768707,2.53177666666666,1.50065533333333,1.46771666666667,0.981901111111111,1.94839,1.97008333333333,1.54324916666667,-2.37817466666667,-3.13637111111111,3.39293476190476,-60.1398394031002,27.6737466666667,3,1.2313142857142851,-2.9442637500000006,1.9455258333333336,-6.337198511904761,-4.281027116673467
Re2O2S1Se3Te1,5.23078,9.33840333333333,-0.234480083333333,-2.02461095238095,-1.3616267110809,2.57576666666667,1.39473066666667,1.06663833333333,0.970122777777778,2.34798,1.77347666666667,1.4695425,-2.036688,-3.34818722222222,3.02829809523809,-59.012083030557,33.14642,3,1.290412142857144,-3.091260416666667,2.007662500000001,-6.119558511904756,-4.38992480631899
Fe2O1S1Se1Te4,5.11387027777778,7.97239833333334,-0.463409277777778,-1.85355285714286,-1.16783664407605,2.59914555555556,1.26733633333333,0.867198333333334,0.940878888888889,2.51189,1.83616166666667,1.26190041666667,-2.91157866666666,-2.98825888888889,3.14833857142857,-45.0923772898821,38.33317,3,1.0278719047619052,-3.4398075,1.9139233333333348,-6.58814607142857,-4.31617521550462
Os2O1S1Se3Te2,4.51707722222222,8.62181833333333,-0.209545472222222,-1.84170047619048,-0.995328941140273,2.25923833333333,1.23330633333333,1.022085,0.838126666666667,2.13431666666667,1.73751722222222,1.2511,-1.825664,-2.74419611111111,2.98211666666666,-52.6366877761293,36.92339,3,0.9643307142857144,-2.6824108333333334,1.677525,-5.664527499999993,-3.977445607806933
Os2O1S1Se4Te1,4.46521333333334,8.388805,-0.266492625,-1.86245428571428,-1.04256648687941,2.37522166666667,1.265833,1.032955,0.861696666666667,2.21251666666667,1.68774722222222,1.3773425,-1.932128,-2.87281833333333,2.98585285714285,-53.0209107238922,35.394675,3,1.04565261904762,-2.8621325,1.645215000000001,-5.84798535714285,-4.02841934402226
Os2O1S2Se3Te1,4.487765,8.429205,-0.288001569444444,-1.90014523809524,-1.10138616783136,2.42165,1.32591266666667,1.116515,0.865783333333333,2.28031666666667,1.72704722222222,1.3594625,-2.059732,-2.88420444444444,2.99636428571428,-52.8496593537267,34.871095,3,1.07041880952381,-2.865778333333334,1.654075000000001,-5.862142619047614,-4.09775045354564
Os2O1S3Se1Te2,4.61389888888889,8.38701833333333,-0.308541069444445,-1.89136,-0.982569888530317,2.50612666666667,1.375172,1.17209,0.961487222222222,2.51641666666667,1.97690333333333,1.38911333333333,-2.13334466666667,-3.25281555555555,2.89880571428571,-53.0198529462372,35.34472,3,1.222879761904761,-2.7699641666666674,1.7771783333333335,-5.668769880952377,-3.881375602816027
Os2O1S3Se2Te1,4.42195722222222,8.59053833333333,-0.338777527777778,-1.97614809523809,-1.07287191173334,2.59159166666667,1.47487433333333,1.20864,0.973181666666666,2.49222666666667,1.99275,1.5293875,-2.37966733333333,-3.39543222222222,2.89043857142857,-53.2508192699964,34.49226,3,1.2569978571428568,-2.931958333333335,1.8631758333333348,-5.822396904761905,-3.96331048316191
Os2O1S4Se1Te1,4.30294333333334,8.53735166666667,-0.419439069444444,-2.04904714285714,-1.04006481477793,2.62566666666667,1.498397,1.26035666666667,0.994298333333333,2.6617,2.03060166666667,1.56344833333333,-2.43373933333333,-3.53186055555555,2.90305285714285,-52.9492996454303,34.438005,3,1.302385,-3.0714658333333347,2.017730833333334,-5.974518690476184,-3.94311767192078
Os2O2S1Se3Te1,4.43024944444445,8.44110166666667,-0.416890527777778,-2.11177142857143,-1.00978044831393,2.56793666666666,1.43449666666667,1.26689333333333,0.893377777777778,2.39918666666667,1.83404333333333,1.6045275,-2.299204,-3.46205833333333,2.99424238095238,-55.7750822051376,34.392135,3,1.2166402380952377,-3.2026508333333323,1.917509166666668,-6.196893214285712,-4.00402282926631
Mn2O1S1Se1Te4,4.87709,7.51595833333333,-0.451337569444444,-1.87281952380952,-0.949989256504695,3.02349722222222,1.42141666666667,1.19743,0.867136666666667,2.67749,1.68948166666667,1.39953583333333,-3.01084933333333,-2.851055,3.23012285714286,-51.4798609217727,37.4679316666667,3,1.1885200000000005,-3.031762916666667,1.9801433333333336,-6.261885773809527,-4.180112113647555
Mn2O1S1Se2Te3,4.78508666666667,7.65518166666667,-0.462327861111111,-1.92326190476191,-0.896648994904025,3.12831,1.483633,1.197505,0.905037777777778,2.78049,1.79134,1.42311166666667,-3.11217666666667,-2.95337555555556,3.20365857142857,-52.0664595865894,36.2080766666667,3,1.2529442857142856,-3.150016666666668,2.0374966666666667,-6.353675238095239,-4.100307566332595
Mn2O1S1Se3Te2,4.51830527777778,7.471365,-0.455299819444444,-2.19644,-1.06318450840569,3.43731555555556,1.60423166666667,1.47415,0.965790555555556,3.03996,2.14225111111111,1.38151166666667,-3.48763933333333,-3.35112333333333,2.62041619047619,-53.187113481225,32.5617466666667,3,1.468213809523809,-3.5270612500000005,2.431759166666668,-6.147477440476191,-3.68360069888188
Mn2O1S2Se1Te3,4.93304611111111,7.714195,-0.467743986111111,-1.96495666666667,-0.994296801747426,3.31791555555555,1.514948,1.19521833333333,0.910246666666666,2.84173,1.85738666666667,1.4497875,-3.25401,-2.97876944444444,3.20294142857143,-51.5119961295549,33.6765716666667,3,1.3188852380952385,-3.220280833333335,2.0308541666666664,-6.423222261904765,-4.197238230318856
Mn2O1S2Se2Te2,5.25561694444444,7.810255,-0.439326444444444,-2.01731857142857,-0.633500221889033,3.34151888888889,1.46203366666667,1.18094833333333,0.942534444444444,2.88778,1.96612388888889,1.40648166666667,-3.49085333333333,-3.27300777777778,3.00654952380952,-55.3023052402232,29.507005,3,1.3060614285714285,-3.434552083333333,2.1021766666666664,-6.441101607142853,-3.640049745698553
Tc2O1S1Se3Te2,4.571475,8.83390777777778,-0.0940726666666666,-1.90624380952381,-1.00548912110015,2.25108333333333,1.21752933333333,1.137825,0.999743888888889,1.78311,1.69373722222222,1.033205,-2.023058,-2.88078277777778,2.91669095238095,-56.5713983185623,34.37342,3,0.9556423809523806,-2.854367916666668,1.9478475000000008,-5.771058869047618,-3.9221800734811
Tc2O1S2Se2Te2,4.85791638888889,8.56660333333333,-0.0769256666666667,-1.73064190476191,-0.838790275798099,2.255975,1.2603345,1.191765,0.953380555555555,1.87926,1.75984666666667,1.1237775,-2.054308,-2.76542277777778,3.43755476190476,-58.9536235708485,31.57689,3,0.949226666666666,-2.741113750000001,1.7888300000000006,-6.178668511904761,-4.276345037702859
Tc2O2S1Se1Te3,4.41769555555556,8.32208944444444,-0.1713995,-1.94991904761905,-0.970299258536083,2.37871333333333,1.23531533333333,1.06012,0.975288888888889,1.98319,1.65931555555556,1.20943,-2.106828,-2.74247944444445,3.16729428571428,-57.7868470747165,34.5896516666667,3,0.9912376190476192,-2.7625262500000023,1.7647633333333337,-5.929820535714282,-4.137593544250363
Tc2O2S1Se2Te2,4.93302361111111,8.29452111111111,-0.230756916666667,-1.86536619047619,-0.931235116192993,2.47198833333333,1.482997,1.46194666666667,0.960199444444444,1.98218,1.92015833333333,1.53943166666667,-2.30127466666667,-3.04509166666667,3.36267333333333,-60.0959554507292,29.6039516666667,3,1.152099047619047,-2.965947500000001,2.0207908333333338,-6.32862083333333,-4.293908449526323
Tc2O2S2Se1Te2,4.84507583333333,8.67873611111111,-0.250578652777778,-1.9225019047619,-0.888092354768707,2.53177666666666,1.50065533333333,1.46771666666667,0.981901111111111,1.94839,1.97008333333333,1.54324916666667,-2.37817466666667,-3.13637111111111,3.39293476190476,-60.1398394031002,27.6737466666667,3,1.2313142857142851,-2.9442637500000006,1.9455258333333336,-6.337198511904761,-4.281027116673467
Re2O2S1Se3Te1,5.23078,9.33840333333333,-0.234480083333333,-2.02461095238095,-1.3616267110809,2.57576666666667,1.39473066666667,1.06663833333333,0.970122777777778,2.34798,1.77347666666667,1.4695425,-2.036688,-3.34818722222222,3.02829809523809,-59.012083030557,33.14642,3,1.290412142857144,-3.091260416666667,2.007662500000001,-6.119558511904756,-4.38992480631899
Fe2O1S1Se1Te4,5.11387027777778,7.97239833333334,-0.463409277777778,-1.85355285714286,-1.16783664407605,2.59914555555556,1.26733633333333,0.867198333333334,0.940878888888889,2.51189,1.83616166666667,1.26190041666667,-2.91157866666666,-2.98825888888889,3.14833857142857,-45.0923772898821,38.33317,3,1.0278719047619052,-3.4398075,1.9139233333333348,-6.58814607142857,-4.31617521550462
Os2O1S1Se3Te2,4.51707722222222,8.62181833333333,-0.209545472222222,-1.84170047619048,-0.995328941140273,2.25923833333333,1.23330633333333,1.022085,0.838126666666667,2.13431666666667,1.73751722222222,1.2511,-1.825664,-2.74419611111111,2.98211666666666,-52.6366877761293,36.92339,3,0.9643307142857144,-2.6824108333333334,1.677525,-5.664527499999993,-3.977445607806933
Os2O1S1Se4Te1,4.46521333333334,8.388805,-0.266492625,-1.86245428571428,-1.04256648687941,2.37522166666667,1.265833,1.032955,0.861696666666667,2.21251666666667,1.68774722222222,1.3773425,-1.932128,-2.87281833333333,2.98585285714285,-53.0209107238922,35.394675,3,1.04565261904762,-2.8621325,1.645215000000001,-5.84798535714285,-4.02841934402226
Os2O1S2Se3Te1,4.487765,8.429205,-0.288001569444444,-1.90014523809524,-1.10138616783136,2.42165,1.32591266666667,1.116515,0.865783333333333,2.28031666666667,1.72704722222222,1.3594625,-2.059732,-2.88420444444444,2.99636428571428,-52.8496593537267,34.871095,3,1.07041880952381,-2.865778333333334,1.654075000000001,-5.862142619047614,-4.09775045354564
Os2O1S3Se1Te2,4.61389888888889,8.38701833333333,-0.308541069444445,-1.89136,-0.982569888530317,2.50612666666667,1.375172,1.17209,0.961487222222222,2.51641666666667,1.97690333333333,1.38911333333333,-2.13334466666667,-3.25281555555555,2.89880571428571,-53.0198529462372,35.34472,3,1.222879761904761,-2.7699641666666674,1.7771783333333335,-5.668769880952377,-3.881375602816027
Os2O1S3Se2Te1,4.42195722222222,8.59053833333333,-0.338777527777778,-1.97614809523809,-1.07287191173334,2.59159166666667,1.47487433333333,1.20864,0.973181666666666,2.49222666666667,1.99275,1.5293875,-2.37966733333333,-3.39543222222222,2.89043857142857,-53.2508192699964,34.49226,3,1.2569978571428568,-2.931958333333335,1.8631758333333348,-5.822396904761905,-3.96331048316191
Os2O1S4Se1Te1,4.30294333333334,8.53735166666667,-0.419439069444444,-2.04904714285714,-1.04006481477793,2.62566666666667,1.498397,1.26035666666667,0.994298333333333,2.6617,2.03060166666667,1.56344833333333,-2.43373933333333,-3.53186055555555,2.90305285714285,-52.9492996454303,34.438005,3,1.302385,-3.0714658333333347,2.017730833333334,-5.974518690476184,-3.94311767192078
Os2O2S1Se3Te1,4.43024944444445,8.44110166666667,-0.416890527777778,-2.11177142857143,-1.00978044831393,2.56793666666666,1.43449666666667,1.26689333333333,0.893377777777778,2.39918666666667,1.83404333333333,1.6045275,-2.299204,-3.46205833333333,2.99424238095238,-55.7750822051376,34.392135,3,1.2166402380952377,-3.2026508333333323,1.917509166666668,-6.196893214285712,-4.00402282926631
Mn2O1S1Se1Te4,4.87709,7.51595833333333,-0.451337569444444,-1.87281952380952,-0.949989256504695,3.02349722222222,1.42141666666667,1.19743,0.867136666666667,2.67749,1.68948166666667,1.39953583333333,-3.01084933333333,-2.851055,3.23012285714286,-51.4798609217727,37.4679316666667,3,1.1885200000000005,-3.031762916666667,1.9801433333333336,-6.261885773809527,-4.180112113647555
Mn2O1S1Se2Te3,4.78508666666667,7.65518166666667,-0.462327861111111,-1.92326190476191,-0.896648994904025,3.12831,1.483633,1.197505,0.905037777777778,2.78049,1.79134,1.42311166666667,-3.11217666666667,-2.95337555555556,3.20365857142857,-52.0664595865894,36.2080766666667,3,1.2529442857142856,-3.150016666666668,2.0374966666666667,-6.353675238095239,-4.100307566332595
Mn2O1S1Se3Te2,4.51830527777778,7.471365,-0.455299819444444,-2.19644,-1.06318450840569,3.43731555555556,1.60423166666667,1.47415,0.965790555555556,3.03996,2.14225111111111,1.38151166666667,-3.48763933333333,-3.35112333333333,2.62041619047619,-53.187113481225,32.5617466666667,3,1.468213809523809,-3.5270612500000005,2.431759166666668,-6.147477440476191,-3.68360069888188
Mn2O1S2Se1Te3,4.93304611111111,7.714195,-0.467743986111111,-1.96495666666667,-0.994296801747426,3.31791555555555,1.514948,1.19521833333333,0.910246666666666,2.84173,1.85738666666667,1.4497875,-3.25401,-2.97876944444444,3.20294142857143,-51.5119961295549,33.6765716666667,3,1.3188852380952385,-3.220280833333335,2.0308541666666664,-6.423222261904765,-4.197238230318856
Mn2O1S2Se2Te2,5.25561694444444,7.810255,-0.439326444444444,-2.01731857142857,-0.633500221889033,3.34151888888889,1.46203366666667,1.18094833333333,0.942534444444444,2.88778,1.96612388888889,1.40648166666667,-3.49085333333333,-3.27300777777778,3.00654952380952,-55.3023052402232,29.507005,3,1.3060614285714285,-3.434552083333333,2.1021766666666664,-6.441101607142853,-3.640049745698553
Tc2O1S1Se3Te2,4.571475,8.83390777777778,-0.0940726666666666,-1.90624380952381,-1.00548912110015,2.25108333333333,1.21752933333333,1.137825,0.999743888888889,1.78311,1.69373722222222,1.033205,-2.023058,-2.88078277777778,2.91669095238095,-56.5713983185623,34.37342,3,0.9556423809523806,-2.854367916666668,1.9478475000000008,-5.771058869047618,-3.9221800734811
Tc2O1S2Se2Te2,4.85791638888889,8.56660333333333,-0.0769256666666667,-1.73064190476191,-0.838790275798099,2.255975,1.2603345,1.191765,0.953380555555555,1.87926,1.75984666666667,1.1237775,-2.054308,-2.76542277777778,3.43755476190476,-58.9536235708485,31.57689,3,0.949226666666666,-2.741113750000001,1.7888300000000006,-6.178668511904761,-4.276345037702859
Tc2O2S1Se1Te3,4.41769555555556,8.32208944444444,-0.1713995,-1.94991904761905,-0.970299258536083,2.37871333333333,1.23531533333333,1.06012,0.975288888888889,1.98319,1.65931555555556,1.20943,-2.106828,-2.74247944444445,3.16729428571428,-57.7868470747165,34.5896516666667,3,0.9912376190476192,-2.7625262500000023,1.7647633333333337,-5.929820535714282,-4.137593544250363
Tc2O2S1Se2Te2,4.93302361111111,8.29452111111111,-0.230756916666667,-1.86536619047619,-0.931235116192993,2.47198833333333,1.482997,1.46194666666667,0.960199444444444,1.98218,1.92015833333333,1.53943166666667,-2.30127466666667,-3.04509166666667,3.36267333333333,-60.0959554507292,29.6039516666667,3,1.152099047619047,-2.965947500000001,2.0207908333333338,-6.32862083333333,-4.293908449526323
Tc2O2S2Se1Te2,4.84507583333333,8.67873611111111,-0.250578652777778,-1.9225019047619,-0.888092354768707,2.53177666666666,1.50065533333333,1.46771666666667,0.981901111111111,1.94839,1.97008333333333,1.54324916666667,-2.37817466666667,-3.13637111111111,3.39293476190476,-60.1398394031002,27.6737466666667,3,1.2313142857142851,-2.9442637500000006,1.9455258333333336,-6.337198511904761,-4.281027116673467
Re2O2S1Se3Te1,5.23078,9.33840333333333,-0.234480083333333,-2.02461095238095,-1.3616267110809,2.57576666666667,1.39473066666667,1.06663833333333,0.970122777777778,2.34798,1.77347666666667,1.4695425,-2.036688,-3.34818722222222,3.02829809523809,-59.012083030557,33.14642,3,1.290412142857144,-3.091260416666667,2.007662500000001,-6.119558511904756,-4.38992480631899
Fe2O1S1Se1Te4,5.11387027777778,7.97239833333334,-0.463409277777778,-1.85355285714286,-1.16783664407605,2.59914555555556,1.26733633333333,0.867198333333334,0.940878888888889,2.51189,1.83616166666667,1.26190041666667,-2.91157866666666,-2.98825888888889,3.14833857142857,-45.0923772898821,38.33317,3,1.0278719047619052,-3.4398075,1.9139233333333348,-6.58814607142857,-4.31617521550462
Os2O1S1Se3Te2,4.51707722222222,8.62181833333333,-0.209545472222222,-1.84170047619048,-0.995328941140273,2.25923833333333,1.23330633333333,1.022085,0.838126666666667,2.13431666666667,1.73751722222222,1.2511,-1.825664,-2.74419611111111,2.98211666666666,-52.6366877761293,36.92339,3,0.9643307142857144,-2.6824108333333334,1.677525,-5.664527499999993,-3.977445607806933
Os2O1S1Se4Te1,4.46521333333334,8.388805,-0.266492625,-1.86245428571428,-1.04256648687941,2.37522166666667,1.265833,1.032955,0.861696666666667,2.21251666666667,1.68774722222222,1.3773425,-1.932128,-2.87281833333333,2.98585285714285,-53.0209107238922,35.394675,3,1.04565261904762,-2.8621325,1.645215000000001,-5.84798535714285,-4.02841934402226
Os2O1S2Se3Te1,4.487765,8.429205,-0.288001569444444,-1.90014523809524,-1.10138616783136,2.42165,1.32591266666667,1.116515,0.865783333333333,2.28031666666667,1.72704722222222,1.3594625,-2.059732,-2.88420444444444,2.99636428571428,-52.8496593537267,34.871095,3,1.07041880952381,-2.865778333333334,1.654075000000001,-5.862142619047614,-4.09775045354564
Os2O1S3Se1Te2,4.61389888888889,8.38701833333333,-0.308541069444445,-1.89136,-0.982569888530317,2.50612666666667,1.375172,1.17209,0.961487222222222,2.51641666666667,1.97690333333333,1.38911333333333,-2.13334466666667,-3.25281555555555,2.89880571428571,-53.0198529462372,35.34472,3,1.222879761904761,-2.7699641666666674,1.7771783333333335,-5.668769880952377,-3.881375602816027
Os2O1S3Se2Te1,4.42195722222222,8.59053833333333,-0.338777527777778,-1.97614809523809,-1.07287191173334,2.59159166666667,1.47487433333333,1.20864,0.973181666666666,2.49222666666667,1.99275,1.5293875,-2.37966733333333,-3.39543222222222,2.89043857142857,-53.2508192699964,34.49226,3,1.2569978571428568,-2.931958333333335,1.8631758333333348,-5.822396904761905,-3.96331048316191
Os2O1S4Se1Te1,4.30294333333334,8.53735166666667,-0.419439069444444,-2.04904714285714,-1.04006481477793,2.62566666666667,1.498397,1.26035666666667,0.994298333333333,2.6617,2.03060166666667,1.56344833333333,-2.43373933333333,-3.53186055555555,2.90305285714285,-52.9492996454303,34.438005,3,1.302385,-3.0714658333333347,2.017730833333334,-5.974518690476184,-3.94311767192078
Os2O2S1Se3Te1,4.43024944444445,8.44110166666667,-0.416890527777778,-2.11177142857143,-1.00978044831393,2.56793666666666,1.43449666666667,1.26689333333333,0.893377777777778,2.39918666666667,1.83404333333333,1.6045275,-2.299204,-3.46205833333333,2.99424238095238,-55.7750822051376,34.392135,3,1.2166402380952377,-3.2026508333333323,1.917509166666668,-6.196893214285712,-4.00402282926631
Mn2O1S1Se1Te4,4.87709,7.51595833333333,-0.451337569444444,-1.87281952380952,-0.949989256504695,3.02349722222222,1.42141666666667,1.19743,0.867136666666667,2.67749,1.68948166666667,1.39953583333333,-3.01084933333333,-2.851055,3.23012285714286,-51.4798609217727,37.4679316666667,3,1.1885200000000005,-3.031762916666667,1.9801433333333336,-6.261885773809527,-4.180112113647555
Mn2O1S1Se2Te3,4.78508666666667,7.65518166666667,-0.462327861111111,-1.92326190476191,-0.896648994904025,3.12831,1.483633,1.197505,0.905037777777778,2.78049,1.79134,1.42311166666667,-3.11217666666667,-2.95337555555556,3.20365857142857,-52.0664595865894,36.2080766666667,3,1.2529442857142856,-3.150016666666668,2.0374966666666667,-6.353675238095239,-4.100307566332595
Mn2O1S1Se3Te2,4.51830527777778,7.471365,-0.455299819444444,-2.19644,-1.06318450840569,3.43731555555556,1.60423166666667,1.47415,0.965790555555556,3.03996,2.14225111111111,1.38151166666667,-3.48763933333333,-3.35112333333333,2.62041619047619,-53.187113481225,32.5617466666667,3,1.468213809523809,-3.5270612500000005,2.431759166666668,-6.147477440476191,-3.68360069888188
Mn2O1S2Se1Te3,4.93304611111111,7.714195,-0.467743986111111,-1.96495666666667,-0.994296801747426,3.31791555555555,1.514948,1.19521833333333,0.910246666666666,2.84173,1.85738666666667,1.4497875,-3.25401,-2.97876944444444,3.20294142857143,-51.5119961295549,33.6765716666667,3,1.3188852380952385,-3.220280833333335,2.0308541666666664,-6.423222261904765,-4.197238230318856
Mn2O1S2Se2Te2,5.25561694444444,7.810255,-0.439326444444444,-2.01731857142857,-0.633500221889033,3.34151888888889,1.46203366666667,1.18094833333333,0.942534444444444,2.88778,1.96612388888889,1.40648166666667,-3.49085333333333,-3.27300777777778,3.00654952380952,-55.3023052402232,29.507005,3,1.3060614285714285,-3.434552083333333,2.1021766666666664,-6.441101607142853,-3.640049745698553
Tc2O1S1Se3Te2,4.571475,8.83390777777778,-0.0940726666666666,-1.90624380952381,-1.00548912110015,2.25108333333333,1.21752933333333,1.137825,0.999743888888889,1.78311,1.69373722222222,1.033205,-2.023058,-2.88078277777778,2.91669095238095,-56.5713983185623,34.37342,3,0.9556423809523806,-2.854367916666668,1.9478475000000008,-5.771058869047618,-3.9221800734811
Tc2O1S2Se2Te2,4.85791638888889,8.56660333333333,-0.0769256666666667,-1.73064190476191,-0.838790275798099,2.255975,1.2603345,1.191765,0.953380555555555,1.87926,1.75984666666667,1.1237775,-2.054308,-2.76542277777778,3.43755476190476,-58.9536235708485,31.57689,3,0.949226666666666,-2.741113750000001,1.7888300000000006,-6.178668511904761,-4.276345037702859
Tc2O2S1Se1Te3,4.41769555555556,8.32208944444444,-0.1713995,-1.94991904761905,-0.970299258536083,2.37871333333333,1.23531533333333,1.06012,0.975288888888889,1.98319,1.65931555555556,1.20943,-2.106828,-2.74247944444445,3.16729428571428,-57.7868470747165,34.5896516666667,3,0.9912376190476192,-2.7625262500000023,1.7647633333333337,-5.929820535714282,-4.137593544250363
Tc2O2S1Se2Te2,4.93302361111111,8.29452111111111,-0.230756916666667,-1.86536619047619,-0.931235116192993,2.47198833333333,1.482997,1.46194666666667,0.960199444444444,1.98218,1.92015833333333,1.53943166666667,-2.30127466666667,-3.04509166666667,3.36267333333333,-60.0959554507292,29.6039516666667,3,1.152099047619047,-2.965947500000001,2.0207908333333338,-6.32862083333333,-4.293908449526323
Tc2O2S2Se1Te2,4.84507583333333,8.67873611111111,-0.250578652777778,-1.9225019047619,-0.888092354768707,2.53177666666666,1.50065533333333,1.46771666666667,0.981901111111111,1.94839,1.97008333333333,1.54324916666667,-2.37817466666667,-3.13637111111111,3.39293476190476,-60.1398394031002,27.6737466666667,3,1.2313142857142851,-2.9442637500000006,1.9455258333333336,-6.337198511904761,-4.281027116673467
Re2O2S1Se3Te1,5.23078,9.33840333333333,-0.234480083333333,-2.02461095238095,-1.3616267110809,2.57576666666667,1.39473066666667,1.06663833333333,0.970122777777778,2.34798,1.77347666666667,1.4695425,-2.036688,-3.34818722222222,3.02829809523809,-59.012083030557,33.14642,3,1.290412142857144,-3.091260416666667,2.007662500000001,-6.119558511904756,-4.38992480631899
Fe2O1S1Se1Te4,5.11387027777778,7.97239833333334,-0.463409277777778,-1.85355285714286,-1.16783664407605,2.59914555555556,1.26733633333333,0.867198333333334,0.940878888888889,2.51189,1.83616166666667,1.26190041666667,-2.91157866666666,-2.98825888888889,3.14833857142857,-45.0923772898821,38.33317,3,1.0278719047619052,-3.4398075,1.9139233333333348,-6.58814607142857,-4.31617521550462
Os2O1S1Se3Te2,4.51707722222222,8.62181833333333,-0.209545472222222,-1.84170047619048,-0.995328941140273,2.25923833333333,1.23330633333333,1.022085,0.838126666666667,2.13431666666667,1.73751722222222,1.2511,-1.825664,-2.74419611111111,2.98211666666666,-52.6366877761293,36.92339,3,0.9643307142857144,-2.6824108333333334,1.677525,-5.664527499999993,-3.977445607806933
Os2O1S1Se4Te1,4.46521333333334,8.388805,-0.266492625,-1.86245428571428,-1.04256648687941,2.37522166666667,1.265833,1.032955,0.861696666666667,2.21251666666667,1.68774722222222,1.3773425,-1.932128,-2.87281833333333,2.98585285714285,-53.0209107238922,35.394675,3,1.04565261904762,-2.8621325,1.645215000000001,-5.84798535714285,-4.02841934402226
Os2O1S2Se3Te1,4.487765,8.429205,-0.288001569444444,-1.90014523809524,-1.10138616783136,2.42165,1.32591266666667,1.116515,0.865783333333333,2.28031666666667,1.72704722222222,1.3594625,-2.059732,-2.88420444444444,2.99636428571428,-52.8496593537267,34.871095,3,1.07041880952381,-2.865778333333334,1.654075000000001,-5.862142619047614,-4.09775045354564
Os2O1S3Se1Te2,4.61389888888889,8.38701833333333,-0.308541069444445,-1.89136,-0.982569888530317,2.50612666666667,1.375172,1.17209,0.961487222222222,2.51641666666667,1.97690333333333,1.38911333333333,-2.13334466666667,-3.25281555555555,2.89880571428571,-53.0198529462372,35.34472,3,1.222879761904761,-2.7699641666666674,1.7771783333333335,-5.668769880952377,-3.881375602816027
Os2O1S3Se2Te1,4.42195722222222,8.59053833333333,-0.338777527777778,-1.97614809523809,-1.07287191173334,2.59159166666667,1.47487433333333,1.20864,0.973181666666666,2.49222666666667,1.99275,1.5293875,-2.37966733333333,-3.39543222222222,2.89043857142857,-53.2508192699964,34.49226,3,1.2569978571428568,-2.931958333333335,1.8631758333333348,-5.822396904761905,-3.96331048316191
Os2O1S4Se1Te1,4.30294333333334,8.53735166666667,-0.419439069444444,-2.04904714285714,-1.04006481477793,2.62566666666667,1.498397,1.26035666666667,0.994298333333333,2.6617,2.03060166666667,1.56344833333333,-2.43373933333333,-3.53186055555555,2.90305285714285,-52.9492996454303,34.438005,3,1.302385,-3.0714658333333347,2.017730833333334,-5.974518690476184,-3.94311767192078
Os2O2S1Se3Te1,4.43024944444445,8.44110166666667,-0.416890527777778,-2.11177142857143,-1.00978044831393,2.56793666666666,1.43449666666667,1.26689333333333,0.893377777777778,2.39918666666667,1.83404333333333,1.6045275,-2.299204,-3.46205833333333,2.99424238095238,-55.7750822051376,34.392135,3,1.2166402380952377,-3.2026508333333323,1.917509166666668,-6.196893214285712,-4.00402282926631
