Formula,Vacuum level
Ag2,1.926
Ag2Au2Cl8,1.357
Ag2Br2,2.754
Ag2Br2N2,3.653
Ag2Br2O2,3.485
Ag2Br2S2,3.568
Ag2Br2S4,2.632
Ag2Br2Se2,4.576
Ag2Br2Se4,2.575
Ag2Br2Te4,2.642
Ag2Br4,2.849
Ag2Br6,2.4764999999999997
Ag2C8N6,0.51
Ag2Cl2,2.5010000000000003
Ag2Cl2N2,3.609
Ag2Cl2O2,3.434
Ag2Cl2S2,3.739
Ag2Cl2S4,2.446
Ag2Cl2Se2,5.072
Ag2Cl2Se4,2.458
Ag2Cl2Te4,2.554
Ag2Cl6,2.489
Ag2Cr2P4S12,2.01
Ag2F2,1.937
Ag2F4,1.109
Ag2I2,3.143
Ag2I2N2,4.084
Ag2I2O2,4.018
Ag2I2S2,3.887
Ag2I2S4,2.97
Ag2I2Se2,5.293
Ag2I2Se4,2.893
Ag2I2Te4,2.87
Ag2I4,3.33
Ag2I6,3.1345
Ag2MoO4,1.838
Ag2MoS4,2.637
Ag2MoSe4,2.767
Ag2MoTe4,3.043
Ag2O2,1.855
Ag2P2S6,3.608
Ag2P2Se6,3.693
Ag2P2Te6,3.92
Ag2ReBr6,2.859
Ag2ReCl6,2.796
Ag2ReF6,2.069
Ag2ReI6,3.341
Ag2S2,2.7045
Ag2S4,2.215
Ag2Se2,2.7885
Ag2Se4,2.292
Ag2Te2,3.3623333333333334
Ag2Te4,2.423
Ag2V2P4S12,2.015
Ag2WO4,1.846
Ag2WS4,2.623
Ag2WSe4,2.758
Ag2WTe4,3.042
Ag8C4N8,2.071
AgBiP2Se6,1.996
AgBr2,2.843666666666666
AgCa2Br2O2,4.101
AgCa2Br2S2,3.696
AgCa2Cl2O2,3.907
AgCa2Cl2S2,3.519
AgCa2I2O2,4.589
AgCa2I2S2,4.164
AgCl2,2.7916666666666665
AgCuTe2,2.313
AgF2,1.111
AgGaP2Se6,2.023
AgH2,2.228
AgI2,3.3273333333333333
AgInP2S6,2.003
AgInP2Se6,2.019
AgLi2,2.47
AgNi2O4,3.556
AgO2,1.526
AgS2,4.883
AgScP2S6,1.992
AgScP2Se6,2.021
AgSe2,4.842
AgSnF6,1.133
AgSr2Br2O2,4.243
AgSr2Br2S2,3.835
AgSr2Cl2O2,4.053
AgSr2Cl2S2,3.626
AgSr2I2O2,4.739
AgSr2I2S2,4.321
AgTe2,4.71
AgVP2Se6,2.051
Al2Br2N2,4.09
Al2Br2O2,3.948
Al2Br2S2,3.532
Al2Br2Se2,3.466
Al2Br4,2.834
Al2Br6,2.7275
Al2Cl2N2,3.998
Al2Cl2O2,3.841
Al2Cl2S2,3.458
Al2Cl2Se2,3.402
Al2Cl6,2.7645
Al2FeS4,3.224
Al2I2O2,4.445
Al2I2S2,3.922
Al2I2Se2,3.818
Al2I6,3.0765000000000002
Al2Mg2Se5,3.46
Al2MgS4,2.945
Al2MgSe4,2.983
Al2MnS4,3.311
Al2O2,3.035
Al2O4,2.021
Al2P2S6,3.541
Al2P2Se6,3.585
Al2P2Te6,3.836
Al2S2,3.283
Al2S4,4.237
Al2Se2,3.261333333333333
Al2Se4,3.888
Al2Si2Te6,2.094
Al2Te2,3.202
Al2Te4,3.946
Al2Tl2F8,1.166
Al2ZnS4,3.214
Al8Te12,1.736
AlAs,2.005
AlB4,1.057
AlBr2,2.838
AlC,1.738
AlCl2,2.9604999999999997
AlFeF5,0.951
AlI2,3.4345
AlLiP2S6,1.699
AlN,1.875
AlNi5Br2,4.576
AlNi5Cl2,4.571
AlNi5I2,4.84
AlP,1.961
AlPd5Br2,4.872
AlPd5Cl2,4.919
AlPd5I2,5.079
AlPt5Br2,5.415
AlPt5Cl2,5.527
AlPt5I2,5.672
AlSb,2.012
AlTe4,1.806
As2,2.811
As2Br6,2.727
As2C6,2.491
As2Ge6,2.106
As2H2O10Te2,2.058
As2I6,3.089
As2O6Sb2,1.701
As2O8P2,1.353
As2O8Sb2,1.484
As2Si6,2.168
As4,3.103
As4Ge4Se4,1.675
As4H2O12P2,1.244
As4O12S2,1.21
As4O6,1.1953333333333334
As4O8,1.386
As4S6,1.2814999999999999
As4Se6,1.369
As8Ge4,1.981
As8Si4,1.963
AsB,2.294
AsBr2,3.599
AsBrS,3.316
AsBrSe,3.3315
AsBrTe,3.3925
AsC,2.39
AsCl2,3.6820000000000004
AsClS,3.2935
AsClSe,3.3025
AsClTe,3.355
AsI2,3.4775
AsIS,3.552
AsISe,3.565
AsITe,3.619
AsS2,3.8040000000000003
AsSe2,3.9074999999999998
AsTe2,4.202
Au2Br2,2.6766666666666663
Au2Br2N2,3.768
Au2Br2O2,3.511
Au2Br2S2,3.473
Au2Br2Se2,3.512
Au2Br2Se4,2.449
Au2Br2Te4,2.629
Au2Br4,2.793
Au2Br6,2.5415
Au2CaF12,1.679
Au2Cl2,3.171
Au2Cl2N2,3.705
Au2Cl2O2,3.453
Au2Cl2Se2,3.513
Au2Cl2Te4,2.579
Au2Cl6,2.566
Au2I2,3.5564999999999998
Au2I2N2,4.192
Au2I2O2,3.936
Au2I2S2,3.8
Au2I2Se2,3.776
Au2I2Se4,2.713
Au2I2Te4,2.833
Au2I4,3.265
Au2I6,2.9085
Au2MoO4,1.455
Au2MoS4,2.828
Au2MoSe4,2.951
Au2MoTe4,3.225
Au2O2,2.683
Au2O4,2.765
Au2P2S6,3.611
Au2P2Se6,3.662
Au2P2Te6,3.972
Au2ReF6,2.376
Au2S2,3.267333333333333
Au2S4,2.361
Au2Se2,3.407
Au2Se4,2.41
Au2SrO8,1.948
Au2Te2,3.43825
Au2Te4,2.522
Au2WO4,1.478
Au2WS4,2.823
Au2WSe4,2.953
Au2WTe4,3.243
Au4I4Te4,1.943
AuBr2,2.861
AuCa2Br2O2,4.181
AuCa2Br2S2,3.805
AuCa2Cl2O2,3.944
AuCa2Cl2S2,3.64
AuCa2I2O2,4.559
AuCa2I2S2,4.242
AuCl2,2.8379999999999996
AuF2,2.38
AuH2,2.446
AuI2,3.2823333333333333
AuLi2,1.914
AuO2,2.8716666666666666
AuS2,3.435
AuSe2,4.11
AuSr2Br2O2,4.337
AuSr2Br2S2,3.946
AuSr2Cl2O2,4.162
AuSr2Cl2S2,3.757
AuSr2I2O2,4.82
AuSr2I2S2,4.421
AuTe2,4.178
B2,1.943
B2N,2.202
B3C10N3,1.138
BC,1.966
BN,2.177
BP,2.276
BSb,2.415
Ba2Br2,1.997
Ba2Cl2,2.065
Ba2CuHgTlO5,3.536
Ba2H8O6,1.342
Ba2I2,2.126
Ba2Mg2Pb2,2.253
Ba2Mg2Sn2,2.272
Ba2Mn2Ge2,2.529
Ba2N,2.375
Ba4F4Sb4Se8,3.499
BaBr2,2.5006666666666666
BaCl2,2.461
BaF12Sb2,2.66
BaF2,1.574
BaI2,2.755333333333333
BaTa2O7,3.167
BaTe2,4.448
Be4,1.493
BeH4O4P2,0.84
Bi2,2.617
Bi2Br2,3.1265
Bi2Br2N2,4.223
Bi2Br2O2,4.105
Bi2Br2S2,3.59
Bi2Br2Se2,3.56
Bi2Br6,2.516
Bi2C6,2.404
Bi2Cd2Cl2O4,1.78
Bi2Cl2,3.0549999999999997
Bi2Cl2N2,4.137
Bi2Cl2O2,4.038
Bi2Cl2S2,3.538
Bi2Cl2Se2,3.512
Bi2Cl6,2.5125
Bi2Cr,5.008
Bi2Cu2S4,1.988
Bi2F2,5.307
Bi2F6,1.83
Bi2Fe2Br2S4,1.935
Bi2Ge3O9,0.95
Bi2Ge6,2.131
Bi2Hf,5.8685
Bi2I2,3.4655
Bi2I2N2,5.025
Bi2I2O2,4.453
Bi2I2S2,3.855
Bi2I2Se2,3.805
Bi2I6,2.8485
Bi2In2,1.719
Bi2MnTe4,3.529
Bi2Mo,5.464499999999999
Bi2Nb,5.634
Bi2O2,2.6445
Bi2O9Si3,0.913
Bi2OS2,4.591
Bi2OSe2,4.588
Bi2OTe2,4.558
Bi2P2S6,3.32
Bi2P2Se6,3.399
Bi2P2Te6,3.488
Bi2Pb6,2.052
Bi2Pd,2.47
Bi2S2,4.109999999999999
Bi2S2Se,4.744
Bi2S2Te,4.828
Bi2S3,4.698
Bi2S4,2.719
Bi2SSe2,4.707
Bi2STe2,4.741
Bi2Se2,3.74925
Bi2Se2Te,4.844
Bi2Se3,4.754
Bi2SeTe2,4.784
Bi2Si6,2.105
Bi2Sn6,2.116
Bi2Ta,5.7435
Bi2Te2,3.77875
Bi2Te3,4.854
Bi2Te4,3.034
Bi2Ti,5.430999999999999
Bi2V,5.2165
Bi2W,5.6025
Bi2YO4,2.4
Bi2Zr,5.8095
Bi4B4O12,1.868
Bi4Cu4,2.555
Bi4Sr2O8,2.253
Bi6Ir2O4,2.15
Bi6Pt3,2.194
Bi8Rh4,2.176
BiBr2,3.7389999999999994
BiBrS,3.293
BiBrSe,3.3129999999999997
BiBrTe,3.351
BiCl2,3.802666666666667
BiClS,3.2455
BiClSe,3.269
BiClTe,3.303
BiCrAs,4.301500000000001
BiCrSb,4.891
BiCuP2Se6,2.01
BiF2,3.106
BiH2O2,1.819
BiHO6Se2,1.891
BiHfAs,4.3335
BiHfSb,5.677
BiI2,3.9570000000000003
BiIS,3.52
BiISe,3.537
BiITe,3.567
BiMoAs,4.9815000000000005
BiMoSb,5.3125
BiNbAs,4.605499999999999
BiNbSb,5.4605
BiO,1.315
BiO2,2.264
BiS2,3.298
BiSe2,3.404
BiTaAs,4.6245
BiTaSb,5.574
BiTe2,3.826
BiTiAs,4.186
BiTiSb,5.282500000000001
BiVAs,4.3515
BiVSb,5.074999999999999
BiWAs,5.1525
BiWSb,5.449
BiZrAs,4.298500000000001
BiZrSb,5.6215
Br2Ge,2.683
Br2Ge2,3.929
Br2Ge2N2,4.125
Br2Ge2O2,3.758
Br2Ge2S2,3.624
Br2Ge2Se2,3.619
Br2Sb,3.7449999999999997
Br2Sb2,3.1955
Br6Sb2,2.663
BrSSb,3.3185000000000002
BrSbSe,3.3355
BrSbTe,3.377
C2,2.336
C2F2,3.596
C2H2,2.165
C6N2,2.453
C6N8,0.951
C6P2,2.526
C6Sb2,2.554
CF2Si,3.125
CH2Si,2.163
CN,2.559
CP,2.557
Ca2Br2,1.842
Ca2Br2H2,2.086
Ca2C,2.135
Ca2C2F2O6,2.342
Ca2Cl2,2.011
Ca2Cl4H8O4,1.195
Ca2Cl4O8,1.528
Ca2CoO3,1.745
Ca2CuBr2O2,4.261
Ca2CuBr2S2,3.908
Ca2CuCl2O2,4.062
Ca2CuCl2S2,3.69
Ca2CuI2O2,4.774
Ca2CuI2S2,4.433
Ca2F2,1.93
Ca2Fe2Si2,3.394
Ca2I2,2.812
Ca2Mn2Ge2,2.234
Ca2Mn2Si2,2.192
Ca2Mn2Sn2,3.822
Ca2N,3.298
Ca2Sn4F12,2.033
Ca3Cu2Br2O4,3.287
Ca4As4,1.258
Ca4O12Te4,1.608
CaBr2,2.539
CaCl2,2.492
CaF2,1.405
CaF2O2,2.43
CaH2O2,1.462
CaH2S2,1.933
CaH4O4,0.832
CaI2,2.858
CaS2,3.643
CaSe2,3.858
CaTe2,4.027
Cd2Br2,3.6525
Cd2Cl2,3.62
Cd2F2,2.9625
Cd2H4O8Se2,1.604
Cd2I2,3.9915000000000003
Cd2Mn3O8,1.378
Cd2P2S6,3.62
Cd2P2Se6,3.664
Cd2P2Te6,3.786
Cd2S2,2.651
Cd2S4,2.324
Cd2Se2,2.77
Cd2Se4,2.705
Cd2Te2,3.0340000000000003
Cd2Te4,2.858
Cd4Br4O4,1.5
Cd4I4O4,1.679
CdBr2,2.794
CdC4Cl2H4N2,1.316
CdCl2,2.792
CdClHO,1.29
CdF2,1.636
CdF2O2,2.806
CdGaInS4,3.0945
CdH2O2,1.549
CdH2S2,2.091
CdI2,3.1
CdO2,2.539
CdPb2Cl2O2,1.802
CdS2,2.956
CdSe2,4.069
CdTe2,4.061
Cl2Ge,2.6426666666666665
Cl2Ge2,4.074
Cl2Ge2N2,4.043
Cl2Ge2O2,3.671
Cl2Ge2S2,3.582
Cl2Ge2Se2,3.597
Cl2Sb,3.865
Cl2Sb2,3.125
ClSSb,3.277
ClSbSe,3.2915
ClSbTe,3.3289999999999997
Co2Br2,3.4715
Co2Br2N2,3.962
Co2Br2O2,3.803
Co2Br2S2,3.932
Co2Br2Se2,3.885
Co2Br4O6Sb4,2.075
Co2Br6,2.7889999999999997
Co2Cl2,3.8665
Co2Cl2N2,4.0
Co2Cl2O2,3.741
Co2Cl2S2,3.9
Co2Cl2Se2,3.858
Co2Cl6,2.8245
Co2F2,3.7045
Co2F2O4,4.138
Co2H2O4,2.94
Co2H2S4,3.901
Co2H4O8Se2,1.624
Co2I2,3.828
Co2I2N2,4.755
Co2I2O2,4.308
Co2I2S2,4.317
Co2I2Se2,4.233
Co2I6,3.1925
Co2Li2As2,3.266
Co2Li2P2,3.154
Co2Li2Sb2,3.242
Co2Na2As2,3.223
Co2Na2P2,3.222
Co2Na2Sb2,2.861
Co2O2,3.1133333333333333
Co2P2S6,3.841
Co2P2Se6,3.788
Co2P2Te6,3.955
Co2Pd2P2,2.795
Co2S2,3.8513999999999995
Co2S4,3.1925
Co2S6,4.469
Co2Se2,3.914
Co2Se4,3.979
Co2Se6,4.945
Co2Te2,3.9542
Co2Te4,4.227
Co2Te6,5.198
Co4Br4O4,1.762
Co4S8,3.685
Co8Ta4Te8,3.387
CoBr2,2.9783333333333335
CoC2N2S2,1.577
CoC4Cl2H4N2,1.437
CoC4H8N2O4,0.968
CoCl2,3.0206666666666666
CoCl2O8,1.87
CoF2,1.874
CoH2,2.339
CoH2O2,1.785
CoHfBr6,2.979
CoHfF6,2.204
CoI2,3.406
CoLi2,3.027
CoO2,2.9066666666666667
CoRe2O8,1.613
CoS2,3.8273333333333333
CoSe2,3.97
CoTe2,4.1883333333333335
CoZrBr6,2.952
Cr2BO2,5.121
Cr2BS2,5.829
Cr2BSe2,5.977
Cr2Br2,3.657
Cr2Br2N2,3.877
Cr2Br2O2,2.284
Cr2Br2S2,3.699
Cr2Br2Se2,3.677
Cr2Br4C16H16N8,1.649
Cr2Br6,2.881
Cr2C,4.066
Cr2C16Cl4H16N8,1.557
Cr2C16H16I4N8,1.86
Cr2CO2,4.863
Cr2CS2,5.858
Cr2Cl2,3.581
Cr2Cl2N2,3.801
Cr2Cl2O2,3.711
Cr2Cl2S2,3.643
Cr2Cl2Se2,3.632
Cr2Cl6,2.916
Cr2Cu2O8,1.421
Cr2Cu2P4S12,2.01
Cr2F2,3.8695000000000004
Cr2F2N,4.386
Cr2F4,1.122
Cr2Ge2Te6,2.144
Cr2H2NO2,3.427
Cr2I2,4.602
Cr2I2N2,4.478
Cr2I2S2,4.056
Cr2I2Se2,4.003
Cr2I6,3.262
Cr2Mo2S8,4.394
Cr2Mo2Se8,4.45
Cr2Mo2Te8,4.621
Cr2N,4.584
Cr2Nb2Se10,2.541
Cr2O2,2.7445
Cr2P2S6,3.767
Cr2P2Se6,3.681
Cr2P2Te6,3.919
Cr2S2,3.62
Cr2S4,3.197
Cr2Se2,2.139
Cr2Se4,3.2805
Cr2Si2Te6,2.144
Cr2Ta4O12,1.796
Cr2Te4,2.328
Cr2Te6,5.119
Cr2W2S8,4.443
Cr2W2Se8,4.494
Cr2W2Te8,4.651
Cr3C2,5.199
Cr3C2F2,6.082
Cr3C2H2O2,4.08
Cr3C2O2,6.399
Cr3MoS8,4.347
Cr3MoSe8,4.404
Cr3MoTe8,4.576
Cr3N2,6.215
Cr3N2O2,7.133
Cr3Te4,3.763
Cr3WS8,4.37
Cr3WSe8,4.425
Cr3WTe8,4.59
Cr4C3,6.345
Cr4C3F2,6.934
Cr4C3H2O2,4.79
Cr4C3O2,7.572
Cr4F2N3,6.945
Cr4H2N3O2,5.404
Cr4N3,6.155
Cr4N3O2,7.308
CrAs2,4.977
CrAsSb,4.824
CrBr2,2.923666666666667
CrBrCl,3.0359999999999996
CrBrI,3.2635
CrCl2,2.937
CrClI,3.2525
CrF2,3.016
CrGa2S4,3.165
CrGa2Se4,3.159
CrH2,2.405
CrH2O2,2.064
CrHO2,1.418
CrI2,3.281
CrLi2,3.098
CrMo3S8,4.449
CrMo3Se8,4.503
CrMo3Te8,4.666
CrMoF6,1.192
CrNbF6,0.964
CrO2,3.017333333333333
CrS2,3.7256666666666667
CrSSe,4.1395
CrSTe,4.2535
CrSb2,5.263999999999999
CrSe2,3.787333333333333
CrSeTe,4.32
CrTe2,3.776666666666666
CrW3S8,4.529
CrW3Se8,4.575
CrW3Te8,4.714
Cs2Br2,1.268
Cs2C2F6O6S2,1.916
Cs2C6N6Se6,1.783
Cs2Cl2,1.274
Cs2F2,1.303
Cs2F2H6O6P2,2.239
CsC2I3N2,1.494
CsF2,0.975
CsO2,1.407
Cu2As4Cl2S3,1.511
Cu2Br2,2.9444999999999997
Cu2Br2C4H4N2,1.259
Cu2Br2N2,3.714
Cu2Br2O2,3.584
Cu2Br2S2,3.647
Cu2Br2S4,2.548
Cu2Br2Se2,3.82
Cu2Br2Se4,2.615
Cu2Br2Te4,2.729
Cu2Br6,2.564
Cu2C2Cl2O2,1.553
Cu2C2N4,1.009
Cu2C4H4O8,0.648
Cu2C6H8I2N2,1.362
Cu2Cl2,2.9105
Cu2Cl2N2,3.663
Cu2Cl2O2,3.495
Cu2Cl2S2,3.749
Cu2Cl2Se2,3.773
Cu2Cl2Se4,2.549
Cu2Cl2Te4,2.68
Cu2Cl6,2.5835
Cu2F2,3.016
Cu2F4,1.174
Cu2Ge2O6,1.446
Cu2H4O10Se2,1.113
Cu2Hg2Cl2Se2,1.565
Cu2I2,3.29
Cu2I2N2,4.694
Cu2I2O2,4.22
Cu2I2S2,4.088
Cu2I2S4,2.795
Cu2I2Se2,4.141
Cu2I2Se4,2.849
Cu2I2Te4,2.908
Cu2I4,3.509
Cu2I4O12,1.705
Cu2I6,3.0795
Cu2MoO4,1.625
Cu2MoSe4,2.949
Cu2MoTe4,3.225
Cu2O12Sb4,1.656
Cu2O2,2.276
Cu2O4S,1.067
Cu2O6Si2,1.365
Cu2P2S6,3.697
Cu2P2Se6,3.79
Cu2P2Te6,4.02
Cu2PtC6N8,1.153
Cu2ReBr6,3.068
Cu2ReCl6,2.872
Cu2ReF6,2.081
Cu2ReI6,3.358
Cu2S,1.184
Cu2S2,2.8396666666666666
Cu2S4,2.257
Cu2S4Sb2,2.098
Cu2Sb2Se4,2.096
Cu2Se2,2.9555999999999996
Cu2Se4,2.341
Cu2Sr2,1.761
Cu2Te2,3.3240000000000003
Cu2Te4,3.4495
Cu2WO4,1.397
Cu2WS4,2.817
Cu2WSe4,2.964
Cu2WTe4,3.248
Cu3O4P,0.982
Cu4Cl4H4O4,1.694
Cu4Cl4O4,1.623
Cu4F4H4O4,1.059
Cu4Li2V2O12,1.163
Cu4O12Te2,1.53
Cu4O12Te4,1.197
CuBr,0.893
CuBr2,2.923
CuC6H4N6O2,1.228
CuCl2,2.922333333333333
CuF2,1.147
CuH2,2.095
CuH2O2,1.476
CuI2,3.3836666666666666
CuInP2Se6,2.055
CuLi2,2.504
CuLi2O2,0.671
CuO2,2.340666666666667
CuS2,3.547333333333333
CuSe2,3.7003333333333335
CuSr2Br2O2,4.42
CuSr2Br2S2,4.041
CuSr2Cl2O2,4.211
CuSr2Cl2S2,3.816
CuSr2I2O2,4.949
CuSr2I2S2,4.548
CuTe2,4.049333333333333
CuV2O6,1.088
F2Ge,1.518
F2Ge2,2.659
F2Sb,3.398
F2Sb2,5.931
F2Si2,2.663
Fe2Br2,3.738
Fe2Br2N2,3.94
Fe2Br2O2,3.757
Fe2Br6,2.795
Fe2Cl2,4.015000000000001
Fe2Cl2O2,3.679
Fe2Cl6,2.7960000000000003
Fe2F2,3.7205000000000004
Fe2F2O2,1.892
Fe2Ga2S5,3.8215000000000003
Fe2H2O4,3.578
Fe2I2,3.886
Fe2I2O2,4.17
Fe2I2S2,4.392
Fe2I6,3.186
Fe2In2Se5,3.754
Fe2Li2As2,3.17
Fe2Li2P2,3.019
Fe2Li2Sb2,3.926
Fe2Mg2Ge2,3.968
Fe2Mg2Si2,3.216
Fe2Mo2Cl2O8,1.35
Fe2Na2P2,3.037
Fe2O2,3.27
Fe2O4,2.067
Fe2P2S6,2.093
Fe2P2Se6,2.117
Fe2P2Te6,4.0
Fe2S2,3.71475
Fe2S4,3.963
Fe2Se2,3.1115
Fe2Se4,3.178
Fe2Sr2Ge2,4.447
Fe2Sr2Si2,3.842
Fe2Sr3Br2O5,3.626
Fe2Sr4Br2O6,4.054
Fe2Ta2Te6,2.421
Fe2Te2,4.119400000000001
Fe2Te4,3.375
Fe2Te6,5.318
Fe2W2Cl2O8,1.359
Fe3GeTe2,4.867
Fe3S4,4.1655
Fe3Se4,3.91
Fe4S8,2.208
FeBr2,3.0096666666666665
FeCl2,3.051
FeF2,2.907
FeGa2S4,3.246
FeH2,2.365
FeH2O2,2.139
FeHfBr6,3.06
FeHfCl6,3.094
FeHfF6,2.458
FeHfI6,3.422
FeI2,3.3870000000000005
FeLi2,2.809
FeMn2C6N6,0.796
FeO2,3.001333333333333
FeS2,3.5273333333333334
FeSe2,3.6183333333333336
FeSn2C6N6,0.97
FeTe2,4.270666666666667
FeZn2C6N6,0.861
FeZrBr6,3.062
FeZrCl6,3.093
FeZrF6,2.487
FeZrI6,3.399
Ga2Br2,1.414
Ga2Br2N2,3.979
Ga2Br2O2,3.742
Ga2Br2S2,3.442
Ga2Br2Se2,3.399
Ga2Br6,2.6775
Ga2Cl2,1.334
Ga2Cl2N2,3.899
Ga2Cl2O2,3.654
Ga2Cl2S2,3.393
Ga2Cl2Se2,3.356
Ga2Cl2Te2,1.847
Ga2Cl6,2.6985
Ga2F4H10N4,1.035
Ga2Ge2Te2,2.826
Ga2H2O8Se2,1.576
Ga2I2,1.71
Ga2I2N2,4.481
Ga2I2O2,4.208
Ga2I2S2,3.806
Ga2I2Se2,3.728
Ga2I6,3.042
Ga2In2S6,2.686
Ga2Mn2S5,3.684
Ga2MnS4,3.21
Ga2NiS4,3.109
Ga2O2,2.8225
Ga2P2,1.416
Ga2P2Se6,3.501
Ga2P2Te6,3.694
Ga2S2,3.186
Ga2S4,2.585
Ga2Se2,2.866
Ga2Se4,2.048
Ga2Te2,3.13
Ga2Te3,1.667
Ga2Te4,2.371
Ga2Y2I2,3.031
GaAs,1.991
GaBr2,2.602
GaC,1.804
GaCl2,2.5589999999999997
GaF2,1.696
GaH2O2,1.867
GaI2,2.9613333333333336
GaN,1.896
GaNi5Br2,4.575
GaNi5Cl2,4.584
GaNi5I2,4.818
GaO2,2.195
GaP,1.955
GaPd5Br2,4.843
GaPd5Cl2,4.897
GaPd5I2,5.044
GaPt5Br2,5.403
GaPt5Cl2,5.524
GaPt5I2,5.619
GaS2,2.975
GaSe2,3.046
GaTe2,3.142
Ge2,2.134
Ge2H2,1.965
Ge2I2,4.318
Ge2I2N2,4.598
Ge2I2O2,4.207
Ge2I2S2,3.942
Ge2I2Se2,3.961
Ge2P2S6,3.481
Ge2P2Se6,3.553
Ge2P2Te6,3.679
Ge2S2,2.6255
Ge2S4,2.65
Ge2Se2,2.758
Ge2Se4,2.736
Ge2Te2,2.9604999999999997
Ge2Te4,2.134
Ge3O9Sb2,1.088
Ge6N2,2.09
Ge6P2,2.1
Ge6Sb2,2.13
GeH2O2,1.495
GeI2,2.8425000000000002
GeO,2.644
GeO2,3.280333333333333
GeS,2.663
GeS2,3.5156666666666667
GeSe,2.627
GeSe2,3.5393333333333334
GeTe,2.628
GeTe2,3.7106666666666666
H2O2Sb,1.766
H2Si2,1.886
H4O10Si4,1.208
H4O12Te4,1.744
Hf2Br2,4.686
Hf2Br2N2,3.7115
Hf2Br2O2,4.048
Hf2Br2S2,4.021
Hf2Br2Se2,4.039
Hf2Br4,3.857
Hf2Br6,3.18
Hf2C,4.779
Hf2CF2,4.754
Hf2CH2O2,4.271
Hf2CO2,4.979
Hf2Cl2,4.673
Hf2Cl2N2,3.6345
Hf2Cl2O2,4.04
Hf2Cl2S2,3.963
Hf2Cl2Se2,3.973
Hf2Cl4,3.914
Hf2Cl6,3.225
Hf2F2,4.019
Hf2F2N,4.977
Hf2Ge2Te8,2.303
Hf2H2NO2,4.634
Hf2I2,5.0925
Hf2I2N2,4.077
Hf2I2O2,4.408
Hf2I2S2,4.366
Hf2I2Se2,4.356
Hf2I4,4.215
Hf2I6,3.4655
Hf2N,4.972
Hf2NO2,5.295
Hf2O2,3.218666666666666
Hf2O6,4.712
Hf2P2S6,3.489
Hf2P2Se6,3.609
Hf2P2Te6,3.759
Hf2S2,3.9938000000000002
Hf2S6,5.001
Hf2Se2,4.1578
Hf2Se6,5.138
Hf2Si2Te2,3.493
Hf2Te10,2.113
Hf2Te2,4.4172
Hf2Te6,5.323
Hf2Ti2S8,3.893
Hf2Ti2Se8,3.99
Hf2Ti2Te8,4.149
Hf2Zr2S8,3.94
Hf2Zr2Se8,4.025
Hf2Zr2Te8,4.174
Hf3C2,6.087
Hf3C2F2,5.896
Hf3C2H2O2,5.286
Hf3C2O2,6.425
Hf3F2N2,6.578
Hf3H2N2O2,6.082
Hf3N2,6.729
Hf3N2O2,6.774
Hf3Te2,3.23
Hf3TiS8,3.941
Hf3TiSe8,4.031
Hf3TiTe8,4.162
Hf3ZrS8,3.964
Hf3ZrSe8,4.05
Hf3ZrTe8,4.183
Hf4Br4O4,3.561
Hf4Br4S4,3.795
Hf4Br4Se4,3.906
Hf4C3,7.244
Hf4C3F2,6.818
Hf4C3H2O2,6.219
Hf4C3O2,7.42
Hf4Cl4O4,3.573
Hf4Cl4S4,3.886
Hf4Cl4Se4,3.984
Hf4F2N3,7.385
Hf4H2N3O2,6.965
Hf4I4O4,3.845
Hf4I4S4,3.933
Hf4I4Se4,4.013
Hf4N3,8.014
Hf4N3O2,8.012
HfAs2,4.6485
HfAsSb,4.9735
HfBr2,3.9563333333333333
HfBrCl,4.066
HfBrI,4.2515
HfCl2,4.035333333333333
HfClI,4.2535
HfF2,3.393
HfH2,2.536
HfH2O2,2.504
HfI2,4.222333333333333
HfLi2,2.629
HfMnF6,2.493
HfMnI6,3.218
HfNa2H6O6,0.787
HfNiBr6,2.889
HfNiCl6,2.885
HfNiI6,3.287
HfO2,3.0556666666666668
HfPd2,1.265
HfS2,3.5080000000000005
HfSSe,3.7875
HfSTe,3.916
HfSb2,5.9595
HfSe2,3.594
HfSeTe,3.9695
HfTe2,3.7093333333333334
HfTi3S8,3.881
HfTi3Se8,3.987
HfTi3Te8,4.143
HfZr3S8,3.926
HfZr3Se8,4.012
HfZr3Te8,4.163
Hg2Br2,3.6395
Hg2Br2N2,3.756
Hg2Br2O2,3.451
Hg2Br2S2,4.262
Hg2Br2Se2,4.713
Hg2Cl2,3.6369999999999996
Hg2Cl2N2,3.72
Hg2Cl2O2,3.416
Hg2Cl2S2,4.027
Hg2Cl2Se2,4.017
Hg2F2,3.726
Hg2GeO4,0.908
Hg2I2,3.6895
Hg2I2N2,4.184
Hg2I2O2,3.894
Hg2I2S2,3.831
Hg2I2Se2,4.728
Hg2K4Cl8,1.22
Hg2O4,2.671
Hg2P2S6,3.575
Hg2P2Se6,3.621
Hg2P2Te6,3.762
Hg2Pt4Se6,2.641
Hg2Se2,3.351
Hg2Te2,3.415
Hg2Te4,4.382
Hg2V2O6,1.115
Hg3B2O6,0.585
Hg4I8,1.329
Hg4K2Cl6O6S2,2.463
Hg4Mo2O8,1.731
Hg4W2O8,1.772
HgBr2,2.7693333333333334
HgCl2,2.7693333333333334
HgF2,1.598
HgH2O2,1.507
HgH2S2,2.257
HgI2,3.067
HgO,1.774
HgO2,2.3682499999999997
HgS,1.988
HgS2,3.236333333333333
HgSe,1.998
HgSe2,3.4083333333333337
HgTe,2.069
HgTe2,4.214333333333333
I2Sb,3.897
I2Sb2,3.5615
I6Sb2,2.985
ISSb,3.5505
ISbSe,3.5635000000000003
ISbTe,3.5975
In2Br2,2.7205
In2Br2N2,4.114
In2Br2O2,3.846
In2Br2S2,3.503
In2Br2Se2,3.459
In2Br6,2.6305
In2Cl2,2.7295
In2Cl2N2,4.034
In2Cl2O2,3.772
In2Cl2S2,3.462
In2Cl2Se2,3.421
In2Cl6,2.6479999999999997
In2F2,3.897
In2I2,2.9505
In2I2N2,4.433
In2I2O2,4.261
In2I2S2,3.811
In2I2Se2,3.736
In2I6,2.9699999999999998
In2MnSe4,3.226
In2O2,3.0315
In2P2S6,3.444
In2P2Se6,3.438
In2P2Te6,3.559
In2S2,3.3536
In2S4,3.156
In2Se2,2.91525
In2Se3,2.5380000000000003
In2Se4,2.189
In2Si2Te6,2.08
In2Te2,3.25375
In2Te4,1.9525000000000001
In2Te5,1.797
In2Zn2S5,3.69
In2Zn3S6,4.146
In2ZnS4,3.183
In3Te4,3.552
In4Br4Te4,1.646
In4Br8,2.353
In4I4Te4,1.762
InAs,2.0685000000000002
InBr2,2.5396666666666667
InC,2.016
InCl2,2.492
InF2,1.88
InH2O2,1.798
InI2,2.9073333333333333
InLiI4O12,2.31
InN,2.077
InNaI4O12,2.204
InNi5Br2,4.658
InNi5Cl2,4.664
InNi5I2,4.915
InP,2.049
InPd5Br2,4.929
InPd5Cl2,4.994
InPd5I2,5.137
InPt5Br2,5.466
InPt5Cl2,5.595
InPt5I2,5.68
InS2,2.983
InSb,2.073
InSe2,3.06
InSiTe3,1.002
InTe2,3.146
Ir2Br2,4.6899999999999995
Ir2Br2N2,4.564
Ir2Br2O2,3.876
Ir2Br2S2,4.135
Ir2Br2Se2,4.039
Ir2Br4,3.089
Ir2Br6,2.9939999999999998
Ir2Cl2,4.7155000000000005
Ir2Cl2N2,4.478
Ir2Cl2O2,3.836
Ir2Cl2S2,4.096
Ir2Cl2Se2,4.015
Ir2Cl6,2.8884999999999996
Ir2F2,5.1945
Ir2I2,4.639
Ir2I2N2,4.996
Ir2I2O2,4.289
Ir2I2S2,4.484
Ir2I2Se2,4.344
Ir2I6,3.4015
Ir2Nb2Te8,2.39
Ir2O2,4.083666666666667
Ir2O4,3.295
Ir2O6,4.337
Ir2P2S6,3.745
Ir2P2Se6,3.758
Ir2P2Te6,3.945
Ir2S2,4.7356
Ir2S4,3.3135
Ir2S6,4.32
Ir2Se2,4.7872
Ir2Se4,3.341
Ir2Se6,5.211
Ir2Ta2Te8,2.394
Ir2Te2,4.205
Ir2Te4,3.468
Ir2Te6,5.364
Ir4S8,3.934
Ir4Se8,3.988
Ir4Te8,4.013
Ir5Te10,2.215
IrBr2,3.286
IrCl2,3.355333333333333
IrF2,3.855
IrH2,2.81
IrI2,3.703333333333333
IrLi2,3.465
IrO2,3.6056666666666666
IrS2,3.9459999999999997
IrSe2,4.020333333333333
IrTe2,4.190666666666666
K,0.577
K2Br2,1.156
K2C2H2O6,1.221
K2C2O6,1.382
K2C4,1.187
K2C4H6O6,1.376
K2C6H6O6,1.429
K2Cl2,1.11
K2Cl2O6,1.47
K2F2,0.937
K2I2,1.336
K2N2O6,1.298
K2Os2Br8N2O4,1.616
K2Os2F10N2O2,1.925
K2Pt2Cl6N2,1.515
KI2,2.766
KS2,4.963
KSe2,4.906
KTe2,4.826
KTiS2,2.442
Li2B2,0.818
Li2Cl2O4,0.993
Li2F2O2,1.638
Li2F2S2,1.206
Li2H2O2,0.878
Li2H2S2,1.342
Li2H4N2,0.717
Li2H4N2O6,1.233
Li2Mn,2.532
Li2Mn2P2,3.181
Li2Mo,3.52
Li2Nb,3.275
Li2Ni,2.62
Li2Ni2As2,2.771
Li2Ni2P2,2.669
Li2Ni2Sb2,3.09
Li2Os,3.795
Li2Pb,2.345
Li2PdH2,0.965
Li2Pt,3.131
Li2PtH6O6,0.949
Li2Re,3.807
Li2Rh,2.833
Li2Ru,3.315
Li2Sc,2.17
Li2Ta,3.322
Li2Ti,2.608
Li2Ti2Cl2N2,2.265
Li2V,3.023
Li2V4O10,1.419
Li2W,3.583
Li2Zr,2.664
Li4CO4,0.783
Li4O8Sb4,1.958
Li4Zn2Si2,1.72
Li6H2O8Te2,1.119
LiC12,2.265
LiC5H5N2O5,0.648
LiNiP2S6,1.966
Mg2Cl4,1.53
Mg2Mn2Ge2,3.749
Mg2Mn2Si2,3.598
Mg2Mo2O12Te2,2.797
Mg2P2S6,1.95
Mg2P2Se6,1.976
MgB2H8,0.999
MgBr2,2.9495
MgCl2,2.3983333333333334
MgF2O2,2.922
MgF2S2,3.159
MgH2O2,1.4
MgH2S2,1.994
MgI2,3.2720000000000002
MgNa2H4O8S2,1.327
Mn2Br2,3.192
Mn2Br2O2,3.727
Mn2Br2S4Sb2,1.642
Mn2Br2Sb2Se4,1.622
Mn2Br2Se2,3.617
Mn2Br6,2.781
Mn2C,3.788
Mn2CF2,4.592
Mn2CH2O2,3.039
Mn2Cl2,3.399
Mn2Cl2N2,3.831
Mn2Cl2O2,3.666
Mn2Cl2S4Sb2,1.578
Mn2Cl2Se2,3.504
Mn2Cl6,2.7664999999999997
Mn2F2,2.039
Mn2F2N,4.244
Mn2H2NO2,2.972
Mn2H2O4,2.739
Mn2H2S4,3.594
Mn2H4O8S2,1.366
Mn2I2,3.548
Mn2I2Sb2Se4,1.756
Mn2I2Se2,3.862
Mn2I6,3.202
Mn2Mo2O12Te2,2.824
Mn2N,4.439
Mn2NO2,4.926
Mn2O2,3.101
Mn2O8Se2,1.618
Mn2P2S6,2.013
Mn2P2Se6,2.053
Mn2S2,3.903
Mn2Se2,2.8535000000000004
Mn2Se4,4.136
Mn2Sn2Sr2,4.064
Mn2Sr2Ge2,2.421
Mn2Te2,3.972
Mn2Te6,5.104
Mn3C2,4.879
Mn3C2F2,5.857
Mn3C2H2O2,4.062
Mn3C2O2,6.251
Mn3F2N2,5.686
Mn3H2N2O2,4.203
Mn3N2,4.514
Mn4C3,6.302
Mn4C3F2,7.259
Mn4C3H2O2,5.017
Mn4C3O2,7.213
Mn4H2N3O2,5.298
Mn4N3,6.394
Mn4N3O2,7.432
Mn4Pb4O12,2.844
MnBr2,2.8143333333333334
MnC6N4Se2,1.224
MnCl2,2.8183333333333334
MnF12Sb2,2.185
MnF2,3.018
MnH2,2.242
MnH2O2,1.538
MnI2,3.1790000000000003
MnNa2F3O7P2,1.779
MnO2,2.876
MnRe2O8,1.607
MnS2,3.4633333333333334
MnSe2,3.4953333333333334
MnTe2,3.6163333333333334
MnZrBr6,2.795
MnZrCl6,3.117
MnZrF6,2.51
MnZrI6,3.201
Mo2BO2,5.759
Mo2BS2,6.405
Mo2BSe2,6.557
Mo2Br2,5.1295
Mo2Br2N2,4.537
Mo2Br2O2,4.566
Mo2Br2S2,4.613
Mo2Br2Se2,4.59
Mo2Br4,3.833
Mo2Br4O4,1.753
Mo2C,5.07
Mo2CF2,6.065
Mo2CH2O2,4.637
Mo2CO2,5.612
Mo2CS2,6.357
Mo2CSe2,6.46
Mo2Cl2,5.1315
Mo2Cl2N2,4.481
Mo2Cl2O2,4.53
Mo2Cl2S2,4.671
Mo2Cl2Se2,4.666
Mo2Cl4,4.312
Mo2Cl6,2.7515
Mo2F2,5.325
Mo2F2N,6.337
Mo2H2NO2,5.145
Mo2I2,4.8795
Mo2I2N2,4.771
Mo2I2O2,4.973
Mo2I2S2,4.253
Mo2I2Se2,5.004
Mo2I4,4.095
Mo2I6,3.312
Mo2N,5.737
Mo2NO2,6.498
Mo2NS2,6.101
Mo2NSe2,6.267
Mo2O10P2,1.465
Mo2O2,4.082
Mo2O4,3.846
Mo2O6,2.335
Mo2P2S6,4.102
Mo2P2Se6,3.941
Mo2P2Te6,4.144
Mo2S2,4.553
Mo2S4,3.356
Mo2S6,5.74
Mo2Se2,4.9722
Mo2Se4,3.402
Mo2Se6,5.109
Mo2Ta2O11,2.21
Mo2Te2,4.94025
Mo2Te4,3.5549999999999997
Mo2Te6,5.453
Mo2V2O10,1.328
Mo2W2S8,4.584
Mo2W2Se8,4.635
Mo2W2Te8,4.791
Mo2Zn2O12Te2,2.818
Mo2Zn2O8,2.059
Mo2ZrO8,1.636
Mo3C2,7.173
Mo3C2F2,7.683
Mo3C2H2O2,5.833
Mo3C2O2,7.757
Mo3F2N2,7.993
Mo3H2N2O2,6.647
Mo3N2,7.75
Mo3N2O2,8.534
Mo3WS8,4.556
Mo3WSe8,4.609
Mo3WTe8,4.769
Mo4C3,8.281
Mo4C3F2,8.193
Mo4C3H2O2,6.027
Mo4C3O2,8.959
Mo4F2N3,7.701
Mo4H2N3O2,6.224
Mo4N3,9.101
Mo4N3O2,8.234
MoAs2,5.2095
MoAsSb,5.158
MoBr2,4.0200000000000005
MoBrCl,4.2005
MoBrI,4.0755
MoCl2,4.226666666666667
MoClI,4.404999999999999
MoF2,3.68
MoH2,2.912
MoH2O2,3.724
MoI2,3.8689999999999998
MoO2,3.4623333333333335
MoOS,4.272
MoOSe,4.358
MoOTe,4.521
MoS2,3.961
MoSSe,4.465999999999999
MoSTe,4.632
MoSb2,5.608499999999999
MoSe2,4.0680000000000005
MoSeTe,4.6655
MoTe2,4.233666666666667
MoW3S8,4.613
MoW3Se8,4.661
MoW3Te8,4.812
N2Si6,2.314
Na,0.37
Na2B2H8O8,0.829
Na2C2H6N8O2,1.045
Na2C2N2S2,1.198
Na2C4,1.176
Na2F2O2,1.151
Na2F2S2,1.96
Na2H2O2,0.6910000000000001
Na2H2S2,1.096
Na2H8I2O4,1.156
Na2Nb2Cl12,1.811
Na2Ni2As2,2.594
Na2Ni2P2,2.663
Na2Ni2Sb2,2.614
Na2PtH6O6,0.884
Na2SnH6O6,0.837
Na2Ta2Cl12,1.823
Na4As4O8,1.553
Na4O8S4,1.388
NaBr4C6O2,1.53
NaNb3O4,1.616
NaW2Br6O2,1.723
Nb2As2Ge2,3.509
Nb2BO2,5.407
Nb2BS2,6.143
Nb2BSe2,6.291
Nb2Br2,3.8419999999999996
Nb2Br2N2,4.144
Nb2Br2O2,4.394
Nb2Br2S2,4.332
Nb2Br2Se2,4.346
Nb2Br4O2,1.814
Nb2Br4S4,1.851
Nb2Br4Se4,1.885
Nb2Br6,3.378
Nb2C,4.84
Nb2CF2,4.98
Nb2CH2O2,4.282
Nb2CO2,5.545
Nb2CS2,6.369
Nb2CSe2,6.545
Nb2Cl2,3.5915
Nb2Cl2N2,4.075
Nb2Cl2O2,4.372
Nb2Cl2S2,4.271
Nb2Cl2Se2,4.295
Nb2Cl4,3.902
Nb2Cl4S4,1.87
Nb2Cl4Se4,1.909
Nb2Cl6,3.4749999999999996
Nb2F2,4.3065
Nb2F2N,5.945
Nb2Ge2Sb2,3.596
Nb2H2NO2,4.891
Nb2I2,4.145
Nb2I2N2,4.573
Nb2I2O2,4.764
Nb2I2O4,2.93
Nb2I2S2,4.712
Nb2I2Se2,4.689
Nb2I4,4.158
Nb2I4O2,2.049
Nb2I6,3.496
Nb2N,4.928
Nb2NO2,5.636
Nb2NS2,6.315
Nb2NSe2,6.486
Nb2Ni2Te10,2.232
Nb2O2,3.6703333333333332
Nb2O4,3.52
Nb2O6,5.09
Nb2Os2Te8,2.443
Nb2P2S6,4.292
Nb2P2Se6,4.035
Nb2P2Te6,4.36
Nb2Pd2Te10,2.216
Nb2PdS6,2.116
Nb2PdSe6,2.198
Nb2S2,4.5918
Nb2S6,5.511
Nb2Se2,4.775799999999999
Nb2Se6,5.536
Nb2Te2,4.9348
Nb2Te4,2.352
Nb2Te6,5.635
Nb3Br7S,1.885
Nb3Br8,1.879
Nb3C2,6.389
Nb3C2F2,6.577
Nb3C2H2O2,5.24
Nb3C2O2,7.027
Nb3Cl7Te,1.881
Nb3Cl8,1.898
Nb3F2N2,7.52
Nb3H2N2O2,6.061
Nb3I7Te,2.1
Nb3I8,2.106
Nb3N2,7.33
Nb3N2O2,7.41
Nb3Te6,2.466
Nb4C3,7.741
Nb4C3F2,7.75
Nb4C3H2O2,6.271
Nb4C3O2,8.299
Nb4F2N3,7.731
Nb4Ge2Te8,2.487
Nb4H2N3O2,6.719
Nb4I2Te12,2.009
Nb4N3,8.224
Nb4N3O2,8.499
Nb4Ni4Te8,2.578
Nb4O8,3.227
Nb4S12,3.051
Nb4Si2Te8,2.506
Nb6Ge2Te12,2.471
Nb6Si2Te12,2.494
Nb8C4,5.154
NbAs2,4.9745
NbAsSb,4.694
NbBr2,4.084333333333333
NbBrCl,4.2435
NbBrI,4.401
NbCl2,4.214666666666667
NbClI,4.417
NbF2,3.642
NbF4,1.244
NbH2,2.789
NbH2O2,3.416
NbI2,4.313
NbO2,3.1843333333333335
NbS2,3.7449999999999997
NbSSe,4.097
NbSTe,4.250500000000001
NbSb2,5.7415
NbSe2,3.840666666666666
NbSeTe,4.317
NbTe2,4.016
Ni2As2O7,1.262
Ni2Br2,3.1805000000000003
Ni2Br2N2,3.98
Ni2Br2O2,3.59
Ni2Br2S2,3.579
Ni2Br2Se2,3.575
Ni2Br6,2.66
Ni2Cl2,3.232
Ni2Cl2N2,3.752
Ni2Cl2O2,3.747
Ni2Cl2S2,3.475
Ni2Cl2Se2,3.731
Ni2Cl6,2.67
Ni2F2,3.2975
Ni2F2O4,3.612
Ni2F2S4,4.116
Ni2H2O4,2.616
Ni2H2S4,3.651
Ni2I2,3.582
Ni2I2N2,4.524
Ni2I2O2,4.126
Ni2I2S2,3.991
Ni2I2Se2,3.926
Ni2I6,3.1615
Ni2O2,2.437
Ni2P2S6,3.755
Ni2P2Se5,1.911
Ni2P2Se6,3.81
Ni2P2Te6,3.931
Ni2S2,3.3457999999999997
Ni2S4,2.546
Ni2S6,4.611
Ni2Sb2Si2,2.465
Ni2SbTe2,2.847
Ni2Se2,3.418
Ni2Se4,2.597
Ni2Se6,4.923
Ni2Ta2Te10,2.237
Ni2Ta4S10,2.117
Ni2Ta4Se10,2.189
Ni2Te2,3.7963999999999998
Ni2Te4,2.731
Ni2Te6,4.544
Ni4Ta2Se2Te2,3.004
Ni4Ta2Te4,3.106
Ni4Ta2Te6,2.378
Ni4Ta4Te8,2.611
Ni8As4Si4,2.56
NiBr2,2.857333333333333
NiC10Cl2N2,1.374
NiC12Cl2N2,1.227
NiC2N2S2,1.507
NiC4Cl2N2,1.549
NiC4H8N2O4,0.976
NiC6Cl2H4N2,1.165
NiCl2,2.7390000000000003
NiCl2O8,1.876
NiF2,1.566
NiH2,2.046
NiH2O2,1.511
NiI2,3.265333333333333
NiO2,2.630333333333333
NiPS3,1.015
NiRe2O8,1.667
NiS2,3.388333333333333
NiSe2,3.739333333333333
NiTe2,3.9586666666666672
NiV2Se4,3.862
NiZrBr6,2.872
NiZrCl6,2.869
NiZrF6,2.038
NiZrI6,3.267
O10P4,1.513
O14S2Te4,2.085
O2Sb,2.298
O4S8Sb8,1.561
O6Sb4,1.169
O8P2Sb2,1.452
O8Te4,1.843
OS2Sb2,4.309
OSb2Se2,4.287
OSb2Te2,4.3
Os2Br2,4.9235
Os2Br2N2,4.53
Os2Br2O2,3.884
Os2Br2S2,4.336
Os2Br2Se2,4.199
Os2Br6,2.877
Os2Cl2,4.8865
Os2Cl2N2,4.55
Os2Cl2O2,3.839
Os2Cl2S2,4.291
Os2Cl2Se2,4.175
Os2Cl6,2.98
Os2F2,5.4245
Os2I2,4.7245
Os2I2O2,4.35
Os2I2S2,4.695
Os2I2Se2,4.528
Os2I6,3.3594999999999997
Os2O2,4.425666666666666
Os2O4,3.91
Os2P2S6,3.78
Os2P2Se6,3.793
Os2P2Te6,3.999
Os2S2,5.080800000000001
Os2S4,3.4939999999999998
Os2Se2,4.775
Os2Se4,3.495
Os2Se6,5.265
Os2Ta2Te8,2.453
Os2Te2,5.085800000000001
Os2Te4,3.6205
Os2Te6,5.357
OsBr2,3.531333333333333
OsCl2,3.638333333333333
OsCl2O,1.752
OsF2,3.926
OsH2,3.031
OsH2O2,2.154
OsI2,3.801
OsO2,3.864333333333333
OsS2,4.112
OsSe2,4.171
OsTe2,4.36
P2,1.496
P2Sb2Se6,3.407
P2Sb2Te6,3.51
P2Si6,2.214
P4,3.233
P8Si4,1.989
Pb2Br2,3.815
Pb2Br2N2,4.044
Pb2Br2O2,3.819
Pb2Br2S2,3.575
Pb2Br2Se2,4.319
Pb2Br4,1.169
Pb2Cl2,3.7745
Pb2Cl2N2,3.986
Pb2Cl2O2,3.72
Pb2Cl2S2,3.538
Pb2Cl2Se2,4.459
Pb2F2,3.856
Pb2I2,4.445
Pb2I2N2,4.428
Pb2I2O2,4.411
Pb2I2S2,3.82
Pb2I2Se2,3.808
Pb2O2,1.8383333333333336
Pb2P2S6,3.403
Pb2P2Se6,3.459
Pb2P2Te6,3.573
Pb2S2,2.5736666666666665
Pb2S4,2.653
Pb2Se2,2.75775
Pb2Se4,2.738
Pb2Se6,3.807
Pb2Te2,3.092
Pb2Te4,2.86
Pb2Te6,4.238
Pb4O4,1.587
Pb6As2,1.994
Pb6N2,1.967
Pb6P2,1.988
Pb6Sb2,2.038
PbBr2,2.634
PbCl2,2.578666666666667
PbF2,1.677
PbF4,2.096
PbH2O2,1.661
PbI2,2.955666666666667
PbO,2.391
PbO2,3.049666666666667
PbS,2.543
PbS2,2.8866666666666667
PbSb2Te4,3.584
PbSe,2.553
PbSe2,2.9126666666666665
PbTe,2.554
PbTe2,3.766
PbWO4,1.271
Pd2Br2,3.4915000000000003
Pd2Br2N2,3.957
Pd2Br2O2,3.56
Pd2Br2S2,3.523
Pd2Br6,2.602
Pd2Cl2,3.5765000000000002
Pd2Cl2N2,3.923
Pd2Cl2O2,3.43
Pd2Cl2S2,3.497
Pd2Cl2Se2,3.513
Pd2Cl4,1.411
Pd2Cl6,2.6014999999999997
Pd2F2,3.252
Pd2I2,3.7190000000000003
Pd2I2N2,4.583
Pd2I2O2,4.051
Pd2I2S2,3.838
Pd2I2Se2,3.873
Pd2I4O12,1.798
Pd2I6,2.987
Pd2N4O12,1.268
Pd2O2,4.187
Pd2O6Se2,1.524
Pd2P2S6,3.79
Pd2P2Se6,3.826
Pd2P2Te6,4.01
Pd2S2,3.794333333333333
Pd2S4,2.605
Pd2Se2,3.8669999999999995
Pd2Se4,2.639
Pd2Te2,4.0343333333333335
Pd2Te4,2.763
Pd3P2S8,1.708
Pd3Ta3Te14,2.239
Pd4I8,1.561
Pd4P4S4,2.345
Pd4P4Se4,2.348
Pd4Tl2Se6,1.802
Pd6Ta4Te10,2.477
PdBr2,2.9753333333333334
PdCl2,2.9773333333333336
PdF2,2.746
PdH2O2,1.537
PdI2,3.4316666666666666
PdO,1.169
PdO2,2.6863333333333332
PdS2,3.249333333333333
PdSe2,3.7696666666666663
PdTa2S6,2.136
PdTa2Se6,2.193
PdTe2,3.9766666666666666
Pt2Br2,4.2805
Pt2Br2N2,4.167
Pt2Br2O2,3.502
Pt2Br2S2,3.599
Pt2Br2Se2,3.587
Pt2Br6,2.6734999999999998
Pt2Cl2,4.022
Pt2Cl2N2,4.11
Pt2Cl2O2,3.388
Pt2Cl2S2,3.556
Pt2Cl2Se2,3.559
Pt2Cl6,2.686
Pt2F2,3.305
Pt2I2,4.2245
Pt2I2N2,4.576
Pt2I2O2,4.16
Pt2I2S2,3.944
Pt2I2Se2,3.867
Pt2I4,3.69
Pt2I6,3.068
Pt2O2,3.372
Pt2P2S6,3.876
Pt2P2Se6,3.758
Pt2P2Te6,3.739
Pt2S2,3.821
Pt2S4,2.791
Pt2Se2,3.9899999999999998
Pt2Se4,2.794
Pt2Se6,4.395
Pt2Ta2Te10,2.254
Pt2Ta4Se14,2.23
Pt2Te2,3.8088333333333337
Pt2Te4,2.896
Pt2Te6,4.659
Pt4I8,1.595
Pt4Tl2S6,1.828
Pt4Tl2Se6,1.871
Pt4Tl2Te6,1.957
PtBr2,3.0546666666666664
PtCl2,3.078
PtF2,3.341
PtH2,2.541
PtH2O2,1.683
PtI2,3.513666666666667
PtO2,3.313333333333333
PtS2,3.648
PtSe2,3.699666666666667
PtTe2,3.961
Rb2Br2,1.14
Rb2Br2F8,1.12
Rb2C2F6O6S2,1.889
Rb2C4,1.208
Rb2Cl2,1.111
Rb2F2,1.001
Rb2I2,1.287
RbI2,2.679
RbS2,4.964
RbSe2,5.041
RbSnS2,2.307
RbTe2,5.037
RbTiS2,2.53
Re2Br2,5.0615000000000006
Re2Br4,3.74
Re2Br6,3.3064999999999998
Re2Cl2,5.077500000000001
Re2Cl4,3.91
Re2Cl6,3.5665
Re2F2,5.0135000000000005
Re2I2,5.410500000000001
Re2I4,3.923
Re2I6,3.217
Re2N2,2.754
Re2O2,4.101666666666667
Re2O4,4.091
Re2S2,4.68975
Re2S4,4.392
Re2Se2,4.866
Re2Se4,4.441
Re2Te2,5.45425
Re2Te4,4.677
Re2ZnO8,1.649
Re4O8,3.843
Re4S8,4.29
Re4Se8,4.402
Re4Te8,4.665
Re6Cl2Se8,2.648
ReBr2,3.9153333333333333
ReCl2,4.226666666666667
ReF2,3.823
ReH2,3.032
ReI2,3.9363333333333332
ReO2,4.150666666666667
ReS2,4.003666666666667
ReSe2,4.066666666666666
ReTe2,4.181333333333334
Rh2Br2,3.8235
Rh2Br2N2,4.171
Rh2Br2O2,3.708
Rh2Br2S2,3.92
Rh2Br2Se2,3.88
Rh2Br4,3.074
Rh2Br6,2.857
Rh2Cl2,4.119
Rh2Cl2N2,4.238
Rh2Cl2O2,3.662
Rh2Cl2S2,3.893
Rh2Cl2Se2,3.86
Rh2Cl2Te2,1.889
Rh2Cl4,3.055
Rh2Cl6,2.7640000000000002
Rh2F2,4.1505
Rh2I2,3.926
Rh2I2N2,4.78
Rh2I2O2,4.139
Rh2I2S2,4.248
Rh2I2Se2,4.175
Rh2I6,3.2865
Rh2O2,3.3539999999999996
Rh2O6,4.526
Rh2P2S6,3.798
Rh2P2Se6,3.718
Rh2P2Te6,3.903
Rh2S2,4.0954
Rh2S4,3.137
Rh2Se2,4.1468
Rh2Se4,3.2
Rh2Ta2Te8,2.343
Rh2Te2,4.2106
Rh2Te4,3.3815
Rh2Te6,5.224
Rh4S8,3.736
Rh4Se8,3.771
RhBr2,3.090666666666667
RhCl2,3.1333333333333333
RhF2,3.327
RhH2,2.466
RhH2O2,1.703
RhI2,3.558
RhO2,2.8506666666666667
RhS2,3.7163333333333335
RhSe2,3.863
RhTe2,4.124
Ru2Br2,4.566
Ru2Br2N2,4.333
Ru2Br2O2,3.928
Ru2Br2S2,4.217
Ru2Br2Se2,4.104
Ru2Br6,2.761
Ru2Cl2,4.5565
Ru2Cl2N2,4.265
Ru2Cl2O2,3.881
Ru2Cl2S2,4.189
Ru2Cl2Se2,4.089
Ru2Cl6,2.856
Ru2F2,4.8685
Ru2F8,1.426
Ru2I2,4.35
Ru2I2N2,4.738
Ru2I2O2,4.228
Ru2I2S2,4.528
Ru2I2Se2,4.42
Ru2I6,3.3535
Ru2O2,3.98
Ru2O4,3.655
Ru2P2S6,3.893
Ru2P2Se6,3.865
Ru2P2Te6,3.993
Ru2S2,4.0409999999999995
Ru2S4,3.254
Ru2Se2,4.106
Ru2Se4,3.283
Ru2Se6,3.775
Ru2Ta2Te8,2.439
Ru2Te2,4.38125
Ru2Te4,3.4885
Ru2Te6,5.377
RuBr2,3.3343333333333334
RuCl2,3.4293333333333336
RuCl2O,1.717
RuF2,3.372
RuH2,2.731
RuH2O2,1.896
RuI2,3.6650000000000005
RuO2,3.031333333333333
RuS2,3.6010000000000004
RuSe2,3.6573333333333338
RuTe2,4.304333333333333
S2Sb,3.357333333333333
S2Sb2,4.067333333333333
S2Sb2Se,4.771
S2Sb2Te,4.885
S2Si,3.706
S2Si2,2.7065
S3Sb2,4.709
S4Sb2,2.742
S8Si4,1.575
SSb2Se2,4.698
SSb2Te2,4.722
Sb2,2.729
Sb2Se2,3.533333333333333
Sb2Se2Te,4.865
Sb2Se3,4.763
Sb2Se4,2.518
Sb2SeTe2,4.78
Sb2Si6,2.156
Sb2Te2,3.7775
Sb2Te3,4.871
Sb2Te4,2.555
Sb4,3.546
SbSe2,3.4303333333333335
SbTe2,3.697333333333333
Sc2Br2,3.8070000000000004
Sc2Br2N2,4.02
Sc2Br2O2,3.893
Sc2Br2S2,3.503
Sc2Br2Se2,3.483
Sc2Br4,3.257
Sc2Br6,2.6029999999999998
Sc2C,3.582
Sc2CCl2,2.683
Sc2CF2,3.807
Sc2CH2O2,2.562
Sc2CO2,4.133
Sc2Cl2,3.5509999999999997
Sc2Cl2H2,2.487
Sc2Cl2N,2.812
Sc2Cl2N2,4.098
Sc2Cl2O2,3.78
Sc2Cl2S2,3.412
Sc2Cl2Se2,3.393
Sc2Cl4,3.292
Sc2Cl6,2.6035
Sc2F2,2.9995000000000003
Sc2F2N,4.114
Sc2H2NO2,3.488
Sc2I2,4.232
Sc2I2N2,4.366
Sc2I2O2,4.348
Sc2I2S2,3.859
Sc2I2Se2,3.823
Sc2I6,2.976
Sc2N,3.931
Sc2NO2,4.145
Sc2O13Te5,1.46
Sc2O2,2.434
Sc2P2S6,3.444
Sc2P2S8,1.896
Sc2P2Se6,3.544
Sc2P2Te6,3.859
Sc2S2,3.1394
Sc2S4,3.122
Sc2S6,4.647
Sc2Se2,3.3756
Sc2Se6,4.883
Sc2Te2,3.5172
Sc2Te4,2.055
Sc2Te6,5.051
Sc3C2,4.394
Sc3C2F2,4.876
Sc3C2H2O2,3.185
Sc3C2O2,4.452
Sc3F2N2,5.202
Sc3H2N2O2,4.166
Sc3N2,4.961
Sc3N2O2,5.291
Sc4C3,4.552
Sc4C3F2,5.542
Sc4C3H2O2,3.746
Sc4C3O2,6.01
Sc4F2N3,5.966
Sc4H2N3O2,5.053
Sc4I4O4,2.705
Sc4N3,5.928
Sc4N3O2,6.329
Sc4S6,1.643
ScBr2,3.1046666666666667
ScCl2,3.1443333333333334
ScF2,2.452
ScH2,1.937
ScH2O2,2.737
ScI2,3.3193333333333332
ScO2,2.633
ScS2,3.014666666666667
ScSe2,3.161
ScTe2,3.7783333333333338
Se2Si,3.756
Se2Si2,2.7560000000000002
Si2,2.069
Si2Te2,3.0165
SiTe2,3.943
Sn2,2.136
Sn2Br2,3.8445
Sn2Br2N2,4.041
Sn2Br2O2,4.026
Sn2Br2S2,3.549
Sn2Br2Se2,3.551
Sn2C2H6O6P2,1.415
Sn2Cl2,3.8015
Sn2Cl2N2,3.962
Sn2Cl2O2,3.723
Sn2Cl2S2,3.504
Sn2Cl2Se2,3.506
Sn2F2,2.465
Sn2F2O6P2,1.651
Sn2H2,1.973
Sn2H2O6P2,1.377
Sn2I2,4.1855
Sn2I2N2,4.48
Sn2I2O2,4.519
Sn2I2S2,3.827
Sn2I2Se2,3.82
Sn2O2,1.3473333333333333
Sn2O6P2,1.407
Sn2O8S2,1.24
Sn2P2S6,3.362
Sn2P2Se6,3.419
Sn2P2Te6,3.547
Sn2PS6,1.978
Sn2S2,2.724
Sn2Se2,2.7855
Sn2Se4,2.703
Sn2Te2,2.9284999999999997
Sn2Te4,2.841
Sn6As2,2.091
Sn6N2,2.122
Sn6P2,2.069
Sn6Sb2,2.124
SnBr2,2.5696666666666665
SnCl2,2.518666666666667
SnF2,1.549
SnF4,2.238
SnH2O2,1.568
SnI2,2.908333333333333
SnO,2.605
SnO2,3.1166666666666667
SnS,2.678
SnS2,3.4250000000000003
SnSe,2.655
SnSe2,3.4263333333333335
SnTe,2.636
SnTe2,3.589666666666666
Sr2Br2,1.75
Sr2Br2H2,2.104
Sr2C,2.452
Sr2Cl4O8,1.51
Sr2F2,2.001
Sr2F2I2,2.493
Sr2H8O6,1.204
Sr2I2,2.687
Sr2N,3.564
Sr2O12P4,1.541
SrBr2,2.4443333333333332
SrCl2,2.394
SrF2,1.377
SrF2O2,2.276
SrH2O2,1.528
SrH2S2,1.913
SrI2,2.7456666666666667
SrSe2,3.808
SrTa2O7,3.046
SrTe2,4.082
Ta2BO2,5.519
Ta2BS2,6.225
Ta2BSe2,6.354
Ta2Br2,4.763
Ta2Br2N2,4.195
Ta2Br2O2,4.467
Ta2Br2S2,4.416
Ta2Br2Se2,4.436
Ta2Br4,3.834
Ta2Br6,3.4655
Ta2C,5.125
Ta2CF2,5.047
Ta2CH2O2,4.645
Ta2CO2,5.65
Ta2CS2,6.438
Ta2CSe2,6.601
Ta2Cl2,4.849
Ta2Cl2N2,4.171
Ta2Cl2O2,4.524
Ta2Cl2S2,4.351
Ta2Cl2Se2,4.374
Ta2Cl6,3.573
Ta2F2,4.359999999999999
Ta2F2N,6.116
Ta2H2NO2,5.201
Ta2I2,5.398
Ta2I2N2,4.627
Ta2I2O2,4.831
Ta2I2S2,4.79
Ta2I2Se2,4.775
Ta2I4,4.276
Ta2I4O2,2.103
Ta2I6,3.747
Ta2N,5.137
Ta2NO2,5.718
Ta2NS2,6.359
Ta2NSe2,6.48
Ta2O2,3.7543333333333333
Ta2O4,3.589
Ta2O6,5.165
Ta2P2S6,3.728
Ta2P2Se6,3.907
Ta2P2Te6,4.018
Ta2S2,4.6958
Ta2S6,5.575
Ta2Se2,4.906000000000001
Ta2Se6,5.55
Ta2Te2,4.929
Ta2Te4,2.635
Ta2Te6,5.631
Ta3C2,6.837
Ta3C2F2,6.651
Ta3C2H2O2,5.887
Ta3C2O2,7.237
Ta3F2N2,7.675
Ta3H2N2O2,6.458
Ta3I7Se,2.126
Ta3I7Te,2.128
Ta3N2,7.656
Ta3N2O2,7.638
Ta4C3,8.173
Ta4C3F2,7.859
Ta4C3H2O2,6.792
Ta4C3O2,8.472
Ta4F2N3,7.789
Ta4H2N3O2,7.213
Ta4N3,8.633
Ta4N3O2,8.639
Ta4O8,3.315
Ta4Se12,2.754
Ta4Se2,3.947
Ta4Te6,2.617
Ta6Si2Te12,2.519
TaAs2,5.0065
TaAsSb,4.687
TaBr2,4.240666666666667
TaBrCl,4.4305
TaBrI,4.5955
TaCl2,4.353666666666666
TaClI,4.6055
TaF2,3.669
TaH2,2.832
TaI2,4.472666666666666
TaO2,3.1993333333333336
TaS2,3.8046666666666664
TaSSe,4.1434999999999995
TaSTe,4.2905
TaSb2,5.862500000000001
TaSe2,3.880333333333333
TaSeTe,4.3385
TaTe2,4.028
Te2,1.1925
Ti2BO2,4.877
Ti2BS2,5.489
Ti2BSe2,5.978
Ti2Br2,3.4715
Ti2Br2N2,4.021
Ti2Br2O2,3.876
Ti2Br2S2,3.85
Ti2Br2Se2,3.837
Ti2Br6,2.205
Ti2CF2,4.525
Ti2CH2O2,3.608
Ti2CO2,4.799
Ti2CS2,5.781
Ti2CSe2,6.051
Ti2Cl2,3.378
Ti2Cl2N2,3.943
Ti2Cl2O2,3.822
Ti2Cl2S2,3.782
Ti2Cl2Se2,3.773
Ti2Cl4,3.664
Ti2Cl6,2.919
Ti2F2,3.7264999999999997
Ti2F2N,4.571
Ti2H2NO2,3.92
Ti2I2,3.96
Ti2I2N2,4.467
Ti2I2O2,4.277
Ti2I2S2,4.227
Ti2I2Se2,4.204
Ti2I4,4.018
Ti2I6,3.164
Ti2N,4.277
Ti2NO2,5.011
Ti2NS2,5.888
Ti2NSe2,6.102
Ti2O2,2.8976666666666664
Ti2O4,3.131
Ti2O6,4.408
Ti2P2S6,3.874
Ti2P2Se6,3.852
Ti2P2Te6,3.967
Ti2PTe2,3.257
Ti2S2,3.7736000000000005
Ti2S6,4.85
Ti2Se2,3.8893999999999997
Ti2Se6,5.03
Ti2Te2,4.2018
Ti2Te6,5.272
Ti2Zr2S8,3.861
Ti2Zr2Se8,3.961
Ti2Zr2Te8,4.13
Ti3B2F2O2,5.495
Ti3B2F2S2,6.282
Ti3B2F2Se2,6.141
Ti3B2H2O2,3.804
Ti3B2H2S2,4.361
Ti3B2H2Se2,4.649
Ti3C2,5.157
Ti3C2F2,5.715
Ti3C2H2O2,4.601
Ti3C2H2S2,4.889
Ti3C2H2Se2,5.225
Ti3C2O2,6.171
Ti3F2N2,6.072
Ti3H2N2O2,5.169
Ti3H2N2S2,5.736
Ti3H2N2Se2,6.451
Ti3N2,5.784
Ti3N2O2,6.485
Ti3ZrS8,3.868
Ti3ZrSe8,3.972
Ti3ZrTe8,4.138
Ti4Br4O4,3.437
Ti4Br4S4,3.629
Ti4Br4Se4,3.733
Ti4C3,6.168
Ti4C3F2,6.635
Ti4C3H2O2,5.295
Ti4C3O2,7.16
Ti4Cl4O4,3.45
Ti4Cl4S4,3.723
Ti4Cl4Se4,3.818
Ti4F2N3,7.042
Ti4H2N3O2,5.899
Ti4I4O4,3.76
Ti4I4S4,3.783
Ti4I4Se4,3.856
Ti4N3,7.06
Ti4N3O2,7.615
Ti4O8,2.166
TiAs2,5.2985
TiAsSb,4.8774999999999995
TiBr2,3.264666666666667
TiBrCl,3.5694999999999997
TiBrI,3.557
TiCl2,3.4919999999999995
TiClI,3.5575
TiF2,3.174
TiH2,2.304
TiH2O2,2.861
TiI2,3.5243333333333333
TiO2,2.958
TiS2,3.424
TiSSe,3.7
TiSTe,3.8465
TiSb2,5.5865
TiSe2,3.5276666666666667
TiSeTe,3.9215
TiTe2,3.6956666666666664
TiZr3S8,3.893
TiZr3Se8,3.979
TiZr3Te8,4.131
Tl2Br2,1.812
Tl2Br2N2,4.058
Tl2Br2O2,3.795
Tl2Br4,2.71
Tl2Br6,2.582
Tl2Cl2,1.764
Tl2Cl2N2,4.007
Tl2Cl2O2,3.73
Tl2Cl4,2.593
Tl2Cl6,2.5835
Tl2I2,2.0300000000000002
Tl2I2N2,4.404
Tl2I2O2,4.168
Tl2I2S2,3.96
Tl2I6,2.92
Tl2O2,3.0175
Tl2O6Sb2,1.648
Tl2P2S6,3.359
Tl2P2Se6,3.41
Tl2P2Te6,3.527
Tl2S2,3.652
Tl2S4,2.223
Tl2Se2,3.25975
Tl2Se4,2.377
Tl2Te2,3.26325
Tl2Te4,2.77
TlBr2,2.5420000000000003
TlCl2,2.4903333333333335
TlF2,1.751
TlH2O2,1.626
TlI2,2.891666666666667
TlS2,2.999
TlSe2,3.068
TlTe2,3.159
V2BO2,5.001
V2BS2,5.765
V2BSe2,5.92
V2Br2,3.507
V2Br2N2,3.938
V2Br2O2,2.304
V2Br2Se2,3.719
V2Br6,2.6399999999999997
V2C,3.986
V2CF2,4.581
V2CH2O2,3.516
V2CO2,5.113
V2CS2,5.962
V2CSe2,6.138
V2Cl2,3.412
V2Cl2N2,3.87
V2Cl2O2,2.272
V2Cl2Se2,3.687
V2Cl4,3.715
V2Cl6,2.6710000000000003
V2F2,3.8485000000000005
V2F2O7Te2,1.525
V2F8,1.28
V2H2NO2,3.638
V2H2O5,1.272
V2H4O10Se2,1.176
V2I2,4.013999999999999
V2I2N2,4.457
V2I2Se2,4.006
V2I6,3.0460000000000003
V2N,4.155
V2NS2,5.947
V2NSe2,6.15
V2O10P2,1.341
V2O2,2.7590000000000003
V2O4,3.14
V2O5,1.571
V2O6,4.553
V2P2S6,2.106
V2S2,3.9058
V2S4,2.139
V2S6,5.124
V2Se2,3.9956000000000005
V2Se4,2.181
V2Se6,5.328
V2Te2,4.2024
V2Te4,2.284
V2Te6,5.222
V3B2F2S2,6.599
V3B2F2Se2,7.2
V3B2H2O2,4.154
V3B2H2S2,4.589
V3B2H2Se2,4.88
V3C2,5.327
V3C2F2,6.024
V3C2F2Se2,8.439
V3C2H2O2,4.403
V3C2H2S2,5.33
V3C2H2Se2,6.131
V3C2O2,6.506
V3F2N2,6.578
V3H2N2O2,5.277
V3H2N2S2,5.78
V3N2,6.143
V3N2O2,6.595
V3Te6,2.376
V4C3,6.571
V4C3F2,7.147
V4C3H2O2,5.307
V4C3O2,7.707
V4F12O4,1.439
V4F2N3,7.083
V4H2N3O2,5.502
V4N3,7.023
V4N3O2,7.742
V4O10,1.6219999999999999
V4O8,2.136
VAs2,5.0655
VAsSb,4.5065
VBr2,3.0986666666666665
VBr2O,1.676
VBrCl,3.2359999999999998
VBrI,3.2635
VC4FH4O6,1.173
VCl2,3.174666666666667
VCl2O,1.6275
VClI,3.418
VF2,3.296
VH2,2.38
VI2,3.2786666666666666
VO2,2.999
VS2,3.5733333333333337
VSSe,3.902
VSTe,3.9755
VSb2,5.3735
VSe2,3.656333333333333
VSeTe,4.0809999999999995
VTe2,3.804
W2BO2,5.964
W2BS2,6.54
W2BSe2,6.68
W2Br2,5.268000000000001
W2Br2N2,4.667
W2Br2O2,4.734
W2Br2S2,4.801
W2Br2Se2,4.755
W2Br6,3.691
W2C,5.852
W2CF2,6.341
W2CH2O2,5.238
W2CO2,5.769
W2CS2,6.527
W2CSe2,6.567
W2Cl2,5.2735
W2Cl2N2,4.617
W2Cl2O2,4.687
W2Cl2S2,4.804
W2Cl2Se2,4.768
W2Cl4,4.575
W2Cl4O4,1.748
W2Cl6,3.8375000000000004
W2F2,4.5825
W2F2N,6.576
W2H2NO2,5.658
W2H4O8,1.188
W2H6,2.39
W2H8,2.309
W2I2,5.6965
W2I2N2,5.096
W2I2O2,5.172
W2I2S2,4.349
W2I2Se2,5.161
W2I6,3.6475
W2N,6.299
W2N3,3.835
W2NO2,6.884
W2NS2,6.292
W2NSe2,6.439
W2O12Sb4,2.861
W2O2,4.392333333333333
W2O4,3.96
W2P2S6,3.944
W2P2Se6,3.95
W2P2Te6,4.09
W2S2,5.082
W2S4,3.431
W2S6,5.819
W2Se2,5.1476
W2Se4,3.4800000000000004
W2Te2,4.9098
W2Te4,3.7595
W2Te6,5.272
W3C2,7.777
W3C2F2,8.047
W3C2H2O2,6.382
W3C2O2,8.121
W3F2N2,8.349
W3H2N2O2,7.36
W3N2,8.544
W3N2O2,9.007
W4C3,8.948
W4C3F2,8.418
W4C3H2O2,6.686
W4C3O2,8.956
W4F2N3,7.846
W4H2N3O2,6.646
W4N3,8.489
W4N3O2,8.426
WAs2,5.327999999999999
WAsSb,5.2785
WBr2,4.344666666666667
WBrCl,4.5695
WBrI,4.734999999999999
WCl2,4.492
WClI,4.779999999999999
WF2,3.806
WH2,3.024
WI2,4.562
WO2,3.454333333333333
WOS,4.393
WOSe,4.479
WOTe,4.65
WS2,4.138999999999999
WSSe,4.545999999999999
WSTe,4.7265
WSb2,5.7505
WSe2,4.232
WSeTe,4.755
WTe2,4.351666666666667
Y2Br2,3.041
Y2Br4,3.397
Y2Br6,2.5614999999999997
Y2C,4.043
Y2CF2,3.851
Y2CH2O2,2.79
Y2CO2,4.028
Y2Cl2,2.7474999999999996
Y2Cl2O2,2.853
Y2Cl2O4,1.87
Y2Cl4,3.407
Y2Cl6,2.5605
Y2F2,2.383
Y2F2N,4.254
Y2H2NO2,3.718
Y2I2,3.102
Y2I4,3.715
Y2I6,2.8655
Y2N,4.356
Y2NO2,4.172
Y2Te6,3.791
Y3C2,4.921
Y3C2F2,4.946
Y3C2H2O2,3.589
Y3C2O2,4.455
Y3F2N2,5.282
Y3H2N2O2,4.44
Y3N2,5.679
Y3N2O2,5.354
Y4C3,5.2
Y4C3F2,5.575
Y4C3H2O2,4.063
Y4C3O2,6.009
Y4F2N3,6.05
Y4H2N3O2,5.35
Y4N3,6.739
Y4N3O2,6.317
YBr2,3.3136666666666668
YCl2,3.3313333333333333
YF2,2.508
YI2,3.5863333333333336
YS2,2.372
YSe2,2.874
YTe2,3.148
Zn2As4O8,2.161
Zn2Br2,3.549
Zn2Cl2,3.558
Zn2Cl4O6Sb4,2.385
Zn2F2,2.8609999999999998
Zn2Ge2O6,1.54
Zn2H4O8Se2,1.57
Zn2H8N4Te2,1.072
Zn2I2,3.607
Zn2O6Si2,1.52
Zn2P2S6,3.616
Zn2P2Se6,3.676
Zn2P2Te6,3.818
Zn2S2,2.6025
Zn2S4,2.256
Zn2Se2,2.334
Zn2Se4,2.418
Zn2Te2,2.849
Zn2Te4,2.494
Zn4Br4O4,1.533
Zn4Cl4O4,1.521
ZnB2C8N8,1.404
ZnBr2,2.8053333333333335
ZnC4N6,0.574
ZnCl2,2.837666666666667
ZnF2,1.696
ZnH2O2,1.449
ZnI2,3.1373333333333338
ZnS2,3.745
ZnSe2,3.803
ZnTe2,3.829
Zr2BO2,4.933
Zr2BS2,5.692
Zr2BSe2,5.947
Zr2Br2,3.19225
Zr2Br2N2,3.713
Zr2Br2O2,3.989
Zr2Br2S2,3.968
Zr2Br2Se2,3.989
Zr2Br4,3.766
Zr2Br6,3.106
Zr2CF2,4.698
Zr2CH2O2,4.004
Zr2CO2,4.867
Zr2CS2,5.938
Zr2CSe2,6.229
Zr2Cl2,3.1685
Zr2Cl2N2,3.6345
Zr2Cl2O2,3.969
Zr2Cl2S2,3.902
Zr2Cl2Se2,3.92
Zr2Cl4,3.824
Zr2Cl6,3.1365
Zr2F2,3.9539999999999997
Zr2F2N,4.764
Zr2Ge2Te8,2.286
Zr2H2NO2,4.37
Zr2I2,3.899
Zr2I2N2,4.0695
Zr2I2O2,4.319
Zr2I2S2,4.313
Zr2I2Se2,4.306
Zr2I4,4.107
Zr2I6,3.425
Zr2N,4.797
Zr2NO2,5.178
Zr2NS2,6.114
Zr2NSe2,6.302
Zr2O2,3.142666666666667
Zr2O6,4.641
Zr2P2S6,3.409
Zr2P2Se6,3.577
Zr2P2Te6,3.808
Zr2PTe2,3.342
Zr2S2,3.9908
Zr2S6,4.91
Zr2Se2,4.1406
Zr2Se6,5.061
Zr2Si2Te2,3.456
Zr2Te10,2.101
Zr2Te2,4.3198
Zr2Te6,5.312
Zr3B2F2O2,5.932
Zr3B2F2S2,5.171
Zr3B2F2Se2,7.061
Zr3B2H2O2,4.165
Zr3B2H2S2,4.974
Zr3B2H2Se2,4.986
Zr3C2,5.778
Zr3C2F2,5.815
Zr3C2F2O2,5.272
Zr3C2F2S2,7.575
Zr3C2F2Se2,8.131
Zr3C2H2O2,5.049
Zr3C2H2S2,5.32
Zr3C2H2Se2,5.64
Zr3C2O2,6.267
Zr3F2N2,6.445
Zr3F2N2O2,6.983
Zr3H2N2O2,5.708
Zr3H2N2S2,6.273
Zr3H2N2Se2,6.625
Zr3N2,6.497
Zr3N2O2,6.624
Zr4Br4O4,3.517
Zr4Br4S4,3.73
Zr4Br4Se4,3.834
Zr4C3,6.809
Zr4C3F2,6.715
Zr4C3H2O2,5.836
Zr4C3O2,7.226
Zr4Cl4O4,3.526
Zr4Cl4S4,3.815
Zr4Cl4Se4,3.912
Zr4F2N3,7.269
Zr4H2N3O2,6.554
Zr4I4O4,3.802
Zr4I4S4,3.865
Zr4I4Se4,3.945
Zr4N3,7.706
Zr4N3O2,7.792
ZrAs2,4.656
ZrAsSb,4.348000000000001
ZrBr2,3.8409999999999997
ZrBrCl,3.9370000000000003
ZrBrI,4.1185
ZrCl2,3.929
ZrClI,4.118
ZrF2,3.373
ZrH2,2.511
ZrH2O2,2.485
ZrH2O6P2,1.193
ZrI2,4.020333333333333
ZrO2,3.0090000000000003
ZrS2,3.451
ZrSSe,3.7325
ZrSTe,3.867
ZrSb2,5.9045000000000005
ZrSe2,3.546333333333333
ZrSeTe,3.931
ZrTe2,3.685
