Formula,Area of unit-cell
Ag2,7.093
Ag2Au2Cl8,58.727
Ag2Br2,18.252499999999998
Ag2Br2N2,14.551
Ag2Br2O2,14.854
Ag2Br2S2,18.736
Ag2Br2S4,39.132
Ag2Br2Se2,16.097
Ag2Br2Se4,43.519
Ag2Br2Te4,48.514
Ag2Br4,28.035
Ag2Br6,42.316
Ag2C8N6,101.987
Ag2Cl2,18.441499999999998
Ag2Cl2N2,14.249
Ag2Cl2O2,14.584
Ag2Cl2S2,17.659
Ag2Cl2S4,40.248
Ag2Cl2Se2,14.015
Ag2Cl2Se4,43.587
Ag2Cl2Te4,48.168
Ag2Cl6,38.272000000000006
Ag2Cr2P4S12,63.803
Ag2F2,16.964
Ag2F4,22.502
Ag2I2,19.325499999999998
Ag2I2N2,15.081
Ag2I2O2,14.884
Ag2I2S2,19.164
Ag2I2S4,38.345
Ag2I2Se2,14.923
Ag2I2Se4,42.924
Ag2I2Te4,49.217
Ag2I4,30.634
Ag2I6,44.055
Ag2MoO4,33.75
Ag2MoS4,34.701
Ag2MoSe4,36.192
Ag2MoTe4,38.514
Ag2O2,19.139
Ag2P2S6,33.071
Ag2P2Se6,36.36
Ag2P2Te6,41.405
Ag2ReBr6,43.494
Ag2ReCl6,40.271
Ag2ReF6,33.663
Ag2ReI6,48.181
Ag2S2,18.4705
Ag2S4,35.525
Ag2Se2,19.501
Ag2Se4,39.201
Ag2Te2,19.107333333333333
Ag2Te4,45.572
Ag2V2P4S12,63.956
Ag2WO4,34.584
Ag2WS4,35.332
Ag2WSe4,36.734
Ag2WTe4,38.89
Ag8C4N8,40.642
AgBiP2Se6,39.421
AgBr2,13.875
AgCa2Br2O2,16.922
AgCa2Br2S2,23.05
AgCa2Cl2O2,16.8
AgCa2Cl2S2,23.141
AgCa2I2O2,17.367
AgCa2I2S2,23.031
AgCl2,13.082333333333333
AgCuTe2,13.456
AgF2,16.916
AgGaP2Se6,36.044
AgH2,7.169
AgI2,15.130333333333333
AgInP2S6,33.915
AgInP2Se6,37.494
AgLi2,8.004
AgNi2O4,7.292
AgO2,14.202
AgS2,7.358
AgScP2S6,33.503
AgScP2Se6,36.883
AgSe2,8.261
AgSnF6,28.047
AgSr2Br2O2,17.681
AgSr2Br2S2,23.195
AgSr2Cl2O2,17.336
AgSr2Cl2S2,23.234
AgSr2I2O2,18.176
AgSr2I2S2,23.301
AgTe2,10.179
AgVP2Se6,35.611
Al2Br2N2,11.942
Al2Br2O2,12.156
Al2Br2S2,17.205
Al2Br2Se2,18.924
Al2Br4,27.454
Al2Br6,37.8005
Al2Cl2N2,11.463
Al2Cl2O2,11.665
Al2Cl2S2,16.66
Al2Cl2Se2,18.35
Al2Cl6,33.322500000000005
Al2FeS4,11.042
Al2I2O2,13.043
Al2I2S2,18.025
Al2I2Se2,19.773
Al2I6,44.735
Al2Mg2Se5,13.28
Al2MgS4,11.968
Al2MgSe4,13.304
Al2MnS4,11.612
Al2O2,11.873
Al2O4,10.77
Al2P2S6,32.554
Al2P2Se6,36.431
Al2P2Te6,41.406
Al2S2,15.616
Al2S4,18.295
Al2Se2,17.393333333333334
Al2Se4,20.343
Al2Si2Te6,41.301
Al2Te2,20.390666666666664
Al2Te4,24.296
Al2Tl2F8,41.952
Al2ZnS4,11.743
Al8Te12,95.082
AlAs,14.544
AlB4,18.111
AlBr2,13.712
AlC,9.832
AlCl2,11.9725
AlFeF5,27.695
AlI2,14.29
AlLiP2S6,35.698
AlN,8.509
AlNi5Br2,13.218
AlNi5Cl2,12.867
AlNi5I2,14.116
AlP,13.502
AlPd5Br2,16.146
AlPd5Cl2,15.794
AlPd5I2,16.896
AlPt5Br2,15.913
AlPt5Cl2,15.653
AlPt5I2,16.385
AlSb,16.717
AlTe4,25.884
As2,11.271
As2Br6,39.978
As2C6,28.888
As2Ge6,61.696
As2H2O10Te2,30.135
As2I6,46.127
As2O6Sb2,26.267
As2O8P2,38.74
As2O8Sb2,35.341
As2Si6,54.128
As4,17.592
As4Ge4Se4,53.178
As4H2O12P2,57.5
As4O12S2,57.896
As4O6,37.79866666666666
As4O8,39.412
As4S6,53.107
As4Se6,54.731
As8Ge4,40.117
As8Si4,38.866
AsB,9.957
AsBr2,11.5
AsBrS,11.6755
AsBrSe,12.285
AsBrTe,13.3445
AsC,9.423
AsCl2,10.292
AsClS,11.2555
AsClSe,11.902000000000001
AsClTe,13.0135
AsI2,15.459
AsIS,12.4725
AsISe,13.04
AsITe,14.0305
AsS2,10.062000000000001
AsSe2,10.974499999999999
AsTe2,12.275500000000001
Au2Br2,16.917666666666666
Au2Br2N2,14.899
Au2Br2O2,15.54
Au2Br2S2,19.764
Au2Br2Se2,21.01
Au2Br2Se4,46.555
Au2Br2Te4,49.955
Au2Br4,29.634
Au2Br6,42.6785
Au2CaF12,30.738
Au2Cl2,16.077
Au2Cl2N2,14.657
Au2Cl2O2,15.28
Au2Cl2Se2,20.54
Au2Cl2Te4,49.09
Au2Cl6,38.5695
Au2I2,17.486
Au2I2N2,15.378
Au2I2O2,15.915
Au2I2S2,20.141
Au2I2Se2,21.629
Au2I2Se4,46.411
Au2I2Te4,50.67
Au2I4,32.014
Au2I6,48.8485
Au2MoO4,46.522
Au2MoS4,33.374
Au2MoSe4,34.764
Au2MoTe4,37.083
Au2O2,15.1435
Au2O4,19.686
Au2P2S6,33.825
Au2P2Se6,37.25
Au2P2Te6,41.6
Au2ReF6,32.005
Au2S2,16.634
Au2S4,35.313
Au2Se2,16.935000000000002
Au2Se4,39.177
Au2SrO8,24.061
Au2Te2,19.38975
Au2Te4,45.475
Au2WO4,46.964
Au2WS4,33.833
Au2WSe4,35.126
Au2WTe4,37.214
Au4I4Te4,58.169
AuBr2,14.348666666666666
AuCa2Br2O2,17.339
AuCa2Br2S2,23.215
AuCa2Cl2O2,17.504
AuCa2Cl2S2,23.311
AuCa2I2O2,18.0
AuCa2I2S2,23.215
AuCl2,13.450333333333333
AuF2,11.004
AuH2,7.355
AuI2,15.804333333333332
AuLi2,10.107
AuO2,9.395000000000001
AuS2,11.402666666666667
AuSe2,10.760666666666665
AuSr2Br2O2,17.982
AuSr2Br2S2,23.343
AuSr2Cl2O2,17.664
AuSr2Cl2S2,23.369
AuSr2I2O2,18.422
AuSr2I2S2,23.354
AuTe2,12.392666666666665
B2,6.958
B2N,4.996
B3C10N3,43.44
BC,6.232
BN,5.457
BP,8.956
BSb,12.002
Ba2Br2,39.941
Ba2Cl2,37.84
Ba2CuHgTlO5,14.228
Ba2H8O6,28.162
Ba2I2,41.77
Ba2Mg2Pb2,25.884
Ba2Mg2Sn2,24.46
Ba2Mn2Ge2,18.368
Ba2N,13.855
Ba4F4Sb4Se8,39.596
BaBr2,23.118
BaCl2,21.671999999999997
BaF12Sb2,24.31
BaF2,20.123
BaI2,25.328333333333333
BaTa2O7,16.108
BaTe2,14.534
Be4,8.175
BeH4O4P2,25.913
Bi2,16.288
Bi2Br2,22.9615
Bi2Br2N2,16.629
Bi2Br2O2,17.298
Bi2Br2S2,23.132
Bi2Br2Se2,24.742
Bi2Br6,49.596000000000004
Bi2C6,36.257
Bi2Cd2Cl2O4,32.411
Bi2Cl2,22.7795
Bi2Cl2N2,16.503
Bi2Cl2O2,17.011
Bi2Cl2S2,22.828
Bi2Cl2Se2,24.412
Bi2Cl6,46.0015
Bi2Cr,10.119
Bi2Cu2S4,24.473
Bi2F2,10.453
Bi2F6,33.897
Bi2Fe2Br2S4,32.462
Bi2Ge3O9,49.899
Bi2Ge6,69.087
Bi2Hf,9.817
Bi2I2,23.3125
Bi2I2N2,15.989
Bi2I2O2,17.829
Bi2I2S2,23.694
Bi2I2Se2,25.328
Bi2I6,54.8885
Bi2In2,22.082
Bi2MnTe4,16.284
Bi2Mo,9.987
Bi2Nb,9.9015
Bi2O2,14.0885
Bi2O9Si3,47.667
Bi2OS2,13.006
Bi2OSe2,13.62
Bi2OTe2,15.056
Bi2P2S6,42.086
Bi2P2Se6,44.988
Bi2P2Te6,51.427
Bi2Pb6,94.755
Bi2Pd,11.096
Bi2S2,17.70525
Bi2S2Se,14.575
Bi2S2Te,15.212
Bi2S3,14.211
Bi2S4,35.583
Bi2SSe2,14.786
Bi2STe2,15.902
Bi2Se2,20.817249999999998
Bi2Se2Te,15.779
Bi2Se3,15.157
Bi2SeTe2,16.278
Bi2Si6,63.698
Bi2Sn6,85.06
Bi2Ta,9.7635
Bi2Te2,23.180500000000002
Bi2Te3,16.961
Bi2Te4,38.824
Bi2Ti,9.671
Bi2V,9.7145
Bi2W,9.898
Bi2YO4,16.058
Bi2Zr,9.934000000000001
Bi4B4O12,41.951
Bi4Cu4,22.179
Bi4Sr2O8,28.56
Bi6Ir2O4,38.783
Bi6Pt3,38.138
Bi8Rh4,49.77
BiBr2,13.246666666666668
BiBrS,14.2165
BiBrSe,14.795000000000002
BiBrTe,15.8865
BiCl2,12.218333333333334
BiClS,13.9115
BiClSe,14.472000000000001
BiClTe,15.590499999999999
BiCrAs,9.661
BiCrSb,9.6285
BiCuP2Se6,38.216
BiF2,11.0
BiH2O2,14.616
BiHO6Se2,20.834
BiHfAs,11.400500000000001
BiHfSb,9.5415
BiI2,15.290999999999999
BiIS,14.846
BiISe,15.4
BiITe,16.457
BiMoAs,9.381499999999999
BiMoSb,9.6845
BiNbAs,10.306000000000001
BiNbSb,9.617
BiO,11.644
BiO2,13.748
BiS2,14.368666666666668
BiSe2,15.269666666666666
BiTaAs,10.381
BiTaSb,9.4795
BiTe2,15.465333333333334
BiTiAs,10.5515
BiTiSb,9.32
BiVAs,9.738
BiVSb,9.3595
BiWAs,9.285
BiWSb,9.609
BiZrAs,11.4815
BiZrSb,9.657
Br2Ge,15.82
Br2Ge2,13.818
Br2Ge2N2,12.882
Br2Ge2O2,14.171
Br2Ge2S2,18.439
Br2Ge2Se2,19.923
Br2Sb,12.597
Br2Sb2,20.968
Br6Sb2,45.01
BrSSb,13.410499999999999
BrSbSe,14.003499999999999
BrSbTe,15.0845
C2,5.272
C2F2,5.835
C2H2,5.583
C6N2,20.437
C6N8,43.94
C6P2,26.185
C6Sb2,33.054
CF2Si,8.652
CH2Si,8.48
CN,4.967
CP,7.896
Ca2Br2,31.763
Ca2Br2H2,14.723
Ca2C,13.309
Ca2C2F2O6,17.033
Ca2Cl2,21.73
Ca2Cl4H8O4,45.0
Ca2Cl4O8,33.805
Ca2CoO3,10.964
Ca2CuBr2O2,15.113
Ca2CuBr2S2,20.332
Ca2CuCl2O2,14.813
Ca2CuCl2S2,20.384
Ca2CuI2O2,15.68
Ca2CuI2S2,20.416
Ca2F2,22.683
Ca2Fe2Si2,16.135
Ca2I2,24.25
Ca2Mn2Ge2,15.512
Ca2Mn2Si2,14.923
Ca2Mn2Sn2,16.903
Ca2N,11.338
Ca2Sn4F12,31.755
Ca3Cu2Br2O4,15.121
Ca4As4,42.505
Ca4O12Te4,54.274
CaBr2,17.466333333333335
CaCl2,16.242333333333335
CaF2,15.114
CaF2O2,13.015
CaH2O2,11.46
CaH2S2,16.881
CaH4O4,15.289
CaI2,19.522666666666666
CaS2,11.096
CaSe2,11.492
CaTe2,12.97
Cd2Br2,16.141000000000002
Cd2Cl2,15.5835
Cd2F2,14.2895
Cd2H4O8Se2,30.5
Cd2I2,17.2455
Cd2Mn3O8,30.813
Cd2P2S6,34.282
Cd2P2Se6,37.79
Cd2P2Te6,43.813
Cd2S2,21.526
Cd2S4,35.158
Cd2Se2,23.287
Cd2Se4,33.807
Cd2Te2,23.856333333333335
Cd2Te4,38.653
Cd4Br4O4,46.151
Cd4I4O4,47.233
CdBr2,15.107666666666667
CdC4Cl2H4N2,29.354
CdCl2,13.979
CdClHO,11.971
CdF2,14.232
CdF2O2,11.707
CdGaInS4,13.7135
CdH2O2,11.058
CdH2S2,15.343
CdI2,17.148
CdO2,10.129
CdPb2Cl2O2,24.052
CdS2,15.143
CdSe2,10.338
CdTe2,12.248
Cl2Ge,14.879
Cl2Ge2,12.18
Cl2Ge2N2,12.466
Cl2Ge2O2,13.81
Cl2Ge2S2,18.026
Cl2Ge2Se2,19.411
Cl2Sb,11.392666666666665
Cl2Sb2,20.768
ClSSb,13.081499999999998
ClSbSe,13.687999999999999
ClSbTe,14.7985
Co2Br2,12.714500000000001
Co2Br2N2,11.823
Co2Br2O2,11.903
Co2Br2S2,15.06
Co2Br2Se2,16.574
Co2Br4O6Sb4,43.738
Co2Br6,36.3855
Co2Cl2,11.057
Co2Cl2N2,11.211
Co2Cl2O2,11.532
Co2Cl2S2,14.688
Co2Cl2Se2,16.175
Co2Cl6,32.168
Co2F2,9.032
Co2F2O4,10.774
Co2H2O4,10.86
Co2H2S4,14.923
Co2H4O8Se2,27.576
Co2I2,14.255
Co2I2N2,11.639
Co2I2O2,12.55
Co2I2S2,15.661
Co2I2Se2,17.19
Co2I6,42.7205
Co2Li2As2,13.926
Co2Li2P2,13.145
Co2Li2Sb2,16.935
Co2Na2As2,14.447
Co2Na2P2,13.599
Co2Na2Sb2,18.262
Co2O2,11.048333333333332
Co2P2S6,29.299
Co2P2Se6,33.643
Co2P2Te6,39.029
Co2Pd2P2,12.282
Co2S2,11.0002
Co2S4,23.5945
Co2S6,17.257
Co2Se2,11.7566
Co2Se4,19.606
Co2Se6,17.49
Co2Te2,13.719
Co2Te4,22.746
Co2Te6,21.974
Co4Br4O4,32.795
Co4S8,35.602
Co8Ta4Te8,42.809
CoBr2,12.731666666666667
CoC2N2S2,18.634
CoC4Cl2H4N2,24.059
CoC4H8N2O4,41.594
CoCl2,11.422333333333333
CoCl2O8,20.619
CoF2,10.942
CoH2,5.152
CoH2O2,8.487
CoHfBr6,37.108
CoHfF6,26.269
CoI2,14.484
CoLi2,5.892
CoO2,7.5873333333333335
CoRe2O8,27.6
CoS2,8.855333333333334
CoSe2,9.622
CoTe2,11.159666666666666
CoZrBr6,37.495
Cr2BO2,7.083
Cr2BS2,8.079
Cr2BSe2,8.505
Cr2Br2,12.381
Cr2Br2N2,12.867
Cr2Br2O2,12.914
Cr2Br2S2,16.814
Cr2Br2Se2,18.282
Cr2Br4C16H16N8,97.781
Cr2Br6,35.992
Cr2C,6.955
Cr2C16Cl4H16N8,97.518
Cr2C16H16I4N8,98.119
Cr2CO2,7.321
Cr2CS2,8.068
Cr2Cl2,11.893
Cr2Cl2N2,12.571
Cr2Cl2O2,12.525
Cr2Cl2S2,16.421
Cr2Cl2Se2,17.833
Cr2Cl6,31.817
Cr2Cu2O8,31.499
Cr2Cu2P4S12,62.162
Cr2F2,8.525500000000001
Cr2F2N,7.878
Cr2F4,20.369
Cr2Ge2Te6,41.167
Cr2H2NO2,7.987
Cr2I2,12.096
Cr2I2N2,13.056
Cr2I2S2,17.507
Cr2I2Se2,19.0
Cr2I6,42.532
Cr2Mo2S8,33.758
Cr2Mo2Se8,37.064
Cr2Mo2Te8,42.794
Cr2N,6.199
Cr2Nb2Se10,36.515
Cr2O2,12.682
Cr2P2S6,30.75
Cr2P2Se6,35.446
Cr2P2Te6,40.374
Cr2S2,11.65
Cr2S4,25.0955
Cr2Se2,12.39
Cr2Se4,28.35
Cr2Si2Te6,40.272
Cr2Ta4O12,47.81
Cr2Te4,46.377
Cr2Te6,22.349
Cr2W2S8,33.89
Cr2W2Se8,37.176
Cr2W2Te8,42.948
Cr3C2,7.426
Cr3C2F2,7.571
Cr3C2H2O2,7.849
Cr3C2O2,7.23
Cr3MoS8,32.974
Cr3MoSe8,36.4
Cr3MoTe8,42.264
Cr3N2,6.316
Cr3N2O2,6.558
Cr3Te4,13.809
Cr3WS8,33.052
Cr3WSe8,36.476
Cr3WTe8,42.363
Cr4C3,7.508
Cr4C3F2,7.766
Cr4C3H2O2,7.863
Cr4C3O2,7.287
Cr4F2N3,7.84
Cr4H2N3O2,7.927
Cr4N3,7.965
Cr4N3O2,7.522
CrAs2,7.5015
CrAsSb,8.42
CrBr2,13.312
CrBrCl,11.679
CrBrI,13.224499999999999
CrCl2,12.021333333333333
CrClI,12.687000000000001
CrF2,7.224
CrGa2S4,12.014
CrGa2Se4,13.299
CrH2,5.544
CrH2O2,9.46
CrHO2,8.016
CrI2,15.312666666666667
CrLi2,5.88
CrMo3S8,34.464
CrMo3Se8,37.631
CrMo3Te8,43.195
CrMoF6,24.839
CrNbF6,31.912
CrO2,7.625666666666667
CrS2,9.685
CrSSe,8.516
CrSTe,9.3405
CrSb2,8.9985
CrSe2,10.731333333333334
CrSeTe,9.7105
CrTe2,13.097999999999999
CrW3S8,34.579
CrW3Se8,37.7
CrW3Te8,43.312
Cs2Br2,49.37
Cs2C2F6O6S2,33.09
Cs2C6N6Se6,48.503
Cs2Cl2,45.42
Cs2F2,33.331
Cs2F2H6O6P2,24.147
CsC2I3N2,29.482
CsF2,25.609
CsO2,19.196
Cu2As4Cl2S3,43.965
Cu2Br2,14.2535
Cu2Br2C4H4N2,32.87
Cu2Br2N2,12.429
Cu2Br2O2,12.533
Cu2Br2S2,16.346
Cu2Br2S4,36.454
Cu2Br2Se2,17.29
Cu2Br2Se4,39.328
Cu2Br2Te4,43.795
Cu2Br6,38.271
Cu2C2Cl2O2,18.665
Cu2C2N4,27.851
Cu2C4H4O8,66.901
Cu2C6H8I2N2,38.332
Cu2Cl2,13.404499999999999
Cu2Cl2N2,12.031
Cu2Cl2O2,12.271
Cu2Cl2S2,15.85
Cu2Cl2Se2,16.926
Cu2Cl2Se4,38.581
Cu2Cl2Te4,42.854
Cu2Cl6,33.968999999999994
Cu2F2,10.093499999999999
Cu2F4,18.038
Cu2Ge2O6,26.244
Cu2H4O10Se2,51.08
Cu2Hg2Cl2Se2,29.299
Cu2I2,16.0215
Cu2I2N2,12.259
Cu2I2O2,12.918
Cu2I2S2,16.624
Cu2I2S4,37.521
Cu2I2Se2,17.84
Cu2I2Se4,40.397
Cu2I2Te4,45.531
Cu2I4,27.255
Cu2I4O12,42.267
Cu2I6,43.31
Cu2MoO4,41.289
Cu2MoSe4,31.256
Cu2MoTe4,33.919
Cu2O12Sb4,52.721
Cu2O2,12.3235
Cu2O4S,25.07
Cu2O6Si2,25.822
Cu2P2S6,30.173
Cu2P2Se6,33.536
Cu2P2Te6,38.642
Cu2PtC6N8,51.604
Cu2ReBr6,37.913
Cu2ReCl6,35.815
Cu2ReF6,28.728
Cu2ReI6,45.524
Cu2S,14.565
Cu2S2,14.521
Cu2S4,31.604
Cu2S4Sb2,23.421
Cu2Sb2Se4,26.047
Cu2Se2,14.281
Cu2Se4,35.368
Cu2Sr2,16.261
Cu2Te2,14.7482
Cu2Te4,31.04
Cu2WO4,41.691
Cu2WS4,29.952
Cu2WSe4,31.484
Cu2WTe4,34.016
Cu3O4P,33.159
Cu4Cl4H4O4,34.606
Cu4Cl4O4,33.875
Cu4F4H4O4,34.609
Cu4Li2V2O12,57.36
Cu4O12Te2,49.238
Cu4O12Te4,70.24
CuBr,14.529
CuBr2,12.304666666666668
CuC6H4N6O2,39.108
CuCl2,11.206000000000001
CuF2,13.909
CuH2,5.589
CuH2O2,9.038
CuI2,13.958
CuInP2Se6,36.015
CuLi2,6.644
CuLi2O2,14.938
CuO2,8.995
CuS2,9.684666666666667
CuSe2,10.318666666666667
CuSr2Br2O2,16.0
CuSr2Br2S2,20.673
CuSr2Cl2O2,15.64
CuSr2Cl2S2,20.491
CuSr2I2O2,16.545
CuSr2I2S2,21.155
CuTe2,11.372666666666667
CuV2O6,32.156
F2Ge,14.847
F2Ge2,15.645
F2Sb,9.45
F2Sb2,9.306
F2Si2,13.473
Fe2Br2,12.0775
Fe2Br2N2,12.087
Fe2Br2O2,12.203
Fe2Br6,36.7495
Fe2Cl2,10.775
Fe2Cl2O2,11.816
Fe2Cl6,33.027
Fe2F2,9.1685
Fe2F2O2,11.868
Fe2Ga2S5,11.4055
Fe2H2O4,9.844
Fe2I2,14.065999999999999
Fe2I2O2,14.006
Fe2I2S2,15.488
Fe2I6,43.1555
Fe2In2Se5,13.905
Fe2Li2As2,14.072
Fe2Li2P2,13.421
Fe2Li2Sb2,14.808
Fe2Mg2Ge2,14.038
Fe2Mg2Si2,15.454
Fe2Mo2Cl2O8,45.2
Fe2Na2P2,14.043
Fe2O2,10.081
Fe2O4,10.676
Fe2P2S6,30.465
Fe2P2Se6,33.956
Fe2P2Te6,38.629
Fe2S2,11.2305
Fe2S4,17.184
Fe2Se2,14.241166666666667
Fe2Se4,28.177
Fe2Sr2Ge2,15.175
Fe2Sr2Si2,16.496
Fe2Sr3Br2O5,15.527
Fe2Sr4Br2O6,15.644
Fe2Ta2Te6,36.005
Fe2Te2,13.544599999999999
Fe2Te4,33.07
Fe2Te6,21.438
Fe2W2Cl2O8,45.601
Fe3GeTe2,14.248
Fe3S4,8.835
Fe3Se4,10.723
Fe4S8,33.126
FeBr2,12.729
FeCl2,11.43
FeF2,7.038
FeGa2S4,11.29
FeH2,5.241
FeH2O2,8.049
FeHfBr6,36.005
FeHfCl6,31.754
FeHfF6,23.288
FeHfI6,42.992
FeI2,14.749666666666664
FeLi2,6.13
FeMn2C6N6,52.924
FeO2,7.420999999999999
FeS2,9.843333333333334
FeSe2,10.881666666666666
FeSn2C6N6,46.643
FeTe2,11.050333333333334
FeZn2C6N6,51.314
FeZrBr6,35.998
FeZrCl6,31.8
FeZrF6,22.977
FeZrI6,43.304
Ga2Br2,34.078
Ga2Br2N2,12.702
Ga2Br2O2,13.105
Ga2Br2S2,18.178
Ga2Br2Se2,19.923
Ga2Br6,38.7725
Ga2Cl2,32.255
Ga2Cl2N2,12.293
Ga2Cl2O2,12.678
Ga2Cl2S2,17.66
Ga2Cl2Se2,19.37
Ga2Cl2Te2,24.752
Ga2Cl6,34.564499999999995
Ga2F4H10N4,28.495
Ga2Ge2Te2,14.675
Ga2H2O8Se2,28.25
Ga2I2,35.962
Ga2I2N2,13.193
Ga2I2O2,13.903
Ga2I2S2,18.895
Ga2I2Se2,20.659
Ga2I6,45.338
Ga2In2S6,23.839
Ga2Mn2S5,11.871
Ga2MnS4,12.075
Ga2NiS4,11.638
Ga2O2,13.309
Ga2P2,16.331
Ga2P2Se6,37.857
Ga2P2Te6,43.088
Ga2S2,16.111333333333334
Ga2S4,30.438
Ga2Se2,16.69775
Ga2Se4,43.631
Ga2Te2,20.4105
Ga2Te3,23.578
Ga2Te4,46.149
Ga2Y2I2,15.392
GaAs,14.505500000000001
GaBr2,15.468333333333334
GaC,10.127
GaCl2,14.383666666666668
GaF2,12.551
GaH2O2,10.109
GaI2,17.462999999999997
GaN,9.252
GaNi5Br2,13.38
GaNi5Cl2,12.99
GaNi5I2,14.335
GaO2,10.241
GaP,13.345
GaPd5Br2,16.319
GaPd5Cl2,15.947
GaPd5I2,17.089
GaPt5Br2,16.032
GaPt5Cl2,15.733
GaPt5I2,16.607
GaS2,11.874
GaSe2,12.923
GaTe2,15.084
Ge2,14.183
Ge2H2,14.392
Ge2I2,14.8935
Ge2I2N2,13.628
Ge2I2O2,14.836
Ge2I2S2,19.128
Ge2I2Se2,20.682
Ge2P2S6,35.173
Ge2P2Se6,38.515
Ge2P2Te6,44.442
Ge2S2,21.5955
Ge2S4,30.113
Ge2Se2,23.1455
Ge2Se4,32.749
Ge2Te2,25.756500000000003
Ge2Te4,53.822
Ge3O9Sb2,47.703
Ge6N2,51.714
Ge6P2,59.479
Ge6Sb2,66.954
GeH2O2,11.396
GeI2,18.7355
GeO,7.851
GeO2,7.739666666666667
GeS,10.538
GeS2,10.842666666666666
GeSe,11.64
GeSe2,11.970999999999998
GeTe,13.467
GeTe2,13.531333333333334
H2O2Sb,13.976
H2Si2,13.141
H4O10Si4,39.568
H4O12Te4,39.575
Hf2Br2,13.2145
Hf2Br2N2,13.1525
Hf2Br2O2,15.231
Hf2Br2S2,18.522
Hf2Br2Se2,19.552
Hf2Br4,22.102
Hf2Br6,36.508
Hf2C,8.979
Hf2CF2,9.247
Hf2CH2O2,9.362
Hf2CO2,9.3
Hf2Cl2,12.737000000000002
Hf2Cl2N2,12.8955
Hf2Cl2O2,14.589
Hf2Cl2S2,18.068
Hf2Cl2Se2,19.134
Hf2Cl4,20.201
Hf2Cl6,32.8255
Hf2F2,11.879999999999999
Hf2F2N,8.914
Hf2Ge2Te8,44.457
Hf2H2NO2,9.212
Hf2I2,14.0915
Hf2I2N2,13.6825
Hf2I2O2,16.126
Hf2I2S2,19.236
Hf2I2Se2,20.351
Hf2I4,25.378
Hf2I6,43.205
Hf2N,8.763
Hf2NO2,9.034
Hf2O2,14.925333333333334
Hf2O6,13.209
Hf2P2S6,38.17
Hf2P2Se6,40.663
Hf2P2Te6,45.276
Hf2S2,14.771799999999999
Hf2S6,18.646
Hf2Se2,15.0196
Hf2Se6,20.449
Hf2Si2Te2,13.386
Hf2Te10,55.587
Hf2Te2,15.747399999999999
Hf2Te6,23.454
Hf2Ti2S8,41.34
Hf2Ti2Se8,44.701
Hf2Ti2Te8,50.754
Hf2Zr2S8,43.834
Hf2Zr2Se8,47.157
Hf2Zr2Te8,53.083
Hf3C2,9.421
Hf3C2F2,9.42
Hf3C2H2O2,9.454
Hf3C2O2,9.265
Hf3F2N2,8.606
Hf3H2N2O2,8.745
Hf3N2,8.593
Hf3N2O2,8.942
Hf3Te2,13.75
Hf3TiS8,42.431
Hf3TiSe8,45.783
Hf3TiTe8,51.886
Hf3ZrS8,43.669
Hf3ZrSe8,46.979
Hf3ZrTe8,53.022
Hf4Br4O4,37.836
Hf4Br4S4,43.885
Hf4Br4Se4,45.567
Hf4C3,9.435
Hf4C3F2,9.469
Hf4C3H2O2,9.495
Hf4C3O2,9.314
Hf4Cl4O4,36.759
Hf4Cl4S4,42.217
Hf4Cl4Se4,43.698
Hf4F2N3,9.015
Hf4H2N3O2,9.064
Hf4I4O4,39.549
Hf4I4S4,46.389
Hf4I4Se4,48.378
Hf4N3,8.819
Hf4N3O2,8.994
HfAs2,9.959
HfAsSb,9.8385
HfBr2,10.809666666666667
HfBrCl,9.975
HfBrI,11.3205
HfCl2,9.843
HfClI,10.909500000000001
HfF2,8.485
HfH2,8.117
HfH2O2,12.1
HfI2,12.705666666666668
HfLi2,8.207
HfMnF6,22.95
HfMnI6,46.579
HfNa2H6O6,31.634
HfNiBr6,38.118
HfNiCl6,34.064
HfNiI6,44.679
HfO2,9.871333333333334
HfPd2,20.238
HfS2,12.490333333333334
HfSSe,11.609
HfSTe,12.254999999999999
HfSb2,9.216
HfSe2,13.371
HfSeTe,12.71
HfTe2,15.088333333333333
HfTi3S8,40.079
HfTi3Se8,43.492
HfTi3Te8,49.623
HfZr3S8,44.009
HfZr3Se8,47.306
HfZr3Te8,53.167
Hg2Br2,16.7105
Hg2Br2N2,15.814
Hg2Br2O2,16.408
Hg2Br2S2,16.692
Hg2Br2Se2,16.407
Hg2Cl2,16.036
Hg2Cl2N2,15.493
Hg2Cl2O2,16.096
Hg2Cl2S2,17.42
Hg2Cl2Se2,18.948
Hg2F2,11.222
Hg2GeO4,38.296
Hg2I2,18.810499999999998
Hg2I2N2,16.21
Hg2I2O2,16.621
Hg2I2S2,20.971
Hg2I2Se2,17.915
Hg2K4Cl8,74.84
Hg2O4,20.724
Hg2P2S6,35.181
Hg2P2Se6,38.721
Hg2P2Te6,44.537
Hg2Pt4Se6,48.839
Hg2Se2,17.372
Hg2Te2,19.319000000000003
Hg2Te4,23.034
Hg2V2O6,39.641
Hg3B2O6,75.352
Hg4I8,82.502
Hg4K2Cl6O6S2,37.742
Hg4Mo2O8,40.02
Hg4W2O8,37.943
HgBr2,15.554
HgCl2,14.446666666666667
HgF2,15.523
HgH2O2,12.117
HgH2S2,17.243
HgI2,17.599666666666668
HgO,12.284
HgO2,11.627749999999999
HgS,15.919
HgS2,12.880333333333333
HgSe,17.256
HgSe2,13.464666666666666
HgTe,19.388
HgTe2,12.058666666666667
I2Sb,14.932666666666668
I2Sb2,21.326999999999998
I6Sb2,51.103
ISSb,14.0685
ISbSe,14.636
ISbTe,15.6715
In2Br2,27.236
In2Br2N2,14.596
In2Br2O2,15.137
In2Br2S2,20.553
In2Br2Se2,22.318
In2Br6,43.396
In2Cl2,25.540499999999998
In2Cl2N2,14.296
In2Cl2O2,14.777
In2Cl2S2,20.082
In2Cl2Se2,21.821
In2Cl6,39.3405
In2F2,11.107
In2I2,29.3945
In2I2N2,15.497
In2I2O2,15.832
In2I2S2,21.263
In2I2Se2,23.077
In2I6,49.6435
In2MnSe4,14.886
In2O2,15.7905
In2P2S6,37.359
In2P2Se6,41.788
In2P2Te6,47.926
In2S2,16.785
In2S4,28.715
In2Se2,20.935000000000002
In2Se3,14.615
In2Se4,48.449
In2Si2Te6,44.189
In2Te2,23.0825
In2Te4,45.3515
In2Te5,37.47
In2Zn2S5,13.279
In2Zn3S6,13.231
In2ZnS4,13.295
In3Te4,16.148
In4Br4Te4,65.615
In4Br8,66.043
In4I4Te4,66.888
InAs,16.6875
InBr2,18.060333333333332
InC,11.871
InCl2,16.96366666666667
InF2,14.044
InH2O2,12.007
InI2,19.632333333333335
InLiI4O12,32.409
InN,11.07
InNaI4O12,36.324
InNi5Br2,13.975
InNi5Cl2,13.621
InNi5I2,14.817
InP,15.388
InPd5Br2,16.786
InPd5Cl2,16.388
InPd5I2,17.476
InPt5Br2,16.454
InPt5Cl2,16.17
InPt5I2,17.004
InS2,13.613
InSb,18.834
InSe2,14.504
InSiTe3,48.065
InTe2,16.533
Ir2Br2,11.8875
Ir2Br2N2,12.536
Ir2Br2O2,14.058
Ir2Br2S2,16.746
Ir2Br2Se2,18.365
Ir2Br4,27.29
Ir2Br6,36.6955
Ir2Cl2,11.31
Ir2Cl2N2,12.328
Ir2Cl2O2,13.727
Ir2Cl2S2,16.468
Ir2Cl2Se2,18.034
Ir2Cl6,34.911500000000004
Ir2F2,9.38
Ir2I2,14.2135
Ir2I2N2,13.123
Ir2I2O2,14.685
Ir2I2S2,17.268
Ir2I2Se2,18.941
Ir2I6,42.364999999999995
Ir2Nb2Te8,47.662
Ir2O2,11.169000000000002
Ir2O4,16.971
Ir2O6,13.605
Ir2P2S6,33.214
Ir2P2Se6,36.84
Ir2P2Te6,41.925
Ir2S2,11.4038
Ir2S4,26.6095
Ir2S6,20.766
Ir2Se2,11.7516
Ir2Se4,29.4585
Ir2Se6,19.468
Ir2Ta2Te8,47.767
Ir2Te2,15.027600000000001
Ir2Te4,33.9555
Ir2Te6,23.293
Ir4S8,41.061
Ir4Se8,44.682
Ir4Te8,50.45
Ir5Te10,64.955
IrBr2,12.609666666666667
IrCl2,11.424666666666667
IrF2,7.047
IrH2,6.488
IrI2,14.227333333333334
IrLi2,6.508
IrO2,7.833666666666666
IrS2,10.107666666666667
IrSe2,10.895666666666665
IrTe2,12.383333333333333
K,16.08
K2Br2,39.679
K2C2H2O6,21.859
K2C2O6,23.423
K2C4,18.762
K2C4H6O6,22.238
K2C6H6O6,24.079
K2Cl2,36.401
K2Cl2O6,26.045
K2F2,26.133
K2I2,44.466
K2N2O6,24.026
K2Os2Br8N2O4,59.223
K2Os2F10N2O2,27.942
K2Pt2Cl6N2,44.739
KI2,19.199
KS2,7.914
KSe2,8.92
KTe2,10.781
KTiS2,11.271
Li2B2,14.375
Li2Cl2O4,23.097
Li2F2O2,15.062
Li2F2S2,29.916
Li2H2O2,13.112
Li2H2S2,20.605
Li2H4N2,13.237
Li2H4N2O6,20.225
Li2Mn,6.658
Li2Mn2P2,12.953
Li2Mo,6.554
Li2Nb,7.079
Li2Ni,6.123
Li2Ni2As2,15.463
Li2Ni2P2,14.514
Li2Ni2Sb2,17.412
Li2Os,6.25
Li2Pb,10.652
Li2PdH2,9.557
Li2Pt,6.97
Li2PtH6O6,25.44
Li2Re,6.321
Li2Rh,6.763
Li2Ru,6.328
Li2Sc,8.847
Li2Ta,7.145
Li2Ti,7.181
Li2Ti2Cl2N2,13.618
Li2V,6.242
Li2V4O10,41.327
Li2W,6.619
Li2Zr,8.215
Li4CO4,19.677
Li4O8Sb4,28.482
Li4Zn2Si2,16.081
Li6H2O8Te2,35.455
LiC12,15.994
LiC5H5N2O5,55.315
LiNiP2S6,30.12
Mg2Cl4,23.145
Mg2Mn2Ge2,14.769
Mg2Mn2Si2,14.424
Mg2Mo2O12Te2,26.922
Mg2P2S6,32.429
Mg2P2Se6,36.084
MgB2H8,15.745
MgBr2,12.696
MgCl2,12.616333333333335
MgF2O2,9.307
MgF2S2,14.012
MgH2O2,8.786
MgH2S2,13.856
MgI2,14.955
MgNa2H4O8S2,29.82
Mn2Br2,14.398
Mn2Br2O2,13.2
Mn2Br2S4Sb2,40.48
Mn2Br2Sb2Se4,45.055
Mn2Br2Se2,18.806
Mn2Br6,37.518
Mn2C,7.014
Mn2CF2,7.609
Mn2CH2O2,7.875
Mn2Cl2,12.262
Mn2Cl2N2,11.951
Mn2Cl2O2,12.734
Mn2Cl2S4Sb2,41.397
Mn2Cl2Se2,18.341
Mn2Cl6,33.439499999999995
Mn2F2,15.64
Mn2F2N,8.03
Mn2H2NO2,8.166
Mn2H2O4,12.004
Mn2H2S4,16.479
Mn2H4O8S2,29.178
Mn2I2,15.752
Mn2I2Sb2Se4,44.718
Mn2I2Se2,19.589
Mn2I6,43.646
Mn2Mo2O12Te2,27.456
Mn2N,5.95
Mn2NO2,7.177
Mn2O2,10.676
Mn2O8Se2,26.852
Mn2P2S6,32.122
Mn2P2Se6,35.397
Mn2S2,10.818
Mn2Se2,13.120999999999999
Mn2Se4,18.627
Mn2Sn2Sr2,17.604
Mn2Sr2Ge2,16.145
Mn2Te2,14.439
Mn2Te6,22.451
Mn3C2,7.438
Mn3C2F2,7.438
Mn3C2H2O2,7.61
Mn3C2O2,7.193
Mn3F2N2,7.717
Mn3H2N2O2,7.649
Mn3N2,8.258
Mn4C3,7.483
Mn4C3F2,7.401
Mn4C3H2O2,7.519
Mn4C3O2,7.387
Mn4H2N3O2,7.384
Mn4N3,7.081
Mn4N3O2,7.3
Mn4Pb4O12,28.585
MnBr2,13.938666666666668
MnC6N4Se2,38.732
MnCl2,12.750666666666667
MnF12Sb2,24.536
MnF2,6.791
MnH2,5.529
MnH2O2,9.796
MnI2,16.007
MnNa2F3O7P2,25.837
MnO2,7.796333333333333
MnRe2O8,28.322
MnS2,10.024
MnSe2,11.452666666666667
MnTe2,13.339666666666666
MnZrBr6,40.467
MnZrCl6,31.514
MnZrF6,22.748
MnZrI6,46.835
Mo2BO2,8.159
Mo2BS2,9.041
Mo2BSe2,9.354
Mo2Br2,11.157
Mo2Br2N2,13.043
Mo2Br2O2,12.637
Mo2Br2S2,15.334
Mo2Br2Se2,16.34
Mo2Br4,21.24
Mo2Br4O4,30.945
Mo2C,7.842
Mo2CF2,7.145
Mo2CH2O2,7.565
Mo2CO2,8.283
Mo2CS2,9.183
Mo2CSe2,9.545
Mo2Cl2,10.660499999999999
Mo2Cl2N2,12.657
Mo2Cl2O2,12.21
Mo2Cl2S2,14.33
Mo2Cl2Se2,15.379
Mo2Cl4,17.5
Mo2Cl6,28.5795
Mo2F2,7.532
Mo2F2N,6.666
Mo2H2NO2,6.92
Mo2I2,13.524999999999999
Mo2I2N2,14.375
Mo2I2O2,13.446
Mo2I2S2,18.859
Mo2I2Se2,16.787
Mo2I4,25.965
Mo2I6,44.739
Mo2N,6.835
Mo2NO2,7.077
Mo2NS2,9.587
Mo2NSe2,9.891
Mo2O10P2,37.234
Mo2O2,11.369333333333335
Mo2O4,14.729
Mo2O6,14.485
Mo2P2S6,30.303
Mo2P2Se6,35.267
Mo2P2Te6,39.923
Mo2S2,12.29625
Mo2S4,27.365000000000002
Mo2S6,15.664
Mo2Se2,11.84
Mo2Se4,30.451
Mo2Se6,19.625
Mo2Ta2O11,28.209
Mo2Te2,13.366249999999999
Mo2Te4,35.1655
Mo2Te6,22.156
Mo2V2O10,43.639
Mo2W2S8,35.175
Mo2W2Se8,38.189
Mo2W2Te8,43.646
Mo2Zn2O12Te2,26.877
Mo2Zn2O8,23.178
Mo2ZrO8,30.326
Mo3C2,7.364
Mo3C2F2,7.243
Mo3C2H2O2,7.406
Mo3C2O2,7.612
Mo3F2N2,6.943
Mo3H2N2O2,7.036
Mo3N2,6.987
Mo3N2O2,6.977
Mo3WS8,35.159
Mo3WSe8,38.186
Mo3WTe8,43.652
Mo4C3,8.202
Mo4C3F2,8.553
Mo4C3H2O2,8.585
Mo4C3O2,8.066
Mo4F2N3,8.999
Mo4H2N3O2,9.069
Mo4N3,7.727
Mo4N3O2,8.812
MoAs2,8.183
MoAsSb,8.848500000000001
MoBr2,10.148
MoBrCl,9.222999999999999
MoBrI,11.377500000000001
MoCl2,8.916333333333334
MoClI,10.1065
MoF2,7.26
MoH2,6.507
MoH2O2,7.077
MoI2,13.531333333333334
MoO2,8.439666666666666
MoOS,7.789
MoOSe,8.144
MoOTe,8.809
MoS2,10.416333333333332
MoSSe,9.0685
MoSTe,9.669
MoSb2,9.3185
MoSe2,11.105666666666666
MoSeTe,10.0525
MoTe2,12.565333333333333
MoW3S8,35.184
MoW3Se8,38.187
MoW3Te8,43.654
N2Si6,41.133
Na,12.11
Na2B2H8O8,34.251
Na2C2H6N8O2,37.155
Na2C2N2S2,23.163
Na2C4,14.402
Na2F2O2,21.864
Na2F2S2,19.114
Na2H2O2,15.3085
Na2H2S2,28.516
Na2H8I2O4,35.696
Na2Nb2Cl12,46.758
Na2Ni2As2,16.267
Na2Ni2P2,14.916
Na2Ni2Sb2,19.333
Na2PtH6O6,29.549
Na2SnH6O6,31.107
Na2Ta2Cl12,47.276
Na4As4O8,34.335
Na4O8S4,37.664
NaBr4C6O2,31.618
NaNb3O4,23.195
NaW2Br6O2,40.084
Nb2As2Ge2,12.635
Nb2BO2,8.606
Nb2BS2,9.559
Nb2BSe2,9.874
Nb2Br2,14.54
Nb2Br2N2,14.703
Nb2Br2O2,13.485
Nb2Br2S2,16.649
Nb2Br2Se2,17.617
Nb2Br4O2,27.885
Nb2Br4S4,38.385
Nb2Br4Se4,39.882
Nb2Br6,33.342
Nb2C,8.406
Nb2CF2,8.843
Nb2CH2O2,8.884
Nb2CO2,8.469
Nb2CS2,9.293
Nb2CSe2,9.552
Nb2Cl2,14.6475
Nb2Cl2N2,14.355
Nb2Cl2O2,12.999
Nb2Cl2S2,16.276
Nb2Cl2Se2,17.165
Nb2Cl4,19.498
Nb2Cl4S4,35.51
Nb2Cl4Se4,36.922
Nb2Cl6,29.4695
Nb2F2,10.621
Nb2F2N,7.252
Nb2Ge2Sb2,13.448
Nb2H2NO2,7.539
Nb2I2,15.778500000000001
Nb2I2N2,15.277
Nb2I2O2,14.401
Nb2I2O4,15.063
Nb2I2S2,17.29
Nb2I2Se2,18.336
Nb2I4,25.015
Nb2I4O2,30.086
Nb2I6,42.067
Nb2N,8.492
Nb2NO2,8.447
Nb2NS2,9.419
Nb2NSe2,9.691
Nb2Ni2Te10,56.213
Nb2O2,12.480333333333334
Nb2O4,16.372
Nb2O6,11.979
Nb2Os2Te8,46.497
Nb2P2S6,29.404
Nb2P2Se6,34.738
Nb2P2Te6,37.293
Nb2Pd2Te10,58.997
Nb2PdS6,29.966
Nb2PdSe6,32.247
Nb2S2,12.325399999999998
Nb2S6,16.564
Nb2Se2,12.571200000000001
Nb2Se6,18.618
Nb2Te2,13.4416
Nb2Te4,51.0
Nb2Te6,21.947
Nb3Br7S,44.597
Nb3Br8,44.336
Nb3C2,8.736
Nb3C2F2,8.734
Nb3C2H2O2,8.734
Nb3C2O2,8.531
Nb3Cl7Te,41.943
Nb3Cl8,40.069
Nb3F2N2,7.372
Nb3H2N2O2,7.533
Nb3I7Te,51.589
Nb3I8,51.136
Nb3N2,7.51
Nb3N2O2,8.133
Nb3Te6,34.978
Nb4C3,8.477
Nb4C3F2,8.61
Nb4C3H2O2,8.648
Nb4C3O2,8.563
Nb4F2N3,8.865
Nb4Ge2Te8,52.02
Nb4H2N3O2,8.891
Nb4I2Te12,84.076
Nb4N3,8.587
Nb4N3O2,8.552
Nb4Ni4Te8,50.18
Nb4O8,32.866
Nb4S12,34.014
Nb4Si2Te8,50.676
Nb6Ge2Te12,75.894
Nb6Si2Te12,74.159
Nb8C4,14.369
NbAs2,8.7645
NbAsSb,9.846499999999999
NbBr2,10.184666666666667
NbBrCl,9.3425
NbBrI,10.746500000000001
NbCl2,9.134666666666666
NbClI,10.3035
NbF2,7.557
NbF4,16.804
NbH2,7.08
NbH2O2,7.327
NbI2,12.212666666666665
NbO2,9.239666666666666
NbS2,11.135
NbSSe,10.1405
NbSTe,10.772
NbSb2,9.286999999999999
NbSe2,11.927666666666667
NbSeTe,11.1125
NbTe2,13.46866666666667
Ni2As2O7,32.492
Ni2Br2,13.0595
Ni2Br2N2,11.885
Ni2Br2O2,12.301
Ni2Br2S2,16.014
Ni2Br2Se2,17.468
Ni2Br6,37.15
Ni2C4N6,48.278
Ni2Cl2,12.029
Ni2Cl2N2,11.434
Ni2Cl2O2,11.968
Ni2Cl2S2,15.826
Ni2Cl2Se2,17.118
Ni2Cl6,33.0755
Ni2F2,9.1835
Ni2F2O4,11.576
Ni2F2S4,15.951
Ni2H2O4,11.655
Ni2H2S4,15.66
Ni2I2,14.528
Ni2I2N2,11.902
Ni2I2O2,12.855
Ni2I2S2,16.501
Ni2I2Se2,18.053
Ni2I6,42.179500000000004
Ni2O2,12.002333333333333
Ni2P2S6,29.574
Ni2P2Se5,31.917
Ni2P2Se6,33.166
Ni2P2Te6,39.07
Ni2S2,12.1966
Ni2S4,27.9
Ni2S6,15.44
Ni2Sb2Si2,15.696
Ni2SbTe2,13.164
Ni2Se2,13.133799999999999
Ni2Se4,31.424
Ni2Se6,17.284
Ni2Ta2Te10,56.399
Ni2Ta4S10,52.067
Ni2Ta4Se10,55.267
Ni2Te2,13.963
Ni2Te4,37.027
Ni2Te6,24.473
Ni4Ta2Se2Te2,22.737
Ni4Ta2Te4,23.145
Ni4Ta2Te6,39.837
Ni4Ta4Te8,49.92
Ni8As4Si4,32.366
NiBr2,12.737666666666668
NiC10Cl2N2,39.557
NiC12Cl2N2,49.058
NiC2N2S2,19.251
NiC4Cl2N2,23.366
NiC4H8N2O4,40.737
NiC6Cl2H4N2,34.042
NiCl2,12.395000000000001
NiCl2O8,20.174
NiF2,11.793
NiH2,5.411
NiH2O2,8.744
NiI2,14.593333333333334
NiO2,7.995333333333334
NiPS3,31.586
NiRe2O8,26.324
NiS2,9.717333333333334
NiSe2,10.078333333333333
NiTe2,11.613
NiV2Se4,11.168
NiZrBr6,38.364
NiZrCl6,34.29
NiZrF6,27.702
NiZrI6,44.964
O10P4,36.295
O14S2Te4,43.119
O2Sb,12.676
O4S8Sb8,86.525
O6Sb4,44.221
O8P2Sb2,33.638
O8Te4,31.68
OS2Sb2,13.031
OSb2Se2,13.773
OSb2Te2,15.161
Os2Br2,11.6835
Os2Br2N2,12.888
Os2Br2O2,14.319
Os2Br2S2,16.176
Os2Br2Se2,17.862
Os2Br6,38.820499999999996
Os2Cl2,11.318
Os2Cl2N2,12.338
Os2Cl2O2,13.898
Os2Cl2S2,15.911
Os2Cl2Se2,17.48
Os2Cl6,34.1385
Os2F2,9.214
Os2I2,14.489
Os2I2O2,14.744
Os2I2S2,16.699
Os2I2Se2,18.387
Os2I6,43.303
Os2O2,10.728
Os2O4,14.994
Os2P2S6,32.786
Os2P2Se6,36.544
Os2P2Te6,41.49
Os2S2,11.0566
Os2S4,26.186
Os2Se2,12.57725
Os2Se4,29.374499999999998
Os2Se6,19.344
Os2Ta2Te8,46.478
Os2Te2,13.5238
Os2Te4,34.004999999999995
Os2Te6,23.211
OsBr2,11.828333333333333
OsCl2,10.524666666666667
OsCl2O,13.391
OsF2,6.892
OsH2,6.245
OsH2O2,10.211
OsI2,13.933666666666667
OsO2,7.500666666666667
OsS2,9.801666666666668
OsSe2,10.592333333333334
OsTe2,11.962000000000002
P2,9.345
P2Sb2Se6,43.538
P2Sb2Te6,49.817
P2Si6,50.981
P4,15.312
P8Si4,35.603
Pb2Br2,18.542
Pb2Br2N2,16.463
Pb2Br2O2,17.409
Pb2Br2S2,22.508
Pb2Br2Se2,19.649
Pb2Br4,43.969
Pb2Cl2,18.063000000000002
Pb2Cl2N2,16.149
Pb2Cl2O2,17.239
Pb2Cl2S2,22.156
Pb2Cl2Se2,19.486
Pb2F2,12.875
Pb2I2,18.3355
Pb2I2N2,17.024
Pb2I2O2,17.057
Pb2I2S2,23.216
Pb2I2Se2,24.728
Pb2O2,20.17866666666667
Pb2P2S6,40.509
Pb2P2Se6,43.931
Pb2P2Te6,49.935
Pb2S2,26.802000000000003
Pb2S4,35.387
Pb2Se2,26.88
Pb2Se4,37.929
Pb2Se6,28.083
Pb2Te2,27.8222
Pb2Te4,42.937
Pb2Te6,30.615
Pb4O4,29.997
Pb6As2,88.092
Pb6N2,76.919
Pb6P2,85.679
Pb6Sb2,92.923
PbBr2,18.953333333333333
PbCl2,18.074666666666666
PbF2,17.316
PbF4,18.861
PbH2O2,13.794
PbI2,20.460666666666665
PbO,11.18
PbO2,10.588
PbS,13.506
PbS2,15.880333333333333
PbSb2Te4,16.69
PbSe,14.401
PbSe2,17.080000000000002
PbTe,16.191
PbTe2,15.183666666666667
PbWO4,26.918
Pd2Br2,14.1805
Pd2Br2N2,13.289
Pd2Br2O2,14.242
Pd2Br2S2,18.238
Pd2Br6,40.5155
Pd2Cl2,13.212
Pd2Cl2N2,12.984
Pd2Cl2O2,14.136
Pd2Cl2S2,17.917
Pd2Cl2Se2,19.285
Pd2Cl4,27.36
Pd2Cl6,36.787
Pd2F2,11.442499999999999
Pd2I2,16.032
Pd2I2N2,13.247
Pd2I2O2,14.625
Pd2I2S2,18.811
Pd2I2Se2,20.09
Pd2I4O12,43.784
Pd2I6,46.715999999999994
Pd2N4O12,47.153
Pd2O2,8.327
Pd2O6Se2,26.180500000000002
Pd2P2S6,31.295
Pd2P2Se6,34.989
Pd2P2Te6,40.413
Pd2S2,12.353666666666667
Pd2S4,30.612
Pd2Se2,12.954666666666666
Pd2Se4,34.042
Pd2Te2,14.177999999999999
Pd2Te4,39.464
Pd3P2S8,44.378
Pd3Ta3Te14,83.482
Pd4I8,65.262
Pd4P4S4,32.705
Pd4P4Se4,34.555
Pd4Tl2Se6,47.823
Pd6Ta4Te10,70.322
PdBr2,13.187333333333333
PdCl2,12.150666666666666
PdF2,8.995
PdH2O2,11.027
PdI2,14.657000000000002
PdO,8.598
PdO2,9.514000000000001
PdS2,11.468666666666666
PdSe2,11.328000000000001
PdTa2S6,30.151
PdTa2Se6,32.569
PdTe2,12.685666666666668
Pt2Br2,12.61
Pt2Br2N2,13.369
Pt2Br2O2,15.08
Pt2Br2S2,18.596
Pt2Br2Se2,20.051
Pt2Br6,40.838499999999996
Pt2Cl2,12.6245
Pt2Cl2N2,13.12
Pt2Cl2O2,14.99
Pt2Cl2S2,18.327
Pt2Cl2Se2,19.699
Pt2Cl6,37.0305
Pt2F2,13.147
Pt2I2,14.835
Pt2I2N2,13.964
Pt2I2O2,15.07
Pt2I2S2,19.054
Pt2I2Se2,20.702
Pt2I4,28.886
Pt2I6,46.7305
Pt2O2,12.957
Pt2P2S6,31.69
Pt2P2Se6,37.5
Pt2P2Te6,44.142
Pt2S2,14.283199999999999
Pt2S4,30.425
Pt2Se2,14.032599999999999
Pt2Se4,33.867
Pt2Se6,22.682
Pt2Ta2Te10,58.917
Pt2Ta4Se14,67.787
Pt2Te2,15.421833333333334
Pt2Te4,39.15
Pt2Te6,26.077
Pt4I8,65.894
Pt4Tl2S6,44.392
Pt4Tl2Se6,48.788
Pt4Tl2Te6,55.524
PtBr2,13.458666666666666
PtCl2,12.315
PtF2,7.977
PtH2,6.963
PtH2O2,11.614
PtI2,14.838
PtO2,8.267333333333333
PtS2,10.776666666666666
PtSe2,11.691666666666668
PtTe2,13.027000000000001
Rb2Br2,44.025
Rb2Br2F8,49.885
Rb2C2F6O6S2,29.453
Rb2C4,20.892
Rb2Cl2,40.511
Rb2F2,29.443
Rb2I2,49.467
RbI2,20.972
RbS2,8.708
RbSe2,9.405
RbSnS2,13.701
RbTe2,11.016
RbTiS2,11.57
Re2Br2,11.3955
Re2Br4,21.774
Re2Br6,33.765499999999996
Re2Cl2,10.9345
Re2Cl4,19.514
Re2Cl6,28.261499999999998
Re2F2,9.4595
Re2I2,12.382000000000001
Re2I4,27.79
Re2I6,45.4525
Re2N2,8.058
Re2O2,11.234666666666667
Re2O4,13.938
Re2S2,11.93175
Re2S4,18.04
Re2Se2,12.13925
Re2Se4,19.502
Re2Te2,12.21725
Re2Te4,21.825
Re2ZnO8,27.186
Re4O8,28.171
Re4S8,36.525
Re4Se8,39.498
Re4Te8,44.58
Re6Cl2Se8,44.778
ReBr2,10.552333333333333
ReCl2,8.909999999999998
ReF2,7.017
ReH2,6.314
ReI2,13.445
ReO2,6.935333333333333
ReS2,10.316333333333333
ReSe2,11.201
ReTe2,12.873666666666667
Rh2Br2,13.407
Rh2Br2N2,12.848
Rh2Br2O2,13.72
Rh2Br2S2,16.737
Rh2Br2Se2,18.24
Rh2Br4,26.047
Rh2Br6,37.042500000000004
Rh2Cl2,11.8605
Rh2Cl2N2,12.218
Rh2Cl2O2,13.394
Rh2Cl2S2,16.43
Rh2Cl2Se2,17.907
Rh2Cl2Te2,24.945
Rh2Cl4,23.99
Rh2Cl6,34.903999999999996
Rh2F2,9.991
Rh2I2,15.296
Rh2I2N2,12.852
Rh2I2O2,14.315
Rh2I2S2,17.317
Rh2I2Se2,18.842
Rh2I6,42.466
Rh2O2,12.289666666666667
Rh2O6,12.186
Rh2P2S6,31.555
Rh2P2Se6,36.089
Rh2P2Te6,41.27
Rh2S2,11.995999999999999
Rh2S4,26.3985
Rh2Se2,12.533199999999999
Rh2Se4,29.098
Rh2Ta2Te8,47.833
Rh2Te2,14.008799999999999
Rh2Te4,33.5485
Rh2Te6,22.875
Rh4S8,40.45
Rh4Se8,43.981
RhBr2,12.734333333333334
RhCl2,11.559333333333333
RhF2,7.544
RhH2,6.378
RhH2O2,10.407
RhI2,14.182333333333332
RhO2,9.099333333333334
RhS2,10.055
RhSe2,10.704333333333333
RhTe2,12.031333333333334
Ru2Br2,11.652999999999999
Ru2Br2N2,12.822
Ru2Br2O2,13.448
Ru2Br2S2,15.995
Ru2Br2Se2,17.619
Ru2Br6,39.193
Ru2Cl2,11.165500000000002
Ru2Cl2N2,12.573
Ru2Cl2O2,13.07
Ru2Cl2S2,15.684
Ru2Cl2Se2,17.192
Ru2Cl6,34.3985
Ru2F2,9.0275
Ru2F8,26.731
Ru2I2,14.683499999999999
Ru2I2N2,13.47
Ru2I2O2,14.49
Ru2I2S2,16.676
Ru2I2Se2,18.216
Ru2I6,42.271
Ru2O2,10.818333333333333
Ru2O4,14.784
Ru2P2S6,30.93
Ru2P2Se6,34.894
Ru2P2Te6,40.668
Ru2S2,12.4342
Ru2S4,26.0455
Ru2Se2,13.136000000000001
Ru2Se4,29.224000000000004
Ru2Se6,25.663
Ru2Ta2Te8,46.05
Ru2Te2,14.37375
Ru2Te4,33.828
Ru2Te6,22.221
RuBr2,12.030666666666667
RuCl2,10.763333333333334
RuCl2O,13.093
RuF2,7.351
RuH2,6.16
RuH2O2,9.795
RuI2,13.946666666666665
RuO2,8.799999999999999
RuS2,10.890666666666666
RuSe2,11.88
RuTe2,11.647333333333334
S2Sb,13.463999999999999
S2Sb2,17.68
S2Sb2Se,13.662
S2Sb2Te,14.226
S2Si,9.46
S2Si2,19.91
S3Sb2,13.333
S4Sb2,33.713
S8Si4,48.277
SSb2Se2,13.965
SSb2Te2,15.142
Sb2,14.646
Sb2Se2,21.854666666666663
Sb2Se2Te,14.901
Sb2Se3,14.29
Sb2Se4,41.484
Sb2SeTe2,15.472
Sb2Si6,60.352
Sb2Te2,25.304499999999997
Sb2Te3,16.097
Sb2Te4,48.592
Sb4,21.262
SbSe2,14.521666666666667
SbTe2,15.584000000000001
Sc2Br2,14.214
Sc2Br2N2,13.886
Sc2Br2O2,14.191
Sc2Br2S2,19.255
Sc2Br2Se2,20.685
Sc2Br4,24.491
Sc2Br6,42.111999999999995
Sc2C,9.512
Sc2CCl2,10.267
Sc2CF2,9.242
Sc2CH2O2,9.431
Sc2CO2,9.028
Sc2Cl2,10.4925
Sc2Cl2H2,10.604
Sc2Cl2N,9.788
Sc2Cl2N2,13.059
Sc2Cl2O2,13.837
Sc2Cl2S2,18.834
Sc2Cl2Se2,20.274
Sc2Cl4,22.183
Sc2Cl6,38.104
Sc2F2,13.087
Sc2F2N,8.773
Sc2H2NO2,8.979
Sc2I2,15.3275
Sc2I2N2,14.355
Sc2I2O2,14.895
Sc2I2S2,20.004
Sc2I2Se2,21.421
Sc2I6,48.133
Sc2N,8.75
Sc2NO2,9.102
Sc2O13Te5,56.234
Sc2O2,15.476333333333335
Sc2O4,13.373
Sc2P2S6,35.424
Sc2P2S8,40.585
Sc2P2Se6,38.706
Sc2P2Te6,42.64
Sc2S2,16.4404
Sc2S4,24.391
Sc2S6,17.961
Sc2Se2,16.5734
Sc2Se6,19.546
Sc2Te2,18.169800000000002
Sc2Te4,53.386
Sc2Te6,22.568
Sc3C2,9.844
Sc3C2F2,9.121
Sc3C2H2O2,9.719
Sc3C2O2,10.505
Sc3F2N2,8.761
Sc3H2N2O2,8.878
Sc3N2,8.971
Sc3N2O2,9.16
Sc4C3,10.026
Sc4C3F2,9.225
Sc4C3H2O2,9.33
Sc4C3O2,9.304
Sc4F2N3,8.831
Sc4H2N3O2,8.905
Sc4I4O4,28.169
Sc4N3,8.927
Sc4N3O2,9.009
Sc4S6,38.265
ScBr2,12.962666666666665
ScCl2,11.741666666666667
ScF2,9.763
ScH2,8.297
ScH2O2,9.139
ScI2,15.602666666666666
ScO2,9.1325
ScS2,12.699333333333334
ScSe2,13.496333333333332
ScTe2,13.421666666666667
Se2Si,10.663
Se2Si2,21.9175
Si2,12.99
Si2Te2,23.887500000000003
SiTe2,12.448
Sn2,18.898
Sn2Br2,16.8365
Sn2Br2N2,15.033
Sn2Br2O2,15.591
Sn2Br2S2,21.208
Sn2Br2Se2,22.714
Sn2C2H6O6P2,31.587
Sn2Cl2,16.375
Sn2Cl2N2,14.688
Sn2Cl2O2,16.021
Sn2Cl2S2,20.814
Sn2Cl2Se2,22.316
Sn2F2,21.321
Sn2F2O6P2,29.551
Sn2H2,19.178
Sn2H2O6P2,31.323
Sn2I2,17.711
Sn2I2N2,15.636
Sn2I2O2,15.808
Sn2I2S2,21.921
Sn2I2Se2,23.362
Sn2O2,17.949333333333332
Sn2O6P2,30.961
Sn2O8S2,43.31
Sn2P2S6,39.391
Sn2P2Se6,42.882
Sn2P2Te6,48.796
Sn2PS6,33.165
Sn2S2,24.332
Sn2Se2,26.323
Sn2Se4,36.413
Sn2Te2,29.451
Sn2Te4,41.279
Sn6As2,77.659
Sn6N2,65.708
Sn6P2,75.903
Sn6Sb2,82.705
SnBr2,18.478666666666665
SnCl2,17.533
SnF2,16.955
SnF4,17.032
SnH2O2,13.293
SnI2,19.980333333333334
SnO,9.676
SnO2,9.547666666666666
SnS,12.192
SnS2,12.472666666666667
SnSe,13.218
SnSe2,13.664333333333332
SnTe,15.079
SnTe2,15.129
Sr2Br2,38.479
Sr2Br2H2,16.845
Sr2C,14.992
Sr2Cl4O8,36.811
Sr2F2,26.145
Sr2F2I2,17.91
Sr2H8O6,25.068
Sr2I2,28.808
Sr2N,12.949
Sr2O12P4,48.934
SrBr2,20.116666666666667
SrCl2,18.778000000000002
SrF2,17.633
SrF2O2,15.204
SrH2O2,13.302
SrH2S2,19.196
SrI2,22.167333333333332
SrSe2,12.93
SrTa2O7,15.729
SrTe2,13.895
Ta2BO2,8.626
Ta2BS2,9.589
Ta2BSe2,9.932
Ta2Br2,12.658
Ta2Br2N2,14.648
Ta2Br2O2,13.416
Ta2Br2S2,16.482
Ta2Br2Se2,17.394
Ta2Br4,21.529
Ta2Br6,32.697
Ta2C,8.247
Ta2CF2,8.866
Ta2CH2O2,8.871
Ta2CO2,8.501
Ta2CS2,9.352
Ta2CSe2,9.62
Ta2Cl2,11.896
Ta2Cl2N2,14.047
Ta2Cl2O2,12.72
Ta2Cl2S2,16.113
Ta2Cl2Se2,16.973
Ta2Cl6,28.847
Ta2F2,10.818999999999999
Ta2F2N,7.133
Ta2H2NO2,7.438
Ta2I2,12.935
Ta2I2N2,15.246
Ta2I2O2,14.321
Ta2I2S2,17.172
Ta2I2Se2,18.153
Ta2I4,24.457
Ta2I4O2,29.415
Ta2I6,39.316
Ta2N,8.271
Ta2NO2,8.523
Ta2NS2,9.505
Ta2NSe2,9.858
Ta2O2,12.547333333333333
Ta2O4,16.379
Ta2O6,12.075
Ta2P2S6,34.982
Ta2P2Se6,36.378
Ta2P2Te6,40.397
Ta2S2,12.245000000000001
Ta2S6,16.76
Ta2Se2,12.459
Ta2Se6,18.827
Ta2Te2,13.93975
Ta2Te4,51.078
Ta2Te6,22.228
Ta3C2,8.582
Ta3C2F2,8.684
Ta3C2H2O2,8.492
Ta3C2O2,8.487
Ta3F2N2,7.311
Ta3H2N2O2,7.47
Ta3I7Se,50.582
Ta3I7Te,51.174
Ta3N2,7.445
Ta3N2O2,8.088
Ta4C3,8.42
Ta4C3F2,8.611
Ta4C3H2O2,8.643
Ta4C3O2,8.582
Ta4F2N3,8.953
Ta4H2N3O2,8.932
Ta4N3,8.514
Ta4N3O2,8.612
Ta4O8,32.901
Ta4Se12,43.166
Ta4Se2,11.507
Ta4Te6,35.707
Ta6Si2Te12,74.03
TaAs2,8.8185
TaAsSb,9.975999999999999
TaBr2,9.878
TaBrCl,9.062999999999999
TaBrI,10.4115
TaCl2,8.908666666666667
TaClI,9.993500000000001
TaF2,7.604
TaH2,7.105
TaI2,11.850999999999999
TaO2,9.694666666666667
TaS2,11.061666666666667
TaSSe,10.1595
TaSTe,10.793500000000002
TaSb2,9.152000000000001
TaSe2,11.871333333333332
TaSeTe,11.175
TaTe2,13.42
Te2,19.6125
Ti2BO2,7.917
Ti2BS2,9.294
Ti2BSe2,9.227
Ti2Br2,13.8045
Ti2Br2N2,13.327
Ti2Br2O2,13.651
Ti2Br2S2,17.002
Ti2Br2Se2,18.279
Ti2Br6,37.325
Ti2CF2,8.047
Ti2CH2O2,8.175
Ti2CO2,7.962
Ti2CS2,8.868
Ti2CSe2,9.093
Ti2Cl2,13.192
Ti2Cl2N2,12.952
Ti2Cl2O2,13.121
Ti2Cl2S2,16.583
Ti2Cl2Se2,17.819
Ti2Cl4,19.216
Ti2Cl6,32.9845
Ti2F2,9.7675
Ti2F2N,8.043
Ti2H2NO2,8.107
Ti2I2,14.815999999999999
Ti2I2N2,14.037
Ti2I2O2,14.631
Ti2I2S2,17.728
Ti2I2Se2,19.022
Ti2I4,25.019
Ti2I6,44.318
Ti2N,7.686
Ti2NO2,7.797
Ti2NS2,8.757
Ti2NSe2,9.061
Ti2O2,12.888666666666666
Ti2O4,15.551
Ti2O6,11.821
Ti2P2S6,30.656
Ti2P2Se6,34.834
Ti2P2Te6,40.734
Ti2PTe2,11.468
Ti2S2,12.962200000000001
Ti2S6,17.199
Ti2Se2,13.5882
Ti2Se6,19.058
Ti2Te2,14.406
Ti2Te6,22.22
Ti2Zr2S8,41.657
Ti2Zr2Se8,44.976
Ti2Zr2Te8,50.893
Ti3B2F2O2,10.624
Ti3B2F2S2,10.647
Ti3B2F2Se2,12.23
Ti3B2H2O2,8.612
Ti3B2H2S2,10.572
Ti3B2H2Se2,11.071
Ti3C2,8.316
Ti3C2F2,8.16
Ti3C2H2O2,8.251
Ti3C2H2S2,9.222
Ti3C2H2Se2,9.547
Ti3C2O2,7.993
Ti3F2N2,7.705
Ti3H2N2O2,7.736
Ti3H2N2S2,8.565
Ti3H2N2Se2,8.801
Ti3N2,7.866
Ti3N2O2,7.712
Ti3ZrS8,40.222
Ti3ZrSe8,43.63
Ti3ZrTe8,49.645
Ti4Br4O4,33.837
Ti4Br4S4,40.709
Ti4Br4Se4,42.793
Ti4C3,8.309
Ti4C3F2,8.209
Ti4C3H2O2,8.275
Ti4C3O2,8.021
Ti4Cl4O4,32.596
Ti4Cl4S4,38.809
Ti4Cl4Se4,40.63
Ti4F2N3,7.876
Ti4H2N3O2,7.924
Ti4I4O4,35.597
Ti4I4S4,43.462
Ti4I4Se4,45.871
Ti4N3,7.721
Ti4N3O2,7.81
Ti4O8,24.734
TiAs2,7.5075
TiAsSb,9.097000000000001
TiBr2,12.009
TiBrCl,10.0125
TiBrI,12.3545
TiCl2,10.221
TiClI,11.8355
TiF2,7.464
TiH2,6.742
TiH2O2,7.394
TiI2,14.360999999999999
TiO2,8.389333333333333
TiS2,11.1
TiSSe,10.303
TiSTe,11.0235
TiSb2,8.905
TiSe2,12.022666666666666
TiSeTe,11.4155
TiTe2,13.744
TiZr3S8,42.891
TiZr3Se8,46.235
TiZr3Te8,52.107
Tl2Br2,32.7785
Tl2Br2N2,15.849
Tl2Br2O2,16.247
Tl2Br4,34.157
Tl2Br6,45.514
Tl2Cl2,30.7845
Tl2Cl2N2,15.541
Tl2Cl2O2,15.953
Tl2Cl4,33.005
Tl2Cl6,41.734
Tl2I2,35.7945
Tl2I2N2,16.52
Tl2I2O2,16.894
Tl2I2S2,21.331
Tl2I6,51.498
Tl2O2,17.2185
Tl2O6Sb2,24.989
Tl2P2S6,39.511
Tl2P2Se6,43.179
Tl2P2Te6,49.387
Tl2S2,18.38925
Tl2S4,39.991
Tl2Se2,21.3885
Tl2Se4,41.789
Tl2Te2,24.18375
Tl2Te4,42.45
TlBr2,18.648
TlCl2,17.665
TlF2,15.869
TlH2O2,13.147
TlI2,20.19366666666667
TlS2,14.146
TlSe2,15.035
TlTe2,16.992
V2BO2,7.405
V2BS2,8.395
V2BSe2,8.794
V2Br2,12.8885
V2Br2N2,12.945
V2Br2O2,13.111
V2Br2Se2,17.983
V2Br6,39.551
V2C,7.299
V2CF2,7.723
V2CH2O2,7.843
V2CO2,7.316
V2CS2,8.139
V2CSe2,8.493
V2Cl2,12.3525
V2Cl2N2,12.555
V2Cl2O2,12.709
V2Cl2Se2,17.463
V2Cl4,18.513
V2Cl6,35.143
V2F2,8.828
V2F2O7Te2,36.64
V2F8,26.656
V2H2NO2,8.092
V2H2O5,17.636
V2H4O10Se2,39.924
V2I2,13.899000000000001
V2I2N2,13.443
V2I2Se2,19.067
V2I6,45.5275
V2N,7.301
V2NS2,8.214
V2NSe2,8.521
V2O10P2,38.963
V2O2,12.4145
V2O4,14.629
V2O5,16.202
V2O6,10.739
V2P2S6,30.678
V2S2,11.6194
V2S4,35.211
V2S6,15.82
V2Se2,12.331
V2Se4,40.044
V2Se6,17.651
V2Te2,13.584800000000001
V2Te4,47.592
V2Te6,21.935
V3B2F2S2,9.413
V3B2F2Se2,9.802
V3B2H2O2,8.247
V3B2H2S2,9.494
V3B2H2Se2,9.918
V3C2,7.644
V3C2F2,7.688
V3C2F2Se2,8.468
V3C2H2O2,7.762
V3C2H2S2,8.611
V3C2H2Se2,8.64
V3C2O2,7.403
V3F2N2,6.71
V3H2N2O2,6.896
V3H2N2S2,8.742
V3N2,6.716
V3N2O2,7.184
V3Te6,33.092
V4C3,7.405
V4C3F2,7.517
V4C3H2O2,7.591
V4C3O2,7.405
V4F12O4,44.491
V4F2N3,7.764
V4H2N3O2,7.784
V4N3,7.452
V4N3O2,7.405
V4O10,33.980666666666664
V4O8,21.24
VAs2,7.5085
VAsSb,9.1135
VBr2,12.459333333333333
VBr2O,13.658999999999999
VBrCl,10.910499999999999
VBrI,13.219
VC4FH4O6,30.175
VCl2,11.067
VCl2O,12.9495
VClI,12.016
VF2,6.703
VH2,5.864
VI2,15.269333333333334
VO2,7.839333333333333
VS2,10.174999999999999
VSSe,9.2695
VSTe,10.225999999999999
VSb2,8.926
VSe2,11.157666666666666
VSeTe,10.521
VTe2,12.979666666666667
W2BO2,8.259
W2BS2,9.198
W2BSe2,9.502
W2Br2,11.2725
W2Br2N2,13.019
W2Br2O2,12.534
W2Br2S2,14.63
W2Br2Se2,15.759
W2Br6,30.294
W2C,7.14
W2CF2,7.016
W2CH2O2,7.359
W2CO2,8.376
W2CS2,9.289
W2CSe2,9.735
W2Cl2,10.803
W2Cl2N2,12.594
W2Cl2O2,12.149
W2Cl2S2,14.218
W2Cl2Se2,15.332
W2Cl4,16.821
W2Cl4O4,30.322
W2Cl6,26.5885
W2F2,10.234
W2F2N,6.646
W2H2NO2,6.854
W2H4O8,28.125
W2H6,9.326
W2H8,9.494
W2I2,12.1515
W2I2N2,13.775
W2I2O2,13.273
W2I2S2,18.778
W2I2Se2,16.639
W2I6,40.795
W2N,6.679
W2N3,7.318
W2NO2,6.94
W2NS2,9.628
W2NSe2,9.904
W2O12Sb4,28.576
W2O2,11.110333333333335
W2O4,14.874
W2P2S6,32.564
W2P2Se6,35.605
W2P2Te6,40.302
W2S2,11.3712
W2S4,27.6945
W2S6,15.928
W2Se2,11.8202
W2Se4,30.578
W2Te2,13.995600000000001
W2Te4,35.219
W2Te6,23.376
W3C2,7.248
W3C2F2,7.166
W3C2H2O2,7.314
W3C2O2,7.563
W3F2N2,6.821
W3H2N2O2,6.968
W3N2,6.831
W3N2O2,6.874
W4C3,8.208
W4C3F2,8.632
W4C3H2O2,8.662
W4C3O2,8.456
W4F2N3,9.239
W4H2N3O2,9.309
W4N3,9.031
W4N3O2,8.98
WAs2,8.2005
WAsSb,8.8415
WBr2,9.524
WBrCl,8.702
WBrI,10.032499999999999
WCl2,8.537333333333335
WClI,9.537500000000001
WF2,7.256
WH2,6.595
WI2,11.553333333333333
WO2,9.189
WOS,7.819
WOSe,8.154
WOTe,8.774
WS2,10.034666666666666
WSSe,9.1395
WSTe,9.681999999999999
WSb2,9.256499999999999
WSe2,10.731666666666667
WSeTe,10.07
WTe2,12.278666666666666
Y2Br2,20.31
Y2Br4,26.413
Y2Br6,47.5185
Y2C,10.875
Y2CF2,10.968
Y2CH2O2,11.12
Y2CO2,11.002
Y2Cl2,16.0915
Y2Cl2O2,12.547
Y2Cl2O4,22.549
Y2Cl4,24.469
Y2Cl6,43.479
Y2F2,20.336
Y2F2N,10.283
Y2H2NO2,10.514
Y2I2,17.235
Y2I4,29.938
Y2I6,54.022
Y2N,10.234
Y2NO2,10.817
Y2Te6,18.761
Y3C2,11.316
Y3C2F2,10.777
Y3C2H2O2,10.918
Y3C2O2,12.392
Y3F2N2,10.353
Y3H2N2O2,10.449
Y3N2,10.497
Y3N2O2,10.809
Y4C3,11.452
Y4C3F2,10.964
Y4C3H2O2,11.048
Y4C3O2,11.032
Y4F2N3,10.407
Y4H2N3O2,10.49
Y4N3,10.417
Y4N3O2,10.684
YBr2,13.651000000000002
YCl2,12.635
YF2,11.501
YI2,15.586
YS2,18.274
YSe2,16.673
YTe2,17.638
Zn2As4O8,23.779
Zn2Br2,13.3765
Zn2Cl2,12.513
Zn2Cl4O6Sb4,36.553
Zn2F2,11.2035
Zn2Ge2O6,22.424
Zn2H4O8Se2,28.048
Zn2H8N4Te2,28.943
Zn2I2,15.832
Zn2O6Si2,20.459
Zn2P2S6,31.305
Zn2P2Se6,34.919
Zn2P2Te6,40.931
Zn2S2,18.182
Zn2S4,32.018
Zn2Se2,18.887333333333334
Zn2Se4,34.41
Zn2Te2,22.9695
Zn2Te4,41.445
Zn4Br4O4,38.116
Zn4Cl4O4,36.904
ZnB2C8N8,47.719
ZnBr2,13.230666666666666
ZnC4N6,58.795
ZnCl2,11.863
ZnF2,11.17
ZnH2O2,9.068
ZnI2,15.447666666666668
ZnS2,8.905
ZnSe2,9.869
ZnTe2,11.926
Zr2BO2,9.473
Zr2BS2,10.831
Zr2BSe2,10.995
Zr2Br2,13.464749999999999
Zr2Br2N2,13.24
Zr2Br2O2,15.596
Zr2Br2S2,18.877
Zr2Br2Se2,19.915
Zr2Br4,22.71
Zr2Br6,37.488
Zr2CF2,9.356
Zr2CH2O2,9.495
Zr2CO2,9.433
Zr2CS2,10.436
Zr2CSe2,10.544
Zr2Cl2,12.849499999999999
Zr2Cl2N2,12.9865
Zr2Cl2O2,14.975
Zr2Cl2S2,18.463
Zr2Cl2Se2,19.512
Zr2Cl4,20.765
Zr2Cl6,33.8925
Zr2F2,11.8865
Zr2F2N,9.286
Zr2Ge2Te8,44.634
Zr2H2NO2,9.286
Zr2I2,17.34
Zr2I2N2,13.7715
Zr2I2O2,16.657
Zr2I2S2,19.55
Zr2I2Se2,20.666
Zr2I4,26.075
Zr2I6,43.742000000000004
Zr2N,9.056
Zr2NO2,9.16
Zr2NS2,10.205
Zr2NSe2,10.473
Zr2O2,15.154333333333334
Zr2O6,13.329
Zr2P2S6,38.671
Zr2P2Se6,41.058
Zr2P2Te6,44.236
Zr2PTe2,12.729
Zr2S2,14.816999999999998
Zr2S6,18.927
Zr2Se2,15.306799999999999
Zr2Se6,20.681
Zr2Si2Te2,13.528
Zr2Te10,55.788
Zr2Te2,16.3174
Zr2Te6,23.553
Zr3B2F2O2,12.076
Zr3B2F2S2,15.95
Zr3B2F2Se2,12.667
Zr3B2H2O2,10.025
Zr3B2H2S2,11.063
Zr3B2H2Se2,12.516
Zr3C2,9.641
Zr3C2F2,9.55
Zr3C2F2O2,11.711
Zr3C2F2S2,10.331
Zr3C2F2Se2,10.608
Zr3C2H2O2,9.612
Zr3C2H2S2,10.446
Zr3C2H2Se2,10.704
Zr3C2O2,9.411
Zr3F2N2,8.785
Zr3F2N2O2,10.478
Zr3H2N2O2,8.888
Zr3H2N2S2,9.634
Zr3H2N2Se2,9.946
Zr3N2,8.796
Zr3N2O2,9.078
Zr4Br4O4,38.503
Zr4Br4S4,44.83
Zr4Br4Se4,46.609
Zr4C3,9.666
Zr4C3F2,9.62
Zr4C3H2O2,9.659
Zr4C3O2,9.467
Zr4Cl4O4,37.427
Zr4Cl4S4,43.162
Zr4Cl4Se4,44.74
Zr4F2N3,9.15
Zr4H2N3O2,9.158
Zr4I4O4,40.142
Zr4I4S4,47.333
Zr4I4Se4,49.344
Zr4N3,9.016
Zr4N3O2,9.137
ZrAs2,9.907499999999999
ZrAsSb,11.027999999999999
ZrBr2,11.181
ZrBrCl,10.3265
ZrBrI,11.698
ZrCl2,10.159666666666666
ZrClI,11.282
ZrF2,8.52
ZrH2,8.276
ZrH2O2,11.35
ZrH2O6P2,26.154
ZrI2,13.406
ZrO2,9.963
ZrS2,12.705
ZrSSe,11.775500000000001
ZrSTe,12.4015
ZrSb2,9.3265
ZrSe2,13.547000000000002
ZrSeTe,12.817499999999999
ZrTe2,15.170333333333332
