Formula,Work function (avg. if finite dipole)
Ag2,4.52
Ag2Au2Cl8,6.352
Ag2Br2,5.393
Ag2Br2N2,6.096
Ag2Br2O2,6.421
Ag2Br2S2,6.431
Ag2Br2S4,5.554
Ag2Br2Se2,6.345
Ag2Br2Se4,5.364
Ag2Br2Te4,4.979
Ag2Br4,6.557
Ag2Br6,6.6274999999999995
Ag2C8N6,3.931
Ag2Cl2,5.377
Ag2Cl2N2,6.558
Ag2Cl2O2,6.997
Ag2Cl2S2,6.926
Ag2Cl2S4,5.744
Ag2Cl2Se2,6.562
Ag2Cl2Se4,5.442
Ag2Cl2Te4,4.982
Ag2Cl6,7.341
Ag2Cr2P4S12,5.541
Ag2F2,5.237
Ag2F4,7.197
Ag2I2,4.526999999999999
Ag2I2N2,5.493
Ag2I2O2,5.581
Ag2I2S2,5.759
Ag2I2S4,5.191
Ag2I2Se2,5.242
Ag2I2Se4,5.167
Ag2I2Te4,4.89
Ag2I4,5.843
Ag2I6,5.82
Ag2MoO4,5.596
Ag2MoS4,5.083
Ag2MoSe4,4.75
Ag2MoTe4,4.37
Ag2O2,5.47
Ag2P2S6,5.913
Ag2P2Se6,5.417
Ag2P2Te6,4.834
Ag2ReBr6,5.762
Ag2ReCl6,5.942
Ag2ReF6,5.348
Ag2ReI6,5.395
Ag2S2,5.728
Ag2S4,4.838
Ag2Se2,5.449999999999999
Ag2Se4,4.728
Ag2Te2,5.251
Ag2Te4,4.595
Ag2V2P4S12,5.555
Ag2WO4,5.725
Ag2WS4,4.876
Ag2WSe4,4.576
Ag2WTe4,4.232
Ag8C4N8,4.924
AgBiP2Se6,5.057
AgBr2,6.6626666666666665
AgCa2Br2O2,5.306
AgCa2Br2S2,5.991
AgCa2Cl2O2,5.284
AgCa2Cl2S2,6.065
AgCa2I2O2,5.45
AgCa2I2S2,5.887
AgCl2,7.265666666666667
AgCuTe2,4.621
AgF2,6.481
AgGaP2Se6,4.974
AgH2,4.816
AgI2,5.916333333333334
AgInP2S6,5.219
AgInP2Se6,4.941
AgLi2,3.429
AgNi2O4,7.027
AgO2,6.74
AgS2,5.744
AgScP2S6,5.16
AgScP2Se6,4.864
AgSe2,5.2
AgSnF6,8.474
AgSr2Br2O2,5.385
AgSr2Br2S2,5.369
AgSr2Cl2O2,5.026
AgSr2Cl2S2,5.309
AgSr2I2O2,5.676
AgSr2I2S2,5.456
AgTe2,4.724
AgVP2Se6,4.98
Al2Br2N2,6.537
Al2Br2O2,4.501
Al2Br2S2,5.029
Al2Br2Se2,4.679
Al2Br4,4.175
Al2Br6,5.2509999999999994
Al2Cl2N2,6.573
Al2Cl2O2,5.031
Al2Cl2S2,4.815
Al2Cl2Se2,4.547
Al2Cl6,5.4559999999999995
Al2FeS4,3.608
Al2I2O2,3.726
Al2I2S2,5.145
Al2I2Se2,4.906
Al2I6,4.984999999999999
Al2Mg2Se5,4.266
Al2MgS4,4.345
Al2MgSe4,4.304
Al2MnS4,4.358
Al2O2,3.5445
Al2O4,8.445
Al2P2S6,4.627
Al2P2Se6,4.532
Al2P2Te6,4.344
Al2S2,4.466666666666666
Al2S4,6.349
Al2Se2,4.347666666666666
Al2Se4,5.556
Al2Si2Te6,4.549
Al2Te2,4.152666666666667
Al2Te4,5.117
Al2Tl2F8,6.043
Al2ZnS4,4.951
Al8Te12,4.028
AlAs,4.59
AlB4,4.953
AlBr2,4.145
AlC,4.996
AlCl2,4.519
AlFeF5,8.108
AlI2,4.323499999999999
AlLiP2S6,5.112
AlN,3.876
AlNi5Br2,4.32
AlNi5Cl2,4.689
AlNi5I2,3.871
AlP,4.222
AlPd5Br2,5.095
AlPd5Cl2,5.554
AlPd5I2,4.426
AlPt5Br2,4.499
AlPt5Cl2,5.313
AlPt5I2,3.872
AlSb,4.246
AlTe4,5.13
As2,4.5
As2Br6,5.609
As2C6,4.123
As2Ge6,4.604
As2H2O10Te2,6.178
As2I6,5.073
As2O6Sb2,4.038
As2O8P2,6.448
As2O8Sb2,5.085
As2Si6,4.501
As4,4.248
As4Ge4Se4,4.778
As4H2O12P2,4.73
As4O12S2,4.949
As4O6,4.247
As4O8,6.94
As4S6,4.750500000000001
As4Se6,4.614
As8Ge4,4.56
As8Si4,4.576
AsB,4.536
AsBr2,4.8420000000000005
AsBrS,5.5105
AsBrSe,5.3260000000000005
AsBrTe,5.1735
AsC,4.271
AsCl2,5.432499999999999
AsClS,5.789
AsClSe,5.6005
AsClTe,5.432
AsI2,4.2940000000000005
AsIS,5.025
AsISe,4.8705
AsITe,4.7235
AsS2,5.8870000000000005
AsSe2,5.4555
AsTe2,4.8455
Au2Br2,5.218
Au2Br2N2,5.659
Au2Br2O2,5.826
Au2Br2S2,5.714
Au2Br2Se2,5.646
Au2Br2Se4,5.288
Au2Br2Te4,4.992
Au2Br4,6.049
Au2Br6,6.2295
Au2CaF12,9.112
Au2Cl2,6.246
Au2Cl2N2,6.002
Au2Cl2O2,6.273
Au2Cl2Se2,6.006
Au2Cl2Te4,4.997
Au2Cl6,6.8055
Au2I2,4.5975
Au2I2N2,5.138
Au2I2O2,5.148
Au2I2S2,5.2
Au2I2Se2,5.131
Au2I2Se4,5.071
Au2I2Te4,4.79
Au2I4,5.429
Au2I6,5.5585
Au2MoO4,5.269
Au2MoS4,4.663
Au2MoSe4,4.335
Au2MoTe4,4.047
Au2O2,5.615
Au2O4,6.91
Au2P2S6,5.473
Au2P2Se6,5.032
Au2P2Te6,4.51
Au2ReF6,6.815
Au2S2,5.851
Au2S4,4.696
Au2Se2,5.467
Au2Se4,4.62
Au2SrO8,5.922
Au2Te2,4.69475
Au2Te4,4.414
Au2WO4,5.162
Au2WS4,4.525
Au2WSe4,4.249
Au2WTe4,3.977
Au4I4Te4,5.29
AuBr2,6.1626666666666665
AuCa2Br2O2,5.048
AuCa2Br2S2,5.941
AuCa2Cl2O2,5.241
AuCa2Cl2S2,6.066
AuCa2I2O2,5.111
AuCa2I2S2,5.772
AuCl2,6.6386666666666665
AuF2,7.911
AuH2,4.466
AuI2,5.519666666666667
AuLi2,2.743
AuO2,7.168333333333334
AuS2,5.669
AuSe2,5.077999999999999
AuSr2Br2O2,5.196
AuSr2Br2S2,5.32
AuSr2Cl2O2,4.907
AuSr2Cl2S2,5.314
AuSr2I2O2,5.43
AuSr2I2S2,5.314
AuTe2,4.572333333333333
B2,5.345
B2N,6.413
B3C10N3,4.265
BC,5.779
BN,3.487
BP,4.678
BSb,4.345
Ba2Br2,2.458
Ba2Cl2,2.562
Ba2CuHgTlO5,5.274
Ba2H8O6,3.518
Ba2I2,2.43
Ba2Mg2Pb2,3.591
Ba2Mg2Sn2,3.693
Ba2Mn2Ge2,2.398
Ba2N,3.003
Ba4F4Sb4Se8,4.876
BaBr2,4.934333333333334
BaCl2,5.052333333333333
BaF12Sb2,8.176
BaF2,4.683
BaI2,4.69
BaTa2O7,9.19
BaTe2,5.481
Be4,5.102
BeH4O4P2,3.748
Bi2,3.563
Bi2Br2,5.91
Bi2Br2N2,6.469
Bi2Br2O2,6.174
Bi2Br2S2,6.275
Bi2Br2Se2,6.262
Bi2Br6,6.264
Bi2C6,4.484
Bi2Cd2Cl2O4,5.516
Bi2Cl2,6.2455
Bi2Cl2N2,6.809
Bi2Cl2O2,6.619
Bi2Cl2S2,6.523
Bi2Cl2Se2,6.49
Bi2Cl6,6.6645
Bi2Cr,4.202
Bi2Cu2S4,3.701
Bi2F2,6.723
Bi2F6,5.593
Bi2Fe2Br2S4,3.968
Bi2Ge3O9,4.288
Bi2Ge6,4.68
Bi2Hf,4.1555
Bi2I2,5.3495
Bi2I2N2,6.142
Bi2I2O2,5.495
Bi2I2S2,5.765
Bi2I2Se2,5.839
Bi2I6,5.614
Bi2In2,3.888
Bi2MnTe4,4.68
Bi2Mo,4.121
Bi2Nb,4.175
Bi2O2,3.843
Bi2O9Si3,3.853
Bi2OS2,6.211
Bi2OSe2,5.676
Bi2OTe2,4.804
Bi2P2S6,5.297
Bi2P2Se6,4.862
Bi2P2Te6,4.487
Bi2Pb6,4.344
Bi2Pd,3.577
Bi2S2,5.13425
Bi2S2Se,6.202
Bi2S2Te,5.891
Bi2S3,6.21
Bi2S4,4.55
Bi2SSe2,5.827
Bi2STe2,5.251
Bi2Se2,4.84125
Bi2Se2Te,5.698
Bi2Se3,5.833
Bi2SeTe2,5.299
Bi2Si6,4.506
Bi2Sn6,4.55
Bi2Ta,3.915
Bi2Te2,4.63475
Bi2Te3,5.291
Bi2Te4,4.548
Bi2Ti,4.269
Bi2V,4.27
Bi2W,3.8705
Bi2YO4,3.134
Bi2Zr,4.2915
Bi4B4O12,4.412
Bi4Cu4,3.796
Bi4Sr2O8,3.424
Bi6Ir2O4,4.446
Bi6Pt3,3.832
Bi8Rh4,3.747
BiBr2,5.7443333333333335
BiBrS,6.177
BiBrSe,5.991
BiBrTe,5.615
BiCl2,6.359333333333333
BiClS,6.401999999999999
BiClSe,6.171
BiClTe,5.692
BiCrAs,4.526999999999999
BiCrSb,4.5375
BiCuP2Se6,5.114
BiF2,7.288
BiH2O2,3.046
BiHO6Se2,5.241
BiHfAs,5.009
BiHfSb,4.406000000000001
BiI2,5.016666666666667
BiIS,5.7285
BiISe,5.6285
BiITe,5.3919999999999995
BiMoAs,4.575
BiMoSb,4.421
BiNbAs,4.6195
BiNbSb,4.4535
BiO,4.756
BiO2,6.521
BiS2,6.241333333333333
BiSe2,5.846666666666667
BiTaAs,4.5745000000000005
BiTaSb,4.231999999999999
BiTe2,5.168
BiTiAs,4.875
BiTiSb,4.532
BiVAs,4.6205
BiVSb,4.561
BiWAs,4.4045
BiWSb,4.196
BiZrAs,4.9905
BiZrSb,4.5495
Br2Ge,5.428
Br2Ge2,5.703
Br2Ge2N2,5.683
Br2Ge2O2,5.337
Br2Ge2S2,5.865
Br2Ge2Se2,5.899
Br2Sb,5.419999999999999
Br2Sb2,5.341
Br6Sb2,5.609
BrSSb,5.5985
BrSbSe,5.4185
BrSbTe,5.209
C2,4.248
C2F2,6.1
C2H2,3.0
C6N2,2.963
C6N8,4.302
C6P2,3.592
C6Sb2,4.442
CF2Si,6.585
CH2Si,3.489
CN,1.848
CP,3.803
Ca2Br2,2.602
Ca2Br2H2,4.732
Ca2C,2.388
Ca2C2F2O6,8.366
Ca2Cl2,3.05
Ca2Cl4H8O4,5.023
Ca2Cl4O8,3.523
Ca2CoO3,1.741
Ca2CuBr2O2,5.649
Ca2CuBr2S2,5.459
Ca2CuCl2O2,5.357
Ca2CuCl2S2,5.43
Ca2CuI2O2,5.835
Ca2CuI2S2,5.486
Ca2F2,2.92
Ca2Fe2Si2,2.61
Ca2I2,3.621
Ca2Mn2Ge2,2.75
Ca2Mn2Si2,2.858
Ca2Mn2Sn2,2.608
Ca2N,3.589
Ca2Sn4F12,4.032
Ca3Cu2Br2O4,5.854
Ca4As4,2.781
Ca4O12Te4,3.792
CaBr2,5.177333333333333
CaCl2,5.436333333333334
CaF2,5.266
CaF2O2,6.139
CaH2O2,3.072
CaH2S2,3.26
CaH4O4,3.197
CaI2,4.692333333333333
CaS2,6.906
CaSe2,6.01
CaTe2,5.082
Cd2Br2,5.495
Cd2Cl2,5.6665
Cd2F2,5.333500000000001
Cd2H4O8Se2,4.392
Cd2I2,5.2715
Cd2Mn3O8,4.235
Cd2P2S6,5.262
Cd2P2Se6,4.976
Cd2P2Te6,4.53
Cd2S2,5.023
Cd2S4,4.115
Cd2Se2,5.0255
Cd2Se4,4.356
Cd2Te2,4.947
Cd2Te4,4.111
Cd4Br4O4,6.99
Cd4I4O4,6.259
CdBr2,5.673666666666667
CdC4Cl2H4N2,5.242
CdCl2,6.216333333333334
CdClHO,4.871
CdF2,6.715
CdF2O2,6.84
CdGaInS4,5.2165
CdH2O2,3.336
CdH2S2,3.659
CdI2,4.952
CdO2,7.686
CdPb2Cl2O2,4.578
CdS2,5.1735
CdSe2,5.14
CdTe2,4.439
Cl2Ge,5.713333333333334
Cl2Ge2,5.194
Cl2Ge2N2,5.684
Cl2Ge2O2,5.556
Cl2Ge2S2,6.202
Cl2Ge2Se2,6.193
Cl2Sb,6.108666666666667
Cl2Sb2,5.708
ClSSb,5.867
ClSbSe,5.6555
ClSbTe,5.3945
Co2Br2,3.91
Co2Br2N2,5.726
Co2Br2O2,5.277
Co2Br2S2,5.688
Co2Br2Se2,5.678
Co2Br4O6Sb4,4.858
Co2Br6,5.8205
Co2Cl2,4.5489999999999995
Co2Cl2N2,6.301
Co2Cl2O2,5.785
Co2Cl2S2,6.211
Co2Cl2Se2,6.14
Co2Cl6,6.3495
Co2F2,6.268000000000001
Co2F2O4,7.337
Co2H2O4,4.491
Co2H2S4,5.081
Co2H4O8Se2,4.144
Co2I2,3.7115
Co2I2N2,4.541
Co2I2O2,4.49
Co2I2S2,5.038
Co2I2Se2,5.071
Co2I6,5.0965
Co2Li2As2,2.945
Co2Li2P2,2.702
Co2Li2Sb2,3.203
Co2Na2As2,2.29
Co2Na2P2,2.239
Co2Na2Sb2,2.075
Co2O2,5.814333333333334
Co2P2S6,4.758
Co2P2Se6,4.487
Co2P2Te6,4.3
Co2Pd2P2,4.032
Co2S2,4.957199999999999
Co2S4,5.46
Co2S6,5.577
Co2Se2,4.5378
Co2Se4,5.217
Co2Se6,5.213
Co2Te2,4.3294
Co2Te4,4.832
Co2Te6,4.568
Co4Br4O4,4.99
Co4S8,5.771
Co8Ta4Te8,4.026
CoBr2,5.646666666666667
CoC2N2S2,4.786
CoC4Cl2H4N2,4.263
CoC4H8N2O4,4.265
CoCl2,5.963666666666666
CoCl2O8,6.839
CoF2,5.642
CoH2,4.849
CoH2O2,1.63
CoHfBr6,5.471
CoHfF6,6.207
CoI2,5.016333333333333
CoLi2,3.997
CoO2,7.268000000000001
CoRe2O8,6.545
CoS2,5.491
CoSe2,4.925
CoTe2,4.538666666666667
CoZrBr6,5.376
Cr2BO2,6.586
Cr2BS2,5.425
Cr2BSe2,4.803
Cr2Br2,3.849
Cr2Br2N2,5.862
Cr2Br2O2,5.181
Cr2Br2S2,5.703
Cr2Br2Se2,5.743
Cr2Br4C16H16N8,4.659
Cr2Br6,5.583
Cr2C,4.717
Cr2C16Cl4H16N8,4.433
Cr2C16H16I4N8,4.924
Cr2CO2,6.418
Cr2CS2,5.461
Cr2Cl2,3.997
Cr2Cl2N2,6.465
Cr2Cl2O2,5.547
Cr2Cl2S2,6.051
Cr2Cl2Se2,6.051
Cr2Cl6,5.902
Cr2Cu2O8,7.135
Cr2Cu2P4S12,5.326
Cr2F2,5.5665
Cr2F2N,5.301
Cr2F4,4.389
Cr2Ge2Te6,4.633
Cr2H2NO2,1.941
Cr2I2,3.642
Cr2I2N2,4.913
Cr2I2S2,5.24
Cr2I2Se2,5.282
Cr2I6,5.009
Cr2Mo2S8,5.353
Cr2Mo2Se8,4.814
Cr2Mo2Te8,4.477
Cr2N,4.967
Cr2Nb2Se10,4.653
Cr2O2,5.3955
Cr2P2S6,4.451
Cr2P2Se6,4.56
Cr2P2Te6,4.328
Cr2S2,4.495
Cr2S4,5.2715
Cr2Se2,4.441
Cr2Se4,4.96
Cr2Si2Te6,4.569
Cr2Ta4O12,5.131
Cr2Te4,4.751
Cr2Te6,4.829
Cr2W2S8,5.246
Cr2W2Se8,4.706
Cr2W2Te8,4.391
Cr3C2,4.552
Cr3C2F2,6.228
Cr3C2H2O2,1.561
Cr3C2O2,6.633
Cr3MoS8,5.398
Cr3MoSe8,4.868
Cr3MoTe8,4.526
Cr3N2,4.872
Cr3N2O2,6.817
Cr3Te4,4.864
Cr3WS8,5.348
Cr3WSe8,4.818
Cr3WTe8,4.482
Cr4C3,4.444
Cr4C3F2,6.127
Cr4C3H2O2,1.564
Cr4C3O2,6.571
Cr4F2N3,5.185
Cr4H2N3O2,1.96
Cr4N3,4.072
Cr4N3O2,6.347
CrAs2,5.109
CrAsSb,5.0015
CrBr2,4.990333333333333
CrBrCl,4.9755
CrBrI,4.684
CrCl2,5.174666666666667
CrClI,4.76
CrF2,6.21
CrGa2S4,3.944
CrGa2Se4,3.986
CrH2,4.979
CrH2O2,2.13
CrHO2,4.061
CrI2,4.715333333333334
CrLi2,3.809
CrMo3S8,5.277
CrMo3Se8,4.747
CrMo3Te8,4.432
CrMoF6,5.559
CrNbF6,4.547
CrO2,6.809333333333334
CrS2,5.319
CrSSe,5.024
CrSTe,4.8115000000000006
CrSb2,4.8635
CrSe2,4.876333333333334
CrSeTe,4.648
CrTe2,4.850333333333333
CrW3S8,5.049
CrW3Se8,4.533
CrW3Te8,4.266
Cs2Br2,3.502
Cs2C2F6O6S2,4.073
Cs2C6N6Se6,4.585
Cs2Cl2,3.51
Cs2F2,3.101
Cs2F2H6O6P2,4.641
CsC2I3N2,3.631
CsF2,6.989
CsO2,5.943
Cu2As4Cl2S3,4.505
Cu2Br2,4.484999999999999
Cu2Br2C4H4N2,4.083
Cu2Br2N2,6.072
Cu2Br2O2,6.338
Cu2Br2S2,6.307
Cu2Br2S4,5.424
Cu2Br2Se2,6.273
Cu2Br2Se4,5.138
Cu2Br2Te4,4.728
Cu2Br6,6.486000000000001
Cu2C2Cl2O2,4.506
Cu2C2N4,5.253
Cu2C4H4O8,5.224
Cu2C6H8I2N2,3.908
Cu2Cl2,4.8155
Cu2Cl2N2,6.562
Cu2Cl2O2,6.968
Cu2Cl2S2,6.773
Cu2Cl2Se2,6.671
Cu2Cl2Se4,5.159
Cu2Cl2Te4,4.716
Cu2Cl6,7.232
Cu2F2,7.24
Cu2F4,7.325
Cu2Ge2O6,6.032
Cu2H4O10Se2,6.914
Cu2Hg2Cl2Se2,4.884
Cu2I2,3.6414999999999997
Cu2I2N2,5.819
Cu2I2O2,5.549
Cu2I2S2,5.644
Cu2I2S4,5.264
Cu2I2Se2,5.638
Cu2I2Se4,5.038
Cu2I2Te4,4.697
Cu2I4,5.586
Cu2I4O12,5.391
Cu2I6,5.6805
Cu2MoO4,5.067
Cu2MoSe4,4.757
Cu2MoTe4,4.396
Cu2O12Sb4,6.494
Cu2O2,5.5415
Cu2O4S,4.45
Cu2O6Si2,5.81
Cu2P2S6,5.712
Cu2P2Se6,5.269
Cu2P2Te6,4.77
Cu2PtC6N8,6.15
Cu2ReBr6,5.301
Cu2ReCl6,5.428
Cu2ReF6,4.857
Cu2ReI6,5.15
Cu2S,4.173
Cu2S2,5.173333333333333
Cu2S4,4.914
Cu2S4Sb2,4.028
Cu2Sb2Se4,4.16
Cu2Se2,5.3574
Cu2Se4,4.838
Cu2Sr2,2.913
Cu2Te2,4.6296
Cu2Te4,4.71
Cu2WO4,4.53
Cu2WS4,4.9
Cu2WSe4,4.561
Cu2WTe4,4.234
Cu3O4P,5.514
Cu4Cl4H4O4,6.52
Cu4Cl4O4,7.323
Cu4F4H4O4,5.334
Cu4Li2V2O12,6.956
Cu4O12Te2,7.696
Cu4O12Te4,5.039
CuBr,4.099
CuBr2,6.2843333333333335
CuC6H4N6O2,5.648
CuCl2,6.872
CuF2,6.235
CuH2,4.709
CuH2O2,2.725
CuI2,5.586333333333333
CuInP2Se6,4.794
CuLi2,3.674
CuLi2O2,2.569
CuO2,7.425333333333334
CuS2,5.2843333333333335
CuSe2,4.816333333333334
CuSr2Br2O2,5.764
CuSr2Br2S2,4.877
CuSr2Cl2O2,5.364
CuSr2Cl2S2,4.638
CuSr2I2O2,6.065
CuSr2I2S2,5.251
CuTe2,4.558
CuV2O6,7.454
F2Ge,4.578
F2Ge2,7.127
F2Sb,7.482
F2Sb2,7.857
F2Si2,6.179
Fe2Br2,4.157
Fe2Br2N2,5.617
Fe2Br2O2,4.979
Fe2Br6,5.858499999999999
Fe2Cl2,4.7490000000000006
Fe2Cl2O2,5.498
Fe2Cl6,6.451
Fe2F2,6.2415
Fe2F2O2,6.892
Fe2Ga2S5,4.319
Fe2H2O4,5.517
Fe2I2,3.5295
Fe2I2O2,5.283
Fe2I2S2,5.127
Fe2I6,5.220000000000001
Fe2In2Se5,4.391
Fe2Li2As2,2.868
Fe2Li2P2,2.823
Fe2Li2Sb2,4.009
Fe2Mg2Ge2,3.479
Fe2Mg2Si2,3.177
Fe2Mo2Cl2O8,7.223
Fe2Na2P2,2.334
Fe2O2,5.432499999999999
Fe2O4,7.135
Fe2P2S6,5.315
Fe2P2Se6,4.956
Fe2P2Te6,4.652
Fe2S2,4.9445
Fe2S4,5.392
Fe2Se2,4.636666666666667
Fe2Se4,4.8919999999999995
Fe2Sr2Ge2,2.745
Fe2Sr2Si2,2.708
Fe2Sr3Br2O5,5.048
Fe2Sr4Br2O6,4.918
Fe2Ta2Te6,4.698
Fe2Te2,4.4154
Fe2Te4,4.628500000000001
Fe2Te6,4.665
Fe2W2Cl2O8,7.166
Fe3GeTe2,4.149
Fe3S4,5.3015
Fe3Se4,5.06
Fe4S8,5.0
FeBr2,4.892666666666667
FeCl2,5.135333333333333
FeF2,6.316
FeGa2S4,4.041
FeH2,4.868
FeH2O2,1.986
FeHfBr6,4.705
FeHfCl6,4.998
FeHfF6,5.139
FeHfI6,4.458
FeI2,4.678
FeLi2,3.586
FeMn2C6N6,4.485
FeO2,7.046666666666667
FeS2,5.349
FeSe2,4.8886666666666665
FeSn2C6N6,3.582
FeTe2,4.465333333333334
FeZn2C6N6,3.966
FeZrBr6,4.815
FeZrCl6,5.106
FeZrF6,5.279
FeZrI6,4.578
Ga2Br2,3.923
Ga2Br2N2,6.496
Ga2Br2O2,5.525
Ga2Br2S2,5.678
Ga2Br2Se2,5.529
Ga2Br6,5.8895
Ga2Cl2,3.765
Ga2Cl2N2,6.712
Ga2Cl2O2,6.157
Ga2Cl2S2,5.73
Ga2Cl2Se2,5.574
Ga2Cl2Te2,5.494
Ga2Cl6,6.256
Ga2F4H10N4,2.894
Ga2Ge2Te2,4.596
Ga2H2O8Se2,4.5
Ga2I2,4.068
Ga2I2N2,5.782
Ga2I2O2,4.665
Ga2I2S2,5.449
Ga2I2Se2,5.476
Ga2I6,5.4265
Ga2In2S6,5.813
Ga2Mn2S5,4.071
Ga2MnS4,4.741
Ga2NiS4,4.357
Ga2O2,4.7475000000000005
Ga2P2,3.386
Ga2P2Se6,4.643
Ga2P2Te6,4.472
Ga2S2,4.697
Ga2S4,5.455
Ga2Se2,4.6739999999999995
Ga2Se4,5.103
Ga2Te2,4.3549999999999995
Ga2Te3,4.287
Ga2Te4,4.611
Ga2Y2I2,4.098
GaAs,4.907
GaBr2,5.3823333333333325
GaC,5.066
GaCl2,5.553666666666667
GaF2,4.944
GaH2O2,1.783
GaI2,5.132333333333333
GaN,4.381
GaNi5Br2,4.317
GaNi5Cl2,4.669
GaNi5I2,3.891
GaO2,8.228
GaP,4.553
GaPd5Br2,5.061
GaPd5Cl2,5.529
GaPd5I2,4.399
GaPt5Br2,4.489
GaPt5Cl2,5.318
GaPt5I2,3.865
GaS2,6.502
GaSe2,5.753
GaTe2,4.974
Ge2,4.464
Ge2H2,4.414
Ge2I2,5.245
Ge2I2N2,5.134
Ge2I2O2,5.079
Ge2I2S2,5.473
Ge2I2Se2,5.617
Ge2P2S6,5.065
Ge2P2Se6,4.806
Ge2P2Te6,4.5
Ge2S2,4.2265
Ge2S4,4.407
Ge2Se2,4.1665
Ge2Se4,4.261
Ge2Te2,4.1295
Ge2Te4,4.473
Ge3O9Sb2,4.561
Ge6N2,4.309
Ge6P2,4.421
Ge6Sb2,4.529
GeH2O2,2.387
GeI2,4.9635
GeO,5.492
GeO2,7.292999999999999
GeS,4.941
GeS2,5.692333333333333
GeSe,4.652
GeSe2,5.2860000000000005
GeTe,4.217
GeTe2,4.692666666666667
H2O2Sb,2.625
H2Si2,4.095
H4O10Si4,5.094
H4O12Te4,5.825
Hf2Br2,3.803
Hf2Br2N2,5.1655
Hf2Br2O2,3.967
Hf2Br2S2,4.664
Hf2Br2Se2,4.569
Hf2Br4,3.845
Hf2Br6,3.955
Hf2C,4.459
Hf2CF2,3.63
Hf2CH2O2,2.329
Hf2CO2,4.879
Hf2Cl2,4.122
Hf2Cl2N2,5.337999999999999
Hf2Cl2O2,4.187
Hf2Cl2S2,4.817
Hf2Cl2Se2,4.648
Hf2Cl4,4.046
Hf2Cl6,4.127
Hf2F2,4.473
Hf2F2N,3.314
Hf2Ge2Te8,4.243
Hf2H2NO2,2.654
Hf2I2,3.5084999999999997
Hf2I2N2,4.601
Hf2I2O2,3.575
Hf2I2S2,4.447
Hf2I2Se2,4.374
Hf2I4,3.7
Hf2I6,3.8064999999999998
Hf2N,4.551
Hf2NO2,4.608
Hf2O2,3.673
Hf2O6,6.012
Hf2P2S6,5.142
Hf2P2Se6,4.872
Hf2P2Te6,4.48
Hf2S2,4.3504000000000005
Hf2S6,5.404
Hf2Se2,4.293200000000001
Hf2Se6,5.025
Hf2Si2Te2,4.616
Hf2Te10,4.459
Hf2Te2,4.2623999999999995
Hf2Te6,4.818
Hf2Ti2S8,6.3
Hf2Ti2Se8,5.843
Hf2Ti2Te8,5.168
Hf2Zr2S8,6.306
Hf2Zr2Se8,5.855
Hf2Zr2Te8,5.228
Hf3C2,4.328
Hf3C2F2,2.944
Hf3C2H2O2,2.271
Hf3C2O2,5.601
Hf3F2N2,3.582
Hf3H2N2O2,2.769
Hf3N2,4.464
Hf3N2O2,4.357
Hf3Te2,4.031
Hf3TiS8,6.307
Hf3TiSe8,5.857
Hf3TiTe8,5.172
Hf3ZrS8,6.306
Hf3ZrSe8,5.852
Hf3ZrTe8,5.196
Hf4Br4O4,4.001
Hf4Br4S4,4.481
Hf4Br4Se4,4.465
Hf4C3,4.471
Hf4C3F2,3.198
Hf4C3H2O2,2.341
Hf4C3O2,5.3
Hf4Cl4O4,4.321
Hf4Cl4S4,4.786
Hf4Cl4Se4,4.735
Hf4F2N3,3.197
Hf4H2N3O2,2.712
Hf4I4O4,3.654
Hf4I4S4,4.122
Hf4I4Se4,4.136
Hf4N3,4.472
Hf4N3O2,4.579
HfAs2,5.261
HfAsSb,5.168
HfBr2,3.698333333333333
HfBrCl,3.5
HfBrI,3.1985
HfCl2,4.062666666666666
HfClI,3.3445
HfF2,5.833
HfH2,4.236
HfH2O2,2.952
HfI2,3.346
HfLi2,2.477
HfMnF6,5.009
HfMnI6,4.887
HfNa2H6O6,3.44
HfNiBr6,5.845
HfNiCl6,6.298
HfNiI6,5.231
HfO2,6.000666666666667
HfPd2,4.22
HfS2,5.8950000000000005
HfSSe,5.6795
HfSTe,4.9135
HfSb2,4.6715
HfSe2,5.425999999999999
HfSeTe,4.9795
HfTe2,4.886
HfTi3S8,6.338
HfTi3Se8,5.847
HfTi3Te8,5.16
HfZr3S8,6.306
HfZr3Se8,5.865
HfZr3Te8,5.251
Hg2Br2,6.0489999999999995
Hg2Br2N2,6.511
Hg2Br2O2,6.647
Hg2Br2S2,5.794
Hg2Br2Se2,5.976
Hg2Cl2,6.3655
Hg2Cl2N2,7.039
Hg2Cl2O2,7.135
Hg2Cl2S2,6.282
Hg2Cl2Se2,5.987
Hg2F2,6.726
Hg2GeO4,5.52
Hg2I2,5.4094999999999995
Hg2I2N2,5.803
Hg2I2O2,5.861
Hg2I2S2,6.117
Hg2I2Se2,5.413
Hg2K4Cl8,5.648
Hg2O4,7.161
Hg2P2S6,5.497
Hg2P2Se6,5.134
Hg2P2Te6,4.601
Hg2Pt4Se6,4.829
Hg2Se2,5.646
Hg2Te2,5.1465
Hg2Te4,4.668
Hg2V2O6,6.083
Hg3B2O6,4.695
Hg4I8,5.333
Hg4K2Cl6O6S2,5.993
Hg4Mo2O8,5.73
Hg4W2O8,5.056
HgBr2,5.991666666666667
HgCl2,6.559333333333334
HgF2,7.029
HgH2O2,3.667
HgH2S2,5.011
HgI2,5.273333333333333
HgO,5.041
HgO2,7.048
HgS,5.44
HgS2,5.716333333333334
HgSe,5.427
HgSe2,5.198666666666667
HgTe,5.03
HgTe2,4.794
I2Sb,4.607333333333333
I2Sb2,4.8705
I6Sb2,5.133
ISSb,5.205
ISbSe,5.08
ISbTe,4.893000000000001
In2Br2,4.5760000000000005
In2Br2N2,6.594
In2Br2O2,6.008
In2Br2S2,5.672
In2Br2Se2,5.543
In2Br6,5.938000000000001
In2Cl2,4.6765
In2Cl2N2,6.881
In2Cl2O2,6.404
In2Cl2S2,5.833
In2Cl2Se2,5.692
In2Cl6,6.4
In2F2,5.545
In2I2,4.425
In2I2N2,5.889
In2I2O2,5.133
In2I2S2,5.4
In2I2Se2,5.436
In2I6,5.4155
In2MnSe4,4.744
In2O2,4.697
In2P2S6,5.048
In2P2Se6,4.707
In2P2Te6,4.425
In2S2,4.957
In2S4,5.357
In2Se2,4.7615
In2Se3,5.1775
In2Se4,5.025
In2Si2Te6,4.726
In2Te2,4.383
In2Te4,4.8925
In2Te5,4.423
In2Zn2S5,5.353
In2Zn3S6,5.434
In2ZnS4,5.382
In3Te4,4.949
In4Br4Te4,5.309
In4Br8,5.57
In4I4Te4,5.048
InAs,4.791
InBr2,5.412
InC,4.716
InCl2,5.530666666666666
InF2,5.142
InH2O2,1.795
InI2,5.077999999999999
InLiI4O12,5.632
InN,4.56
InNaI4O12,6.057
InNi5Br2,4.292
InNi5Cl2,4.641
InNi5I2,3.877
InP,4.633
InPd5Br2,5.089
InPd5Cl2,5.532
InPd5I2,4.489
InPt5Br2,4.507
InPt5Cl2,5.289
InPt5I2,3.849
InS2,6.736
InSb,4.34
InSe2,5.995
InSiTe3,4.396
InTe2,5.19
Ir2Br2,4.952
Ir2Br2N2,5.188
Ir2Br2O2,4.166
Ir2Br2S2,5.042
Ir2Br2Se2,5.192
Ir2Br4,4.27
Ir2Br6,4.758
Ir2Cl2,5.6080000000000005
Ir2Cl2N2,5.609
Ir2Cl2O2,4.573
Ir2Cl2S2,5.48
Ir2Cl2Se2,5.617
Ir2Cl6,5.201499999999999
Ir2F2,8.046
Ir2I2,3.6944999999999997
Ir2I2N2,4.515
Ir2I2O2,3.727
Ir2I2S2,4.497
Ir2I2Se2,4.673
Ir2I6,4.346
Ir2Nb2Te8,4.466
Ir2O2,5.885333333333333
Ir2O4,6.221
Ir2O6,7.122
Ir2P2S6,5.07
Ir2P2Se6,4.761
Ir2P2Te6,4.293
Ir2S2,4.6434
Ir2S4,5.4864999999999995
Ir2S6,5.528
Ir2Se2,4.176
Ir2Se4,5.2219999999999995
Ir2Se6,4.819
Ir2Ta2Te8,4.336
Ir2Te2,3.8888
Ir2Te4,4.843500000000001
Ir2Te6,4.481
Ir4S8,5.342
Ir4Se8,4.823
Ir4Te8,4.45
Ir5Te10,4.601
IrBr2,4.298333333333333
IrCl2,4.581333333333333
IrF2,7.332
IrH2,4.415
IrI2,4.054666666666667
IrLi2,3.8
IrO2,6.719333333333334
IrS2,5.233
IrSe2,4.666333333333333
IrTe2,4.292333333333333
K,2.398
K2Br2,3.936
K2C2H2O6,3.358
K2C2O6,6.729
K2C4,6.079
K2C4H6O6,3.123
K2C6H6O6,3.97
K2Cl2,3.904
K2Cl2O6,3.805
K2F2,3.571
K2I2,3.847
K2N2O6,4.49
K2Os2Br8N2O4,6.054
K2Os2F10N2O2,5.983
K2Pt2Cl6N2,6.611
KI2,5.68
KS2,6.682
KSe2,6.08
KTe2,5.315
KTiS2,4.302
Li2B2,4.24
Li2Cl2O4,3.632
Li2F2O2,5.542
Li2F2S2,4.365
Li2H2O2,3.167
Li2H2S2,3.369
Li2H4N2,2.944
Li2H4N2O6,4.695
Li2Mn,3.442
Li2Mn2P2,2.927
Li2Mo,3.755
Li2Nb,3.442
Li2Ni,3.785
Li2Ni2As2,3.023
Li2Ni2P2,2.777
Li2Ni2Sb2,3.499
Li2Os,4.084
Li2Pb,2.904
Li2PdH2,1.984
Li2Pt,3.638
Li2PtH6O6,3.079
Li2Re,4.136
Li2Rh,3.522
Li2Ru,3.872
Li2Sc,2.997
Li2Ta,3.416
Li2Ti,3.06
Li2Ti2Cl2N2,2.56
Li2V,3.781
Li2V4O10,5.627
Li2W,3.615
Li2Zr,2.57
Li4CO4,2.618
Li4O8Sb4,3.825
Li4Zn2Si2,3.949
Li6H2O8Te2,3.249
LiC12,3.268
LiC5H5N2O5,4.472
LiNiP2S6,5.715
Mg2Cl4,5.39
Mg2Mn2Ge2,3.496
Mg2Mn2Si2,3.495
Mg2Mo2O12Te2,6.421
Mg2P2S6,5.154
Mg2P2Se6,4.919
MgB2H8,4.876
MgBr2,5.054
MgCl2,5.444
MgF2O2,6.745
MgF2S2,6.268
MgH2O2,2.888
MgH2S2,3.202
MgI2,4.436
MgNa2H4O8S2,3.382
Mn2Br2,4.487
Mn2Br2O2,5.697
Mn2Br2S4Sb2,4.328
Mn2Br2Sb2Se4,4.397
Mn2Br2Se2,5.378
Mn2Br6,6.046
Mn2C,4.786
Mn2CF2,6.293
Mn2CH2O2,1.606
Mn2Cl2,4.885
Mn2Cl2N2,6.018
Mn2Cl2O2,6.065
Mn2Cl2S4Sb2,4.524
Mn2Cl2Se2,5.584
Mn2Cl6,6.023
Mn2F2,4.171
Mn2F2N,5.624
Mn2H2NO2,1.549
Mn2H2O4,3.591
Mn2H2S4,4.407
Mn2H4O8S2,3.157
Mn2I2,4.014
Mn2I2Sb2Se4,4.376
Mn2I2Se2,5.028
Mn2I6,5.474
Mn2Mo2O12Te2,5.599
Mn2N,5.204
Mn2NO2,6.523
Mn2O2,5.019
Mn2O8Se2,5.179
Mn2P2S6,5.221
Mn2P2Se6,4.895
Mn2S2,5.061
Mn2Se2,4.5575
Mn2Se4,4.996
Mn2Sn2Sr2,2.491
Mn2Sr2Ge2,2.747
Mn2Te2,4.203
Mn2Te6,4.674
Mn3C2,4.551
Mn3C2F2,6.244
Mn3C2H2O2,1.696
Mn3C2O2,6.714
Mn3F2N2,6.21
Mn3H2N2O2,1.734
Mn3N2,4.631
Mn4C3,4.411
Mn4C3F2,6.184
Mn4C3H2O2,1.679
Mn4C3O2,6.867
Mn4H2N3O2,1.917
Mn4N3,5.612
Mn4N3O2,6.603
Mn4Pb4O12,5.254
MnBr2,5.265666666666667
MnC6N4Se2,5.315
MnCl2,5.552666666666667
MnF12Sb2,7.1
MnF2,6.234
MnH2,4.681
MnH2O2,1.819
MnI2,4.832
MnNa2F3O7P2,7.817
MnO2,6.644000000000001
MnRe2O8,5.988
MnS2,5.43
MnSe2,5.080666666666667
MnTe2,4.657
MnZrBr6,5.356
MnZrCl6,4.95
MnZrF6,5.192
MnZrI6,5.057
Mo2BO2,6.046
Mo2BS2,5.326
Mo2BSe2,4.757
Mo2Br2,4.526999999999999
Mo2Br2N2,5.333
Mo2Br2O2,4.733
Mo2Br2S2,5.389
Mo2Br2Se2,5.152
Mo2Br4,3.401
Mo2Br4O4,6.211
Mo2C,4.782
Mo2CF2,5.867
Mo2CH2O2,2.127
Mo2CO2,6.365
Mo2CS2,5.444
Mo2CSe2,4.811
Mo2Cl2,4.8195
Mo2Cl2N2,5.697
Mo2Cl2O2,5.133
Mo2Cl2S2,5.074
Mo2Cl2Se2,5.015
Mo2Cl4,3.803
Mo2Cl6,4.983499999999999
Mo2F2,5.453
Mo2F2N,5.613
Mo2H2NO2,2.312
Mo2I2,3.964
Mo2I2N2,4.786
Mo2I2O2,4.285
Mo2I2S2,4.747
Mo2I2Se2,4.784
Mo2I4,3.318
Mo2I6,4.719
Mo2N,5.004
Mo2NO2,6.83
Mo2NS2,5.455
Mo2NSe2,4.928
Mo2O10P2,5.373
Mo2O2,5.677333333333333
Mo2O4,6.688
Mo2O6,7.51
Mo2P2S6,4.262
Mo2P2Se6,4.715
Mo2P2Te6,4.364
Mo2S2,4.917
Mo2S4,5.218500000000001
Mo2S6,4.865
Mo2Se2,4.5656
Mo2Se4,4.8675
Mo2Se6,4.883
Mo2Ta2O11,7.321
Mo2Te2,4.051
Mo2Te4,4.546
Mo2Te6,4.477
Mo2V2O10,5.671
Mo2W2S8,4.938
Mo2W2Se8,4.417
Mo2W2Te8,4.173
Mo2Zn2O12Te2,6.413
Mo2Zn2O8,6.151
Mo2ZrO8,7.19
Mo3C2,4.813
Mo3C2F2,6.023
Mo3C2H2O2,1.997
Mo3C2O2,6.376
Mo3F2N2,5.539
Mo3H2N2O2,2.463
Mo3N2,5.071
Mo3N2O2,7.079
Mo3WS8,5.016
Mo3WSe8,4.493
Mo3WTe8,4.235
Mo4C3,4.801
Mo4C3F2,5.97
Mo4C3H2O2,1.676
Mo4C3O2,6.058
Mo4F2N3,4.628
Mo4H2N3O2,1.89
Mo4N3,5.6
Mo4N3O2,5.816
MoAs2,5.02
MoAsSb,4.871
MoBr2,3.893333333333333
MoBrCl,3.8040000000000003
MoBrI,3.738
MoCl2,4.151666666666666
MoClI,3.7205
MoF2,5.761
MoH2,4.825
MoH2O2,2.63
MoI2,3.818
MoO2,5.703333333333333
MoOS,5.281
MoOSe,4.903
MoOTe,4.567
MoS2,5.085
MoSSe,4.8245000000000005
MoSTe,4.640000000000001
MoSb2,4.667999999999999
MoSe2,4.61
MoSeTe,4.423500000000001
MoTe2,4.306666666666667
MoW3S8,4.834
MoW3Se8,4.321
MoW3Te8,4.109
N2Si6,4.561
Na,2.816
Na2B2H8O8,3.649
Na2C2H6N8O2,4.149
Na2C2N2S2,3.571
Na2C4,6.79
Na2F2O2,4.749
Na2F2S2,3.706
Na2H2O2,3.003
Na2H2S2,3.434
Na2H8I2O4,4.133
Na2Nb2Cl12,6.518
Na2Ni2As2,2.152
Na2Ni2P2,2.172
Na2Ni2Sb2,2.282
Na2PtH6O6,3.192
Na2SnH6O6,3.947
Na2Ta2Cl12,6.38
Na4As4O8,3.597
Na4O8S4,3.565
NaBr4C6O2,4.817
NaNb3O4,3.059
NaW2Br6O2,5.271
Nb2As2Ge2,4.952
Nb2BO2,5.736
Nb2BS2,5.714
Nb2BSe2,5.232
Nb2Br2,3.4405
Nb2Br2N2,4.959
Nb2Br2O2,4.705
Nb2Br2S2,5.116
Nb2Br2Se2,4.992
Nb2Br4O2,5.13
Nb2Br4S4,4.836
Nb2Br4Se4,4.692
Nb2Br6,4.564
Nb2C,4.536
Nb2CF2,4.343
Nb2CH2O2,2.146
Nb2CO2,5.76
Nb2CS2,5.635
Nb2CSe2,5.018
Nb2Cl2,3.3
Nb2Cl2N2,5.287
Nb2Cl2O2,5.12
Nb2Cl2S2,5.329
Nb2Cl2Se2,5.206
Nb2Cl4,3.399
Nb2Cl4S4,4.853
Nb2Cl4Se4,4.699
Nb2Cl6,4.8985
Nb2F2,4.3115000000000006
Nb2F2N,5.031
Nb2Ge2Sb2,4.742
Nb2H2NO2,2.276
Nb2I2,2.8955
Nb2I2N2,4.489
Nb2I2O2,4.253
Nb2I2O4,5.084
Nb2I2S2,4.759
Nb2I2Se2,4.698
Nb2I4,2.98
Nb2I4O2,4.703
Nb2I6,4.3985
Nb2N,4.624
Nb2NO2,5.631
Nb2NS2,5.433
Nb2NSe2,4.794
Nb2Ni2Te10,4.711
Nb2O2,4.699
Nb2O4,5.619
Nb2O6,6.637
Nb2Os2Te8,4.586
Nb2P2S6,4.059
Nb2P2Se6,4.473
Nb2P2Te6,4.5
Nb2Pd2Te10,4.686
Nb2PdS6,5.657
Nb2PdSe6,5.188
Nb2S2,4.9268
Nb2S6,4.761
Nb2Se2,4.8222000000000005
Nb2Se6,4.662
Nb2Te2,4.505599999999999
Nb2Te4,4.9
Nb2Te6,4.279
Nb3Br7S,5.055
Nb3Br8,4.434
Nb3C2,4.408
Nb3C2F2,4.807
Nb3C2H2O2,1.89
Nb3C2O2,5.194
Nb3Cl7Te,4.937
Nb3Cl8,4.584
Nb3F2N2,5.237
Nb3H2N2O2,2.116
Nb3I7Te,4.689
Nb3I8,4.236
Nb3N2,5.072
Nb3N2O2,5.433
Nb3Te6,4.711
Nb4C3,4.411
Nb4C3F2,4.754
Nb4C3H2O2,1.964
Nb4C3O2,5.595
Nb4F2N3,4.235
Nb4Ge2Te8,4.415
Nb4H2N3O2,2.34
Nb4I2Te12,4.405
Nb4N3,4.796
Nb4N3O2,5.358
Nb4Ni4Te8,4.392
Nb4O8,5.252
Nb4S12,4.689
Nb4Si2Te8,4.351
Nb6Ge2Te12,4.8
Nb6Si2Te12,4.739
Nb8C4,5.095
NbAs2,5.2235
NbAsSb,5.019
NbBr2,3.830666666666667
NbBrCl,3.742
NbBrI,3.5055
NbCl2,4.169666666666667
NbClI,3.6310000000000002
NbF2,5.823
NbF4,5.129
NbH2,4.808
NbH2O2,2.128
NbI2,3.5843333333333334
NbO2,5.281
NbS2,5.419999999999999
NbSSe,5.416
NbSTe,4.981999999999999
NbSb2,4.6895
NbSe2,5.048
NbSeTe,4.895
NbTe2,4.731000000000001
Ni2As2O7,5.787
Ni2Br2,4.323
Ni2Br2N2,5.686
Ni2Br2O2,5.753
Ni2Br2S2,5.384
Ni2Br2Se2,5.306
Ni2Br6,6.147
Ni2Cl2,4.6635
Ni2Cl2N2,6.402
Ni2Cl2O2,6.251
Ni2Cl2S2,5.761
Ni2Cl2Se2,5.695
Ni2Cl6,6.811
Ni2F2,6.724
Ni2F2O4,6.606
Ni2F2S4,5.544
Ni2H2O4,4.462
Ni2H2S4,5.067
Ni2I2,4.0575
Ni2I2N2,4.611
Ni2I2O2,4.991
Ni2I2S2,4.908
Ni2I2Se2,4.814
Ni2I6,5.359
Ni2O2,5.637333333333333
Ni2P2S6,5.223
Ni2P2Se5,4.592
Ni2P2Se6,4.882
Ni2P2Te6,4.328
Ni2S2,5.214799999999999
Ni2S4,4.868
Ni2S6,5.537
Ni2Sb2Si2,4.17
Ni2SbTe2,4.696
Ni2Se2,4.835
Ni2Se4,4.686
Ni2Se6,5.377
Ni2Ta2Te10,4.695
Ni2Ta4S10,5.417
Ni2Ta4Se10,4.959
Ni2Te2,4.5316
Ni2Te4,4.483
Ni2Te6,4.515
Ni4Ta2Se2Te2,4.495
Ni4Ta2Te4,4.32
Ni4Ta2Te6,4.511
Ni4Ta4Te8,4.24
Ni8As4Si4,4.702
NiBr2,5.676666666666667
NiC10Cl2N2,6.147
NiC12Cl2N2,6.107
NiC2N2S2,5.292
NiC4Cl2N2,6.652
NiC4H8N2O4,4.23
NiC6Cl2H4N2,4.717
NiCl2,5.981999999999999
NiCl2O8,7.147
NiF2,6.102
NiH2,4.739
NiH2O2,1.986
NiI2,5.083333333333333
NiO2,7.379666666666666
NiPS3,5.336
NiRe2O8,6.935
NiS2,4.924
NiSe2,4.731333333333333
NiTe2,4.329666666666667
NiV2Se4,5.276
NiZrBr6,5.85
NiZrCl6,6.308
NiZrF6,6.561
NiZrI6,5.258
O10P4,6.898
O14S2Te4,6.61
O2Sb,5.725
O4S8Sb8,4.448
O6Sb4,3.923
O8P2Sb2,4.544
O8Te4,4.728
OS2Sb2,5.806
OSb2Se2,5.327
OSb2Te2,4.599
Os2Br2,4.8695
Os2Br2N2,4.753
Os2Br2O2,4.124
Os2Br2S2,5.402
Os2Br2Se2,5.31
Os2Br6,4.7165
Os2Cl2,5.346500000000001
Os2Cl2N2,5.165
Os2Cl2O2,4.478
Os2Cl2S2,5.801
Os2Cl2Se2,5.643
Os2Cl6,5.0025
Os2F2,7.898
Os2I2,3.4915000000000003
Os2I2O2,3.631
Os2I2S2,4.859
Os2I2Se2,4.843
Os2I6,4.432
Os2O2,5.767
Os2O4,6.142
Os2P2S6,5.016
Os2P2Se6,4.936
Os2P2Te6,4.671
Os2S2,4.462000000000001
Os2S4,5.258
Os2Se2,4.075
Os2Se4,4.874499999999999
Os2Se6,4.948
Os2Ta2Te8,4.523
Os2Te2,3.9504000000000006
Os2Te4,4.5175
Os2Te6,4.605
OsBr2,4.009
OsCl2,4.290666666666667
OsCl2O,4.924
OsF2,6.219
OsH2,4.912
OsH2O2,1.846
OsI2,3.7880000000000003
OsO2,6.402
OsS2,4.993333333333333
OsSe2,4.501333333333334
OsTe2,4.185666666666666
P2,5.206
P2Sb2Se6,4.686
P2Sb2Te6,4.376
P2Si6,4.406
P4,4.602
P8Si4,4.977
Pb2Br2,5.590999999999999
Pb2Br2N2,6.481
Pb2Br2O2,6.216
Pb2Br2S2,6.489
Pb2Br2Se2,5.914
Pb2Br4,5.331
Pb2Cl2,5.8345
Pb2Cl2N2,6.882
Pb2Cl2O2,6.563
Pb2Cl2S2,6.781
Pb2Cl2Se2,6.091
Pb2F2,5.215
Pb2I2,5.295
Pb2I2N2,5.952
Pb2I2O2,5.853
Pb2I2S2,6.048
Pb2I2Se2,6.005
Pb2O2,3.7886666666666664
Pb2P2S6,5.286
Pb2P2Se6,5.1
Pb2P2Te6,4.826
Pb2S2,4.105333333333333
Pb2S4,4.362
Pb2Se2,4.3905
Pb2Se4,4.283
Pb2Se6,4.976
Pb2Te2,4.4799999999999995
Pb2Te4,4.209
Pb2Te6,4.823
Pb4O4,3.595
Pb6As2,4.348
Pb6N2,3.843
Pb6P2,4.297
Pb6Sb2,4.404
PbBr2,5.889
PbCl2,6.090333333333334
PbF2,5.123
PbF4,9.143
PbH2O2,3.021
PbI2,5.445666666666667
PbO,4.969
PbO2,7.659
PbS,4.831
PbS2,5.631333333333334
PbSb2Te4,4.91
PbSe,4.619
PbSe2,5.223333333333334
PbTe,4.171
PbTe2,4.966666666666667
PbWO4,5.666
Pd2Br2,5.461
Pd2Br2N2,5.916
Pd2Br2O2,5.417
Pd2Br2S2,5.35
Pd2Br6,6.0115
Pd2Cl2,6.0120000000000005
Pd2Cl2N2,6.548
Pd2Cl2O2,5.737
Pd2Cl2S2,5.754
Pd2Cl2Se2,5.71
Pd2Cl4,5.985
Pd2Cl6,6.582
Pd2F2,7.361
Pd2I2,4.6835
Pd2I2N2,4.598
Pd2I2O2,4.901
Pd2I2S2,4.834
Pd2I2Se2,4.866
Pd2I4O12,5.27
Pd2I6,5.3260000000000005
Pd2N4O12,6.284
Pd2O2,6.434
Pd2O6Se2,4.771000000000001
Pd2P2S6,5.162
Pd2P2Se6,4.778
Pd2P2Te6,4.404
Pd2S2,5.472
Pd2S4,4.987
Pd2Se2,5.082
Pd2Se4,4.747
Pd2Te2,4.6930000000000005
Pd2Te4,4.518
Pd3P2S8,5.579
Pd3Ta3Te14,4.521
Pd4I8,5.257
Pd4P4S4,5.186
Pd4P4Se4,4.973
Pd4Tl2Se6,4.408
Pd6Ta4Te10,4.461
PdBr2,5.749
PdCl2,6.288333333333334
PdF2,8.13
PdH2O2,2.479
PdI2,5.1290000000000004
PdO,5.402
PdO2,6.5776666666666666
PdS2,5.146
PdSe2,4.509666666666667
PdTa2S6,5.585
PdTa2Se6,5.128
PdTe2,4.203333333333333
Pt2Br2,5.209
Pt2Br2N2,5.244
Pt2Br2O2,4.477
Pt2Br2S2,4.692
Pt2Br2Se2,4.7
Pt2Br6,5.4615
Pt2Cl2,5.4765
Pt2Cl2N2,5.672
Pt2Cl2O2,4.885
Pt2Cl2S2,5.061
Pt2Cl2Se2,5.01
Pt2Cl6,5.890000000000001
Pt2F2,7.856
Pt2I2,4.2605
Pt2I2N2,4.602
Pt2I2O2,4.411
Pt2I2S2,4.313
Pt2I2Se2,4.322
Pt2I4,4.463
Pt2I6,4.938000000000001
Pt2O2,5.914333333333334
Pt2P2S6,4.621
Pt2P2Se6,4.743
Pt2P2Te6,4.145
Pt2S2,5.110200000000001
Pt2S4,4.692
Pt2Se2,4.61
Pt2Se4,4.67
Pt2Se6,4.838
Pt2Ta2Te10,4.683
Pt2Ta4Se14,5.055
Pt2Te2,4.356833333333333
Pt2Te4,4.433
Pt2Te6,4.502
Pt4I8,4.752
Pt4Tl2S6,4.222
Pt4Tl2Se6,4.195
Pt4Tl2Te6,4.069
PtBr2,5.156666666666666
PtCl2,5.536666666666666
PtF2,7.676
PtH2,4.462
PtH2O2,2.158
PtI2,4.651666666666666
PtO2,6.826333333333333
PtS2,5.309666666666667
PtSe2,4.773333333333333
PtTe2,4.131333333333333
Rb2Br2,3.768
Rb2Br2F8,6.447
Rb2C2F6O6S2,4.237
Rb2C4,5.841
Rb2Cl2,3.765
Rb2F2,3.381
Rb2I2,3.699
RbI2,5.656
RbS2,6.961
RbSe2,6.242
RbSnS2,4.059
RbTe2,5.435
RbTiS2,4.215
Re2Br2,4.766500000000001
Re2Br4,3.376
Re2Br6,4.434
Re2Cl2,5.141
Re2Cl4,3.575
Re2Cl6,4.706
Re2F2,6.4079999999999995
Re2I2,4.1555
Re2I4,3.623
Re2I6,4.1665
Re2N2,5.42
Re2O2,5.445666666666667
Re2O4,6.506
Re2S2,4.436999999999999
Re2S4,5.025
Re2Se2,3.9135
Re2Se4,4.438
Re2Te2,3.8335
Re2Te4,3.877
Re2ZnO8,6.915
Re4O8,6.032
Re4S8,5.086
Re4Se8,4.487
Re4Te8,4.103
Re6Cl2Se8,5.698
ReBr2,3.8000000000000003
ReCl2,3.961
ReF2,6.046
ReH2,4.951
ReI2,3.703
ReO2,6.561
ReS2,4.675
ReSe2,4.256
ReTe2,4.0553333333333335
Rh2Br2,4.6965
Rh2Br2N2,5.767
Rh2Br2O2,4.991
Rh2Br2S2,5.72
Rh2Br2Se2,5.799
Rh2Br4,4.71
Rh2Br6,5.416
Rh2Cl2,5.634
Rh2Cl2N2,6.295
Rh2Cl2O2,5.44
Rh2Cl2S2,6.235
Rh2Cl2Se2,6.271
Rh2Cl2Te2,4.894
Rh2Cl4,5.077
Rh2Cl6,5.9225
Rh2F2,7.4175
Rh2I2,3.9965
Rh2I2N2,4.719
Rh2I2O2,4.435
Rh2I2S2,5.116
Rh2I2Se2,5.186
Rh2I6,4.734
Rh2O2,5.997
Rh2O6,7.418
Rh2P2S6,4.675
Rh2P2Se6,4.586
Rh2P2Te6,4.232
Rh2S2,4.9064
Rh2S4,5.6315
Rh2Se2,4.4318
Rh2Se4,5.308
Rh2Ta2Te8,4.41
Rh2Te2,4.098999999999999
Rh2Te4,4.948
Rh2Te6,4.616
Rh4S8,5.694
Rh4Se8,5.199
RhBr2,5.114666666666667
RhCl2,5.477
RhF2,8.05
RhH2,5.086
RhH2O2,1.704
RhI2,4.541333333333333
RhO2,6.689333333333334
RhS2,5.518
RhSe2,4.922666666666667
RhTe2,4.511
Ru2Br2,5.037
Ru2Br2N2,5.342
Ru2Br2O2,4.806
Ru2Br2S2,5.847
Ru2Br2Se2,5.804
Ru2Br6,5.299
Ru2Cl2,5.54
Ru2Cl2N2,5.844
Ru2Cl2O2,5.226
Ru2Cl2S2,6.325
Ru2Cl2Se2,6.092
Ru2Cl6,5.614
Ru2F2,7.4765
Ru2F8,7.629
Ru2I2,3.6245000000000003
Ru2I2N2,4.699
Ru2I2O2,4.213
Ru2I2S2,5.231
Ru2I2Se2,5.211
Ru2I6,4.824
Ru2O2,5.914666666666666
Ru2O4,6.661
Ru2P2S6,4.951
Ru2P2Se6,4.802
Ru2P2Te6,4.7
Ru2S2,4.7806
Ru2S4,5.3705
Ru2Se2,4.335
Ru2Se4,5.0155
Ru2Se6,4.465
Ru2Ta2Te8,4.602
Ru2Te2,4.09875
Ru2Te4,4.705500000000001
Ru2Te6,4.693
RuBr2,4.726666666666667
RuCl2,4.980333333333333
RuCl2O,5.794
RuF2,6.026
RuH2,5.339
RuH2O2,1.633
RuI2,4.2636666666666665
RuO2,5.983999999999999
RuS2,5.278666666666667
RuSe2,4.763
RuTe2,4.402666666666666
S2Sb,5.718333333333334
S2Sb2,4.77
S2Sb2Se,5.618
S2Sb2Te,5.477
S2Si,5.782
S2Si2,4.4399999999999995
S3Sb2,5.608
S4Sb2,4.24
S8Si4,4.893
SSb2Se2,5.254
SSb2Te2,4.782
Sb2,4.067
Sb2Se2,4.593
Sb2Se2Te,5.218
Sb2Se3,5.272
Sb2Se4,4.703
Sb2SeTe2,4.811
Sb2Si6,4.422
Sb2Te2,4.5465
Sb2Te3,4.797
Sb2Te4,4.705
Sb4,3.81
SbSe2,5.415333333333334
SbTe2,4.9126666666666665
Sc2Br2,3.951
Sc2Br2N2,7.186
Sc2Br2O2,5.635
Sc2Br2S2,5.616
Sc2Br2Se2,5.302
Sc2Br4,3.436
Sc2Br6,5.6745
Sc2C,4.098
Sc2CCl2,5.51
Sc2CF2,4.516
Sc2CH2O2,1.348
Sc2CO2,6.378
Sc2Cl2,4.3580000000000005
Sc2Cl2H2,3.798
Sc2Cl2N,4.426
Sc2Cl2N2,7.267
Sc2Cl2O2,6.208
Sc2Cl2S2,5.705
Sc2Cl2Se2,5.34
Sc2Cl4,3.642
Sc2Cl6,6.2155000000000005
Sc2F2,3.743
Sc2F2N,3.768
Sc2H2NO2,2.043
Sc2I2,3.7055
Sc2I2N2,5.842
Sc2I2O2,4.879
Sc2I2S2,5.245
Sc2I2Se2,5.098
Sc2I6,5.0645
Sc2N,4.313
Sc2NO2,7.272
Sc2O13Te5,4.413
Sc2O2,3.374333333333333
Sc2P2S6,4.834
Sc2P2S8,5.563
Sc2P2Se6,4.52
Sc2P2Te6,4.306
Sc2S2,4.2816
Sc2S4,6.695
Sc2S6,6.029
Sc2Se2,4.450799999999999
Sc2Se6,5.642
Sc2Te2,4.3751999999999995
Sc2Te4,4.372
Sc2Te6,4.981
Sc3C2,3.626
Sc3C2F2,5.213
Sc3C2H2O2,1.588
Sc3C2O2,3.947
Sc3F2N2,4.029
Sc3H2N2O2,1.793
Sc3N2,4.034
Sc3N2O2,6.399
Sc4C3,3.035
Sc4C3F2,5.06
Sc4C3H2O2,1.686
Sc4C3O2,6.306
Sc4F2N3,3.624
Sc4H2N3O2,2.043
Sc4I4O4,4.69
Sc4N3,3.923
Sc4N3O2,7.231
Sc4S6,4.567
ScBr2,3.709666666666667
ScCl2,3.8983333333333334
ScF2,4.266
ScH2,3.939
ScH2O2,2.54
ScI2,3.470333333333334
ScO2,7.1739999999999995
ScS2,6.508
ScSe2,5.981999999999999
ScTe2,5.445333333333333
Se2Si,5.409
Se2Si2,4.4105
Si2,4.605
Si2Te2,4.028499999999999
SiTe2,4.79
Sn2,4.269
Sn2Br2,5.3805
Sn2Br2N2,5.625
Sn2Br2O2,5.404
Sn2Br2S2,5.85
Sn2Br2Se2,5.862
Sn2C2H6O6P2,3.644
Sn2Cl2,5.6465
Sn2Cl2N2,5.88
Sn2Cl2O2,5.496
Sn2Cl2S2,6.112
Sn2Cl2Se2,6.127
Sn2F2,6.875
Sn2F2O6P2,4.807
Sn2H2,4.66
Sn2H2O6P2,3.997
Sn2I2,5.1370000000000005
Sn2I2N2,5.159
Sn2I2O2,5.128
Sn2I2S2,5.491
Sn2I2Se2,5.559
Sn2O2,3.6246666666666667
Sn2O6P2,4.799
Sn2O8S2,5.809
Sn2P2S6,5.012
Sn2P2Se6,4.832
Sn2P2Te6,4.565
Sn2PS6,5.545
Sn2S2,3.8975
Sn2Se2,3.9495
Sn2Se4,4.131
Sn2Te2,3.9855
Sn2Te4,4.079
Sn6As2,4.423
Sn6N2,4.088
Sn6P2,4.413
Sn6Sb2,4.427
SnBr2,5.386
SnCl2,5.573
SnF2,4.384
SnF4,8.579
SnH2O2,2.549
SnI2,4.984
SnO,5.075
SnO2,7.3453333333333335
SnS,4.937
SnS2,5.811333333333334
SnSe,4.653
SnSe2,5.370333333333334
SnTe,4.176
SnTe2,4.843333333333333
Sr2Br2,2.557
Sr2Br2H2,4.511
Sr2C,2.274
Sr2Cl4O8,3.517
Sr2F2,2.812
Sr2F2I2,4.319
Sr2H8O6,3.629
Sr2I2,3.627
Sr2N,3.329
Sr2O12P4,5.635
SrBr2,5.085666666666667
SrCl2,5.25
SrF2,5.014
SrF2O2,5.597
SrH2O2,3.144
SrH2S2,3.348
SrI2,4.692666666666667
SrSe2,6.346
SrTa2O7,9.505
SrTe2,5.311
Ta2BO2,5.543
Ta2BS2,5.537
Ta2BSe2,5.078
Ta2Br2,3.3325
Ta2Br2N2,4.46
Ta2Br2O2,4.378
Ta2Br2S2,4.831
Ta2Br2Se2,4.738
Ta2Br4,2.679
Ta2Br6,4.3134999999999994
Ta2C,4.771
Ta2CF2,3.887
Ta2CH2O2,2.563
Ta2CO2,5.522
Ta2CS2,5.405
Ta2CSe2,4.855
Ta2Cl2,3.3129999999999997
Ta2Cl2N2,4.904
Ta2Cl2O2,4.828
Ta2Cl2S2,5.041
Ta2Cl2Se2,4.932
Ta2Cl6,4.644
Ta2F2,4.1835
Ta2F2N,4.865
Ta2H2NO2,2.497
Ta2I2,3.4505
Ta2I2N2,4.096
Ta2I2O2,3.937
Ta2I2S2,4.538
Ta2I2Se2,4.467
Ta2I4,2.815
Ta2I4O2,4.544
Ta2I6,4.064
Ta2N,4.77
Ta2NO2,5.308
Ta2NS2,5.117
Ta2NSe2,4.607
Ta2O2,4.692333333333333
Ta2O4,5.373
Ta2O6,6.615
Ta2P2S6,4.922
Ta2P2Se6,4.853
Ta2P2Te6,4.593
Ta2S2,4.8812
Ta2S6,4.925
Ta2Se2,4.7802
Ta2Se6,4.588
Ta2Te2,4.4045
Ta2Te4,4.853
Ta2Te6,4.226
Ta3C2,4.69
Ta3C2F2,4.425
Ta3C2H2O2,2.394
Ta3C2O2,5.011
Ta3F2N2,5.008
Ta3H2N2O2,2.403
Ta3I7Se,4.529
Ta3I7Te,4.45
Ta3N2,5.29
Ta3N2O2,5.238
Ta4C3,4.729
Ta4C3F2,4.315
Ta4C3H2O2,2.396
Ta4C3O2,5.334
Ta4F2N3,3.768
Ta4H2N3O2,2.754
Ta4N3,4.928
Ta4N3O2,5.006
Ta4O8,5.055
Ta4Se12,5.02
Ta4Se2,3.72
Ta4Te6,4.568
Ta6Si2Te12,4.573
TaAs2,5.128
TaAsSb,4.958500000000001
TaBr2,3.593666666666667
TaBrCl,3.463
TaBrI,3.2435
TaCl2,3.8866666666666667
TaClI,3.377
TaF2,5.576
TaH2,4.517
TaI2,3.377333333333333
TaO2,5.324666666666666
TaS2,5.209666666666667
TaSSe,5.2205
TaSTe,4.846500000000001
TaSb2,4.470000000000001
TaSe2,4.816
TaSeTe,4.7385
TaTe2,4.513
Te2,4.907
Ti2BO2,5.898
Ti2BS2,5.991
Ti2BSe2,5.712
Ti2Br2,3.484
Ti2Br2N2,5.995
Ti2Br2O2,4.843
Ti2Br2S2,5.228
Ti2Br2Se2,5.061
Ti2Br6,4.8785
Ti2CF2,4.804
Ti2CH2O2,1.912
Ti2CO2,5.662
Ti2CS2,6.168
Ti2CSe2,5.422
Ti2Cl2,3.5084999999999997
Ti2Cl2N2,6.23
Ti2Cl2O2,5.192
Ti2Cl2S2,5.445
Ti2Cl2Se2,5.231
Ti2Cl4,4.487
Ti2Cl6,5.082
Ti2F2,4.8315
Ti2F2N,4.45
Ti2H2NO2,2.173
Ti2I2,3.3895
Ti2I2N2,5.309
Ti2I2O2,4.396
Ti2I2S2,4.916
Ti2I2Se2,4.795
Ti2I4,4.038
Ti2I6,4.668
Ti2N,4.583
Ti2NO2,5.734
Ti2NS2,5.79
Ti2NSe2,5.299
Ti2O2,4.013
Ti2O4,6.822
Ti2O6,6.723
Ti2P2S6,4.296
Ti2P2Se6,4.216
Ti2P2Te6,4.258
Ti2PTe2,4.883
Ti2S2,4.7782
Ti2S6,5.238
Ti2Se2,4.6152
Ti2Se6,4.85
Ti2Te2,4.414
Ti2Te6,4.696
Ti2Zr2S8,6.299
Ti2Zr2Se8,5.829
Ti2Zr2Te8,5.213
Ti3B2F2O2,7.469
Ti3B2F2S2,6.814
Ti3B2F2Se2,7.409
Ti3B2H2O2,1.444
Ti3B2H2S2,2.726
Ti3B2H2Se2,3.001
Ti3C2,3.975
Ti3C2F2,4.537
Ti3C2H2O2,1.986
Ti3C2H2S2,1.768
Ti3C2H2Se2,2.061
Ti3C2O2,6.142
Ti3F2N2,4.47
Ti3H2N2O2,2.33
Ti3H2N2S2,2.576
Ti3H2N2Se2,3.859
Ti3N2,4.598
Ti3N2O2,5.539
Ti3ZrS8,6.324
Ti3ZrSe8,5.839
Ti3ZrTe8,5.181
Ti4Br4O4,4.725
Ti4Br4S4,4.771
Ti4Br4Se4,4.714
Ti4C3,3.988
Ti4C3F2,4.573
Ti4C3H2O2,1.912
Ti4C3O2,6.014
Ti4Cl4O4,5.128
Ti4Cl4S4,5.099
Ti4Cl4Se4,4.971
Ti4F2N3,4.523
Ti4H2N3O2,2.235
Ti4I4O4,4.184
Ti4I4S4,4.358
Ti4I4Se4,4.354
Ti4N3,4.651
Ti4N3O2,5.664
Ti4O8,8.129
TiAs2,5.1415
TiAsSb,5.125500000000001
TiBr2,3.794
TiBrCl,3.792
TiBrI,3.5745
TiCl2,4.1209999999999996
TiClI,3.659
TiF2,6.2
TiH2,4.822
TiH2O2,2.117
TiI2,3.6673333333333336
TiO2,7.108
TiS2,6.023333333333333
TiSSe,5.685
TiSTe,5.0065
TiSb2,4.744
TiSe2,5.529
TiSeTe,5.037000000000001
TiTe2,4.970666666666666
TiZr3S8,6.301
TiZr3Se8,5.858
TiZr3Te8,5.247
Tl2Br2,4.135
Tl2Br2N2,6.738
Tl2Br2O2,6.605
Tl2Br4,6.253
Tl2Br6,6.4435
Tl2Cl2,4.061999999999999
Tl2Cl2N2,7.132
Tl2Cl2O2,7.0
Tl2Cl4,6.37
Tl2Cl6,7.0275
Tl2I2,4.1605
Tl2I2N2,5.974
Tl2I2O2,5.692
Tl2I2S2,5.915
Tl2I6,5.798
Tl2O2,5.388
Tl2O6Sb2,3.836
Tl2P2S6,5.824
Tl2P2Se6,5.393
Tl2P2Te6,4.94
Tl2S2,5.62725
Tl2S4,4.915
Tl2Se2,5.131
Tl2Se4,4.762
Tl2Te2,4.82825
Tl2Te4,4.568
TlBr2,6.245333333333334
TlCl2,6.535
TlF2,6.377
TlH2O2,2.895
TlI2,5.741666666666667
TlS2,6.637
TlSe2,5.922
TlTe2,5.155
V2BO2,6.4
V2BS2,5.722
V2BSe2,5.119
V2Br2,3.1109999999999998
V2Br2N2,5.569
V2Br2O2,5.057
V2Br2Se2,5.309
V2Br6,5.387499999999999
V2C,4.635
V2CF2,5.383
V2CH2O2,1.793
V2CO2,6.645
V2CS2,5.564
V2CSe2,4.932
V2Cl2,3.2110000000000003
V2Cl2N2,6.038
V2Cl2O2,5.315
V2Cl2Se2,5.52
V2Cl4,3.923
V2Cl6,5.6555
V2F2,4.6715
V2F2O7Te2,4.607
V2F8,7.28
V2H2NO2,2.017
V2H2O5,4.698
V2H4O10Se2,3.75
V2I2,2.988
V2I2N2,4.94
V2I2Se2,5.061
V2I6,5.0809999999999995
V2N,4.743
V2NS2,5.373
V2NSe2,4.693
V2O10P2,6.903
V2O2,4.9385
V2O4,6.208
V2O5,7.136
V2O6,5.553
V2P2S6,4.552
V2S2,4.9542
V2S4,4.982
V2S6,4.484
V2Se2,4.804399999999999
V2Se4,5.023
V2Se6,4.657
V2Te2,4.6536
V2Te4,4.848
V2Te6,4.705
V3B2F2S2,6.108
V3B2F2Se2,7.061
V3B2H2O2,1.881
V3B2H2S2,2.144
V3B2H2Se2,2.334
V3C2,4.395
V3C2F2,5.748
V3C2F2Se2,7.853
V3C2H2O2,1.71
V3C2H2S2,2.55
V3C2H2Se2,3.842
V3C2O2,6.383
V3F2N2,5.417
V3H2N2O2,2.324
V3H2N2S2,4.102
V3N2,5.136
V3N2O2,5.987
V3Te6,4.728
V4C3,4.523
V4C3F2,5.647
V4C3H2O2,1.808
V4C3O2,6.582
V4F12O4,8.088
V4F2N3,5.356
V4H2N3O2,1.88
V4N3,4.768
V4N3O2,6.195
V4O10,7.828
V4O8,6.739
VAs2,5.0935
VAsSb,5.021
VBr2,4.132333333333333
VBr2O,5.811
VBrCl,3.982
VBrI,4.003
VC4FH4O6,5.063
VCl2,4.287
VCl2O,6.141
VClI,3.932
VF2,6.444
VH2,4.9
VI2,4.124666666666666
VO2,6.521666666666667
VS2,5.662999999999999
VSSe,5.399
VSTe,4.926
VSb2,4.7675
VSe2,5.260000000000001
VSeTe,4.898
VTe2,4.882000000000001
W2BO2,5.885
W2BS2,5.17
W2BSe2,4.579
W2Br2,4.357
W2Br2N2,4.91
W2Br2O2,4.314
W2Br2S2,4.358
W2Br2Se2,4.367
W2Br6,4.022
W2C,5.153
W2CF2,5.674
W2CH2O2,2.476
W2CO2,5.938
W2CS2,5.155
W2CSe2,4.651
W2Cl2,4.5755
W2Cl2N2,5.245
W2Cl2O2,4.665
W2Cl2S2,4.718
W2Cl2Se2,4.705
W2Cl4,3.329
W2Cl4O4,6.954
W2Cl6,4.418
W2F2,5.425
W2F2N,5.132
W2H2NO2,2.579
W2H4O8,5.017
W2H6,5.112
W2H8,3.284
W2I2,3.9015
W2I2N2,4.485
W2I2O2,3.937
W2I2S2,4.399
W2I2Se2,4.461
W2I6,4.1455
W2N,5.337
W2N3,6.986
W2NO2,6.826
W2NS2,5.091
W2NSe2,4.618
W2O12Sb4,6.088
W2O2,5.686666666666667
W2O4,6.305
W2P2S6,5.022
W2P2Se6,4.686
W2P2Te6,4.381
W2S2,4.8686
W2S4,5.134
W2S6,4.848
W2Se2,4.2954
W2Se4,4.731
W2Te2,3.9286000000000003
W2Te4,4.4005
W2Te6,4.371
W3C2,4.97
W3C2F2,5.791
W3C2H2O2,2.21
W3C2O2,6.093
W3F2N2,5.006
W3H2N2O2,2.871
W3N2,5.484
W3N2O2,7.117
W4C3,5.092
W4C3F2,5.343
W4C3H2O2,1.962
W4C3O2,5.746
W4F2N3,4.36
W4H2N3O2,2.066
W4N3,5.341
W4N3O2,5.253
WAs2,4.852
WAsSb,4.673
WBr2,3.483
WBrCl,3.3865
WBrI,3.291
WCl2,3.7303333333333337
WClI,3.3675
WF2,5.512
WH2,4.493
WI2,3.3943333333333334
WO2,5.564
WOS,4.887
WOSe,4.531
WOTe,4.331
WS2,4.790333333333333
WSSe,4.5495
WSTe,4.398
WSb2,4.4655000000000005
WSe2,4.315666666666666
WSeTe,4.1795
WTe2,4.059
Y2Br2,3.83
Y2Br4,3.428
Y2Br6,5.4085
Y2C,3.827
Y2CF2,3.69
Y2CH2O2,1.423
Y2CO2,5.253
Y2Cl2,3.9985
Y2Cl2O2,5.754
Y2Cl2O4,7.979
Y2Cl4,3.566
Y2Cl6,5.827999999999999
Y2F2,3.652
Y2F2N,3.065
Y2H2NO2,2.036
Y2I2,3.901
Y2I4,3.305
Y2I6,4.9195
Y2N,3.961
Y2NO2,6.314
Y2Te6,4.757
Y3C2,3.52
Y3C2F2,4.468
Y3C2H2O2,1.843
Y3C2O2,2.725
Y3F2N2,3.259
Y3H2N2O2,1.79
Y3N2,4.134
Y3N2O2,5.675
Y4C3,3.07
Y4C3F2,4.287
Y4C3H2O2,1.737
Y4C3O2,5.209
Y4F2N3,2.816
Y4H2N3O2,2.028
Y4N3,4.183
Y4N3O2,6.215
YBr2,3.751666666666667
YCl2,3.9249999999999994
YF2,3.716
YI2,3.542666666666667
YS2,6.881
YSe2,6.654
YTe2,5.71
Zn2As4O8,4.251
Zn2Br2,5.4879999999999995
Zn2Cl2,5.7285
Zn2Cl4O6Sb4,6.255
Zn2F2,5.5815
Zn2Ge2O6,5.111
Zn2H4O8Se2,4.005
Zn2H8N4Te2,1.946
Zn2I2,4.741
Zn2O6Si2,4.332
Zn2P2S6,5.06
Zn2P2Se6,4.877
Zn2P2Te6,4.508
Zn2S2,5.022
Zn2S4,4.163
Zn2Se2,4.9750000000000005
Zn2Se4,4.323
Zn2Te2,4.829000000000001
Zn2Te4,4.185
Zn4Br4O4,6.939
Zn4Cl4O4,7.576
ZnB2C8N8,7.169
ZnBr2,5.308333333333334
ZnC4N6,4.311
ZnCl2,5.760000000000001
ZnF2,6.642
ZnH2O2,2.81
ZnI2,4.838
ZnS2,5.824
ZnSe2,5.106
ZnTe2,4.54
Zr2BO2,5.162
Zr2BS2,6.023
Zr2BSe2,5.762
Zr2Br2,3.5415
Zr2Br2N2,5.521
Zr2Br2O2,4.32
Zr2Br2S2,4.962
Zr2Br2Se2,4.856
Zr2Br4,4.04
Zr2Br6,4.276
Zr2CF2,3.906
Zr2CH2O2,2.031
Zr2CO2,4.817
Zr2CS2,6.239
Zr2CSe2,5.748
Zr2Cl2,3.6847499999999997
Zr2Cl2N2,5.7035
Zr2Cl2O2,4.616
Zr2Cl2S2,5.117
Zr2Cl2Se2,4.963
Zr2Cl4,4.237
Zr2Cl6,4.4415
Zr2F2,4.4285
Zr2F2N,3.54
Zr2Ge2Te8,4.293
Zr2H2NO2,2.342
Zr2I2,3.326
Zr2I2N2,4.8535
Zr2I2O2,3.9
Zr2I2S2,4.731
Zr2I2Se2,4.647
Zr2I4,3.898
Zr2I6,4.122999999999999
Zr2N,4.424
Zr2NO2,4.731
Zr2NS2,5.795
Zr2NSe2,5.47
Zr2O2,3.656
Zr2O6,5.872
Zr2P2S6,5.181
Zr2P2Se6,4.916
Zr2P2Te6,4.533
Zr2PTe2,4.971
Zr2S2,4.529999999999999
Zr2S6,5.432
Zr2Se2,4.4886
Zr2Se6,5.021
Zr2Si2Te2,4.694
Zr2Te10,4.489
Zr2Te2,4.3984000000000005
Zr2Te6,4.827
Zr3B2F2O2,7.101
Zr3B2F2S2,6.324
Zr3B2F2Se2,7.507
Zr3B2H2O2,1.447
Zr3B2H2S2,2.709
Zr3B2H2Se2,3.096
Zr3C2,3.921
Zr3C2F2,3.215
Zr3C2F2O2,4.898
Zr3C2F2S2,6.347
Zr3C2F2Se2,7.13
Zr3C2H2O2,2.117
Zr3C2H2S2,1.796
Zr3C2H2Se2,2.117
Zr3C2O2,5.433
Zr3F2N2,3.855
Zr3F2N2O2,8.245
Zr3H2N2O2,2.429
Zr3H2N2S2,2.77
Zr3H2N2Se2,3.085
Zr3N2,4.346
Zr3N2O2,4.427
Zr4Br4O4,4.273
Zr4Br4S4,4.64
Zr4Br4Se4,4.598
Zr4C3,3.917
Zr4C3F2,3.516
Zr4C3H2O2,2.074
Zr4C3O2,5.214
Zr4Cl4O4,4.586
Zr4Cl4S4,4.931
Zr4Cl4Se4,4.849
Zr4F2N3,3.576
Zr4H2N3O2,2.392
Zr4I4O4,3.922
Zr4I4S4,4.292
Zr4I4Se4,4.299
Zr4N3,4.346
Zr4N3O2,4.602
ZrAs2,5.2775
ZrAsSb,5.3004999999999995
ZrBr2,3.8776666666666664
ZrBrCl,3.726
ZrBrI,3.419
ZrCl2,4.267666666666667
ZrClI,3.5385
ZrF2,5.888
ZrH2,4.474
ZrH2O2,2.348
ZrH2O6P2,4.4
ZrI2,3.485666666666667
ZrO2,6.052333333333333
ZrS2,5.978333333333333
ZrSSe,5.7475000000000005
ZrSTe,5.008
ZrSb2,4.775
ZrSe2,5.5
ZrSeTe,5.101
ZrTe2,4.994
