Formula,Energy
Ag2,-5.061
Ag2Au2Cl8,-30.882
Ag2Br2,-10.187000000000001
Ag2Br2N2,-19.27
Ag2Br2O2,-18.876
Ag2Br2S2,-16.358
Ag2Br2S4,-26.341
Ag2Br2Se2,-15.973
Ag2Br2Se4,-24.254
Ag2Br2Te4,-23.215
Ag2Br4,-13.242
Ag2Br6,-15.386
Ag2C8N6,-122.279
Ag2Cl2,-10.8735
Ag2Cl2N2,-20.153
Ag2Cl2O2,-19.564
Ag2Cl2S2,-17.034
Ag2Cl2S4,-27.169
Ag2Cl2Se2,-16.883
Ag2Cl2Se4,-25.078
Ag2Cl2Te4,-24.054
Ag2Cl6,-17.1665
Ag2Cr2P4S12,-102.151
Ag2F2,-12.612
Ag2F4,-19.359
Ag2I2,-9.66
Ag2I2N2,-18.419
Ag2I2O2,-18.36
Ag2I2S2,-15.743
Ag2I2S4,-25.637
Ag2I2Se2,-15.55
Ag2I2Se4,-23.535
Ag2I2Te4,-22.454
Ag2I4,-12.046
Ag2I6,-13.971499999999999
Ag2MoO4,-44.98
Ag2MoS4,-35.509
Ag2MoSe4,-32.633
Ag2MoTe4,-30.017
Ag2O2,-16.113
Ag2P2S6,-42.043
Ag2P2Se6,-37.931
Ag2P2Te6,-34.702
Ag2ReBr6,-29.858
Ag2ReCl6,-33.154
Ag2ReF6,-42.251
Ag2ReI6,-26.794
Ag2S2,-13.244
Ag2S4,-21.594
Ag2Se2,-12.2945
Ag2Se4,-19.321
Ag2Te2,-11.507666666666665
Ag2Te4,-17.927
Ag2V2P4S12,-100.904
Ag2WO4,-45.643
Ag2WS4,-35.957
Ag2WSe4,-32.876
Ag2WTe4,-30.0
Ag8C4N8,-118.225
AgBiP2Se6,-41.048
AgBr2,-6.425333333333334
AgCa2Br2O2,-32.171
AgCa2Br2S2,-27.019
AgCa2Cl2O2,-33.195
AgCa2Cl2S2,-28.057
AgCa2I2O2,-30.954
AgCa2I2S2,-25.972
AgCl2,-7.0680000000000005
AgCuTe2,-13.006
AgF2,-9.66
AgGaP2Se6,-39.552
AgH2,-7.926
AgI2,-5.897666666666666
AgInP2S6,-44.072
AgInP2Se6,-39.557
AgLi2,-6.458
AgNi2O4,-42.208
AgO2,-11.402
AgS2,-9.708
AgScP2S6,-49.387
AgScP2Se6,-44.469
AgSe2,-9.468
AgSnF6,-33.016
AgSr2Br2O2,-32.205
AgSr2Br2S2,-27.27
AgSr2Cl2O2,-33.308
AgSr2Cl2S2,-28.215
AgSr2I2O2,-30.873
AgSr2I2S2,-26.305
AgTe2,-9.197
AgVP2Se6,-45.71
Al2Br2N2,-30.296
Al2Br2O2,-33.647
Al2Br2S2,-25.351
Al2Br2Se2,-23.239
Al2Br4,-17.333
Al2Br6,-25.16
Al2Cl2N2,-31.959
Al2Cl2O2,-35.418
Al2Cl2S2,-26.768
Al2Cl2Se2,-24.549
Al2Cl6,-29.668999999999997
Al2FeS4,-38.43
Al2I2O2,-31.366
Al2I2S2,-23.714
Al2I2Se2,-21.748
Al2I6,-20.5595
Al2Mg2Se5,-37.357
Al2MgS4,-33.676
Al2MgSe4,-29.756
Al2MnS4,-39.234
Al2O2,-24.735
Al2O4,-40.039
Al2P2S6,-48.002
Al2P2Se6,-42.971
Al2P2Te6,-38.149
Al2S2,-18.299333333333333
Al2S4,-27.503
Al2Se2,-16.537666666666667
Al2Se4,-24.737
Al2Si2Te6,-40.2
Al2Te2,-14.741999999999999
Al2Te4,-21.705
Al2Tl2F8,-60.283
Al2ZnS4,-31.198
Al8Te12,-77.32
AlAs,-8.324
AlB4,-27.189
AlBr2,-8.666
AlC,-10.638
AlCl2,-9.5495
AlFeF5,-37.978
AlI2,-7.4955
AlLiP2S6,-47.434
AlN,-13.821
AlNi5Br2,-45.47
AlNi5Cl2,-46.43
AlNi5I2,-44.592
AlP,-9.285
AlPd5Br2,-29.651
AlPd5Cl2,-30.22
AlPd5I2,-29.341
AlPt5Br2,-41.191
AlPt5Cl2,-41.911
AlPt5I2,-41.019
AlSb,-7.55
AlTe4,-16.524
As2,-9.316
As2Br6,-22.514
As2C6,-57.647
As2Ge6,-31.113
As2H2O10Te2,-91.45
As2I6,-19.876
As2O6Sb2,-61.894
As2O8P2,-80.905
As2O8Sb2,-74.332
As2Si6,-35.708
As4,-18.485
As4Ge4Se4,-52.821
As4H2O12P2,-128.137
As4O12S2,-110.478
As4O6,-61.477666666666664
As4O8,-72.425
As4S6,-44.503
As4Se6,-40.68
As8Ge4,-55.927
As8Si4,-59.857
AsB,-10.632
AsBr2,-7.419499999999999
AsBrS,-10.8425
AsBrSe,-10.373000000000001
AsBrTe,-9.9415
AsC,-10.748
AsCl2,-8.326
AsClS,-11.3305
AsClSe,-10.826
AsClTe,-10.353
AsI2,-6.9535
AsIS,-10.2545
AsISe,-9.843
AsITe,-9.4755
AsS2,-12.28
AsSe2,-11.327
AsTe2,-10.6145
Au2Br2,-9.436
Au2Br2N2,-20.34
Au2Br2O2,-18.852
Au2Br2S2,-17.021
Au2Br2Se2,-16.419
Au2Br2Se4,-23.876
Au2Br2Te4,-23.131
Au2Br4,-12.849
Au2Br6,-15.4875
Au2CaF12,-50.897
Au2Cl2,-9.439
Au2Cl2N2,-21.169
Au2Cl2O2,-19.497
Au2Cl2Se2,-17.129
Au2Cl2Te4,-23.917
Au2Cl6,-17.183500000000002
Au2I2,-8.987
Au2I2N2,-19.545
Au2I2O2,-18.363
Au2I2S2,-16.452
Au2I2Se2,-15.82
Au2I2Se4,-23.35
Au2I2Te4,-22.502
Au2I4,-11.933
Au2I6,-14.139
Au2MoO4,-45.24
Au2MoS4,-35.612
Au2MoSe4,-33.011
Au2MoTe4,-30.917
Au2O2,-15.561
Au2O4,-25.17
Au2P2S6,-42.355
Au2P2Se6,-38.266
Au2P2Te6,-35.029
Au2ReF6,-40.569
Au2S2,-13.805333333333332
Au2S4,-22.136
Au2Se2,-12.699
Au2Se4,-20.02
Au2SrO8,-54.004
Au2Te2,-12.5345
Au2Te4,-18.854
Au2WO4,-45.916
Au2WS4,-35.935
Au2WSe4,-33.141
Au2WTe4,-30.806
Au4I4Te4,-33.168
AuBr2,-6.134666666666667
AuCa2Br2O2,-31.611
AuCa2Br2S2,-27.11
AuCa2Cl2O2,-32.665
AuCa2Cl2S2,-28.169
AuCa2I2O2,-30.553
AuCa2I2S2,-26.049
AuCl2,-6.675999999999999
AuF2,-7.861
AuH2,-8.083
AuI2,-5.763000000000001
AuLi2,-7.324
AuO2,-11.332333333333333
AuS2,-9.676333333333334
AuSe2,-9.347
AuSr2Br2O2,-31.849
AuSr2Br2S2,-27.366
AuSr2Cl2O2,-32.878
AuSr2Cl2S2,-28.324
AuSr2I2O2,-30.611
AuSr2I2S2,-26.4
AuTe2,-9.143666666666666
B2,-11.052
B2N,-16.652
B3C10N3,-135.964
BC,-14.74
BN,-17.642
BP,-12.128
BSb,-9.498
Ba2Br2,-12.046
Ba2Cl2,-13.279
Ba2CuHgTlO5,-48.554
Ba2H8O6,-85.772
Ba2I2,-10.741
Ba2Mg2Pb2,-13.159
Ba2Mg2Sn2,-13.699
Ba2Mn2Ge2,-33.216
Ba2N,-12.856
Ba4F4Sb4Se8,-94.534
BaBr2,-11.328333333333333
BaCl2,-12.582
BaF12Sb2,-72.091
BaF2,-15.921
BaI2,-9.963666666666667
BaTa2O7,-80.832
BaTe2,-9.08
Be4,-13.11
BeH4O4P2,-63.053
Bi2,-9.146
Bi2Br2,-13.504999999999999
Bi2Br2N2,-27.353
Bi2Br2O2,-28.983
Bi2Br2S2,-24.007
Bi2Br2Se2,-22.763
Bi2Br6,-24.944000000000003
Bi2C6,-55.311
Bi2Cd2Cl2O4,-46.954
Bi2Cl2,-14.3335
Bi2Cl2N2,-28.239
Bi2Cl2O2,-30.02
Bi2Cl2S2,-24.97
Bi2Cl2Se2,-23.712
Bi2Cl6,-27.983
Bi2Cr,-17.676499999999997
Bi2Cu2S4,-34.624
Bi2F2,-17.373
Bi2F6,-38.772
Bi2Fe2Br2S4,-49.287
Bi2Ge3O9,-89.021
Bi2Ge6,-30.624
Bi2Hf,-17.070500000000003
Bi2I2,-12.684000000000001
Bi2I2N2,-26.511
Bi2I2O2,-27.842
Bi2I2S2,-23.02
Bi2I2Se2,-21.796
Bi2I6,-21.853499999999997
Bi2In2,-14.505
Bi2MnTe4,-33.078
Bi2Mo,-19.4235
Bi2Nb,-19.2065
Bi2O2,-22.0305
Bi2O9Si3,-101.582
Bi2OS2,-25.284
Bi2OSe2,-24.148
Bi2OTe2,-22.916
Bi2P2S6,-46.672
Bi2P2Se6,-42.664
Bi2P2Te6,-39.051
Bi2Pb6,-26.55
Bi2Pd,-13.637
Bi2S2,-17.26025
Bi2S2Se,-22.763
Bi2S2Te,-22.046
Bi2S3,-23.396
Bi2S4,-24.96
Bi2SSe2,-22.346
Bi2STe2,-21.279
Bi2Se2,-16.319
Bi2Se2Te,-21.066
Bi2Se3,-21.743
Bi2SeTe2,-20.727
Bi2Si6,-34.558
Bi2Sn6,-28.501
Bi2Ta,-18.363
Bi2Te2,-15.25075
Bi2Te3,-20.105
Bi2Te4,-21.551
Bi2Ti,-16.052999999999997
Bi2V,-16.932000000000002
Bi2W,-19.027
Bi2YO4,-47.973
Bi2Zr,-17.2665
Bi4B4O12,-144.235
Bi4Cu4,-33.029
Bi4Sr2O8,-87.759
Bi6Ir2O4,-73.326
Bi6Pt3,-48.672
Bi8Rh4,-68.678
BiBr2,-8.839333333333334
BiBrS,-11.835
BiBrSe,-11.322
BiBrTe,-10.8
BiCl2,-9.809333333333333
BiClS,-12.331
BiClSe,-11.805499999999999
BiClTe,-11.2635
BiCrAs,-17.804499999999997
BiCrSb,-17.378
BiCuP2Se6,-41.8
BiF2,-12.818
BiH2O2,-25.688
BiHO6Se2,-55.478
BiHfAs,-17.228
BiHfSb,-16.915999999999997
BiI2,-7.8103333333333325
BiIS,-11.279
BiISe,-10.792
BiITe,-10.305
BiMoAs,-20.003999999999998
BiMoSb,-19.4465
BiNbAs,-19.654
BiNbSb,-19.15
BiO,-10.595
BiO2,-16.95
BiS2,-12.561
BiSe2,-11.6
BiTaAs,-18.93
BiTaSb,-18.3415
BiTe2,-10.746333333333332
BiTiAs,-16.377000000000002
BiTiSb,-15.9265
BiVAs,-17.4615
BiVSb,-16.884
BiWAs,-19.791
BiWSb,-19.1125
BiZrAs,-17.375500000000002
BiZrSb,-17.0835
Br2Ge,-9.260666666666667
Br2Ge2,-12.3995
Br2Ge2N2,-29.106
Br2Ge2O2,-27.318
Br2Ge2S2,-22.217
Br2Ge2Se2,-20.915
Br2Sb,-8.052333333333333
Br2Sb2,-12.713999999999999
Br6Sb2,-23.541
BrSSb,-11.122
BrSbSe,-10.6205
BrSbTe,-10.132
C2,-18.454
C2F2,-25.261
C2H2,-25.623
C6N2,-70.404
C6N8,-118.414
C6P2,-61.413
C6Sb2,-55.753
CF2Si,-23.368
CH2Si,-21.859
CN,-16.08
CP,-12.622
Ca2Br2,-11.229
Ca2Br2H2,-22.108
Ca2C,-11.954
Ca2C2F2O6,-82.324
Ca2Cl2,-13.454
Ca2Cl4H8O4,-85.86
Ca2Cl4O8,-64.215
Ca2CoO3,-39.735
Ca2CuBr2O2,-34.668
Ca2CuBr2S2,-28.538
Ca2CuCl2O2,-35.894
Ca2CuCl2S2,-29.524
Ca2CuI2O2,-33.112
Ca2CuI2S2,-27.518
Ca2F2,-16.676
Ca2Fe2Si2,-34.597
Ca2I2,-10.05
Ca2Mn2Ge2,-33.728
Ca2Mn2Si2,-35.639
Ca2Mn2Sn2,-31.164
Ca2N,-14.012
Ca2Sn4F12,-92.356
Ca3Cu2Br2O4,-57.865
Ca4As4,-32.647
Ca4O12Te4,-122.75
CaBr2,-11.156
CaCl2,-12.509333333333332
CaF2,-16.349
CaF2O2,-22.657
CaH2O2,-28.529
CaH2S2,-21.516
CaH4O4,-45.269
CaI2,-9.686
CaS2,-10.782
CaSe2,-10.304
CaTe2,-9.807
Cd2Br2,-6.465
Cd2Cl2,-7.4805
Cd2F2,-10.684999999999999
Cd2H4O8Se2,-79.975
Cd2I2,-5.289
Cd2Mn3O8,-89.79
Cd2P2S6,-41.216
Cd2P2Se6,-36.636
Cd2P2Te6,-32.501
Cd2S2,-11.558
Cd2S4,-19.08
Cd2Se2,-10.280000000000001
Cd2Se4,-16.865
Cd2Te2,-9.121
Cd2Te4,-15.069
Cd4Br4O4,-36.169
Cd4I4O4,-34.719
CdBr2,-6.664000000000001
CdC4Cl2H4N2,-74.89
CdCl2,-7.676333333333333
CdClHO,-15.445
CdF2,-10.364
CdF2O2,-17.163
CdGaInS4,-26.119999999999997
CdH2O2,-23.164
CdH2S2,-17.187
CdI2,-5.582
CdO2,-11.051
CdPb2Cl2O2,-30.75
CdS2,-8.748999999999999
CdSe2,-7.85
CdTe2,-7.41
Cl2Ge,-10.219666666666667
Cl2Ge2,-13.178
Cl2Ge2N2,-30.454
Cl2Ge2O2,-28.359
Cl2Ge2S2,-23.161
Cl2Ge2Se2,-21.821
Cl2Sb,-9.020999999999999
Cl2Sb2,-13.5715
ClSSb,-11.6045
ClSbSe,-11.0875
ClSbTe,-10.578
Co2Br2,-19.383499999999998
Co2Br2N2,-35.43
Co2Br2O2,-33.952
Co2Br2S2,-30.465
Co2Br2Se2,-28.841
Co2Br4O6Sb4,-87.461
Co2Br6,-28.429499999999997
Co2Cl2,-20.421
Co2Cl2N2,-36.607
Co2Cl2O2,-35.353
Co2Cl2S2,-31.585
Co2Cl2Se2,-29.903
Co2Cl6,-31.514499999999998
Co2F2,-23.035
Co2F2O4,-46.301
Co2H2O4,-51.881
Co2H2S4,-42.054
Co2H4O8Se2,-91.97
Co2I2,-18.5705
Co2I2N2,-34.349
Co2I2O2,-32.414
Co2I2S2,-29.296
Co2I2Se2,-27.776
Co2I6,-25.613999999999997
Co2Li2As2,-32.011
Co2Li2P2,-34.373
Co2Li2Sb2,-30.458
Co2Na2As2,-30.084
Co2Na2P2,-32.475
Co2Na2Sb2,-28.523
Co2O2,-28.840999999999998
Co2P2S6,-54.133
Co2P2Se6,-49.949
Co2P2Te6,-47.062
Co2Pd2P2,-36.599
Co2S2,-25.6974
Co2S4,-34.105000000000004
Co2S6,-41.442
Co2Se2,-23.809199999999997
Co2Se4,-32.003
Co2Se6,-38.095
Co2Te2,-22.5446
Co2Te4,-30.187
Co2Te6,-35.478
Co4Br4O4,-66.806
Co4S8,-69.34
Co8Ta4Te8,-137.954
CoBr2,-12.271666666666667
CoC2N2S2,-50.253
CoC4Cl2H4N2,-81.155
CoC4H8N2O4,-119.301
CoCl2,-13.450000000000001
CoCl2O8,-53.043
CoF2,-16.475
CoH2,-14.567
CoH2O2,-29.002
CoHfBr6,-33.005
CoHfF6,-49.716
CoI2,-11.113
CoLi2,-11.004
CoO2,-20.50433333333333
CoRe2O8,-89.912
CoS2,-16.798666666666666
CoSe2,-15.577666666666667
CoTe2,-14.706000000000001
CoZrBr6,-33.085
Cr2BO2,-40.362
Cr2BS2,-35.26
Cr2BSe2,-33.659
Cr2Br2,-21.002
Cr2Br2N2,-41.292
Cr2Br2O2,-40.86
Cr2Br2S2,-34.982
Cr2Br2Se2,-33.149
Cr2Br4C16H16N8,-299.35
Cr2Br6,-35.111
Cr2C,-25.669
Cr2C16Cl4H16N8,-302.013
Cr2C16H16I4N8,-296.534
Cr2CO2,-42.694
Cr2CS2,-37.606
Cr2Cl2,-22.198
Cr2Cl2N2,-42.545
Cr2Cl2O2,-42.279
Cr2Cl2S2,-36.222
Cr2Cl2Se2,-34.354
Cr2Cl6,-38.876
Cr2Cu2O8,-81.428
Cr2Cu2P4S12,-104.039
Cr2F2,-26.063499999999998
Cr2F2N,-37.863
Cr2F4,-39.14
Cr2Ge2Te6,-48.919
Cr2H2NO2,-50.323
Cr2I2,-20.214
Cr2I2N2,-39.869
Cr2I2S2,-33.645
Cr2I2Se2,-31.872
Cr2I6,-31.399
Cr2Mo2S8,-83.199
Cr2Mo2Se8,-76.058
Cr2Mo2Te8,-69.139
Cr2N,-25.574
Cr2Nb2Se10,-82.886
Cr2O2,-32.840500000000006
Cr2P2S6,-57.904
Cr2P2Se6,-53.563
Cr2P2Te6,-49.456
Cr2S2,-28.731
Cr2S4,-37.396
Cr2Se2,-27.079
Cr2Se4,-34.209500000000006
Cr2Si2Te6,-50.861
Cr2Ta4O12,-162.324
Cr2Te4,-30.471
Cr2Te6,-38.537
Cr2W2S8,-83.52
Cr2W2Se8,-75.952
Cr2W2Te8,-68.544
Cr3C2,-43.979
Cr3C2F2,-55.829
Cr3C2H2O2,-68.244
Cr3C2O2,-61.275
Cr3MoS8,-80.738
Cr3MoSe8,-73.67
Cr3MoTe8,-66.85
Cr3N2,-43.862
Cr3N2O2,-60.988
Cr3Te4,-42.28
Cr3WS8,-80.905
Cr3WSe8,-73.617
Cr3WTe8,-66.521
Cr4C3,-62.678
Cr4C3F2,-74.311
Cr4C3H2O2,-86.734
Cr4C3O2,-79.271
Cr4F2N3,-75.678
Cr4H2N3O2,-88.089
Cr4N3,-63.546
Cr4N3O2,-80.644
CrAs2,-18.551499999999997
CrAsSb,-17.8195
CrBr2,-14.276000000000002
CrBrCl,-14.881
CrBrI,-13.6525
CrCl2,-15.488333333333335
CrClI,-14.183499999999999
CrF2,-17.779
CrGa2S4,-36.018
CrGa2Se4,-32.966
CrH2,-15.417
CrH2O2,-31.712
CrHO2,-28.878
CrI2,-13.059666666666667
CrLi2,-11.319
CrMo3S8,-85.811
CrMo3Se8,-78.582
CrMo3Te8,-71.578
CrMoF6,-50.38
CrNbF6,-52.022
CrO2,-24.694666666666667
CrS2,-19.089
CrSSe,-18.46
CrSTe,-17.539499999999997
CrSb2,-17.3045
CrSe2,-17.407
CrSeTe,-16.762
CrTe2,-15.959000000000001
CrW3S8,-86.256
CrW3Se8,-78.41
CrW3Te8,-70.695
Cs2Br2,-11.584
Cs2C2F6O6S2,-99.801
Cs2C6N6Se6,-125.219
Cs2Cl2,-12.647
Cs2F2,-15.237
Cs2F2H6O6P2,-96.794
CsC2I3N2,-40.099
CsF2,-9.172
CsO2,-9.22
Cu2As4Cl2S3,-44.64
Cu2Br2,-11.631499999999999
Cu2Br2C4H4N2,-78.98
Cu2Br2N2,-22.64
Cu2Br2O2,-22.367
Cu2Br2S2,-18.994
Cu2Br2S4,-28.62
Cu2Br2Se2,-18.171
Cu2Br2Se4,-26.293
Cu2Br2Te4,-25.01
Cu2Br6,-17.7065
Cu2C2Cl2O2,-44.514
Cu2C2N4,-56.274
Cu2C4H4O8,-113.611
Cu2C6H8I2N2,-111.602
Cu2Cl2,-12.431000000000001
Cu2Cl2N2,-23.666
Cu2Cl2O2,-23.203
Cu2Cl2S2,-19.908
Cu2Cl2Se2,-19.131
Cu2Cl2Se4,-27.284
Cu2Cl2Te4,-25.974
Cu2Cl6,-19.996000000000002
Cu2F2,-14.002
Cu2F4,-23.268
Cu2Ge2O6,-58.875
Cu2H4O10Se2,-92.206
Cu2Hg2Cl2Se2,-22.56
Cu2I2,-10.957
Cu2I2N2,-22.022
Cu2I2O2,-21.744
Cu2I2S2,-18.192
Cu2I2S4,-27.658
Cu2I2Se2,-17.294
Cu2I2Se4,-25.386
Cu2I2Te4,-24.121
Cu2I4,-13.597
Cu2I4O12,-78.182
Cu2I6,-15.617999999999999
Cu2MoO4,-47.951
Cu2MoSe4,-35.087
Cu2MoTe4,-32.118
Cu2O12Sb4,-106.945
Cu2O2,-19.197
Cu2O4S,-38.065
Cu2O6Si2,-66.959
Cu2P2S6,-44.114
Cu2P2Se6,-39.783
Cu2P2Te6,-36.406
Cu2PtC6N8,-121.95
Cu2ReBr6,-30.887
Cu2ReCl6,-34.707
Cu2ReF6,-43.583
Cu2ReI6,-28.034
Cu2S,-11.071
Cu2S2,-15.761333333333333
Cu2S4,-23.855
Cu2S4Sb2,-34.136
Cu2Sb2Se4,-31.285
Cu2Se2,-14.3636
Cu2Se4,-21.296
Cu2Sr2,-10.68
Cu2Te2,-13.633799999999999
Cu2Te4,-19.471
Cu2WO4,-48.636
Cu2WS4,-38.624
Cu2WSe4,-35.268
Cu2WTe4,-32.07
Cu3O4P,-44.577
Cu4Cl4H4O4,-67.028
Cu4Cl4O4,-46.422
Cu4F4H4O4,-72.545
Cu4Li2V2O12,-122.75
Cu4O12Te2,-93.071
Cu4O12Te4,-105.813
CuBr,-5.692
CuBr2,-7.526666666666666
CuC6H4N6O2,-134.041
CuCl2,-8.430333333333333
CuF2,-11.394
CuH2,-9.351
CuH2O2,-24.196
CuI2,-6.72
CuInP2Se6,-40.187
CuLi2,-6.895
CuLi2O2,-23.778
CuO2,-13.552666666666667
CuS2,-11.166000000000002
CuSe2,-10.325333333333333
CuSr2Br2O2,-34.148
CuSr2Br2S2,-28.747
CuSr2Cl2O2,-35.455
CuSr2Cl2S2,-29.677
CuSr2I2O2,-32.54
CuSr2I2S2,-27.673
CuTe2,-9.782666666666666
CuV2O6,-67.494
F2Ge,-13.549
F2Ge2,-18.073
F2Sb,-12.21
F2Sb2,-16.802
F2Si2,-21.041
Fe2Br2,-21.411
Fe2Br2N2,-37.665
Fe2Br2O2,-35.805
Fe2Br6,-30.6025
Fe2Cl2,-22.607
Fe2Cl2O2,-37.224
Fe2Cl6,-34.019000000000005
Fe2F2,-25.4605
Fe2F2O2,-41.061
Fe2Ga2S5,-48.2575
Fe2H2O4,-51.031
Fe2I2,-20.525
Fe2I2O2,-35.246
Fe2I2S2,-30.324
Fe2I6,-27.3525
Fe2In2Se5,-43.481
Fe2Li2As2,-33.23
Fe2Li2P2,-35.801
Fe2Li2Sb2,-31.583
Fe2Mg2Ge2,-29.996
Fe2Mg2Si2,-32.179
Fe2Mo2Cl2O8,-107.827
Fe2Na2P2,-33.953
Fe2O2,-31.233
Fe2O4,-45.048
Fe2P2S6,-55.812
Fe2P2Se6,-50.919
Fe2P2Te6,-48.096
Fe2S2,-27.19175
Fe2S4,-36.692
Fe2Se2,-25.02916666666667
Fe2Se4,-32.6875
Fe2Sr2Ge2,-31.565
Fe2Sr2Si2,-33.641
Fe2Sr3Br2O5,-76.729
Fe2Sr4Br2O6,-89.487
Fe2Ta2Te6,-59.706
Fe2Te2,-23.939600000000002
Fe2Te4,-30.386499999999998
Fe2Te6,-36.751
Fe2W2Cl2O8,-109.523
Fe3GeTe2,-38.81
Fe3S4,-45.1375
Fe3Se4,-41.921
Fe4S8,-70.802
FeBr2,-13.223666666666666
FeCl2,-14.461666666666666
FeF2,-16.019
FeGa2S4,-35.154
FeH2,-15.205
FeH2O2,-29.817
FeHfBr6,-33.713
FeHfCl6,-37.857
FeHfF6,-49.486
FeHfI6,-29.587
FeI2,-12.049
FeLi2,-11.657
FeMn2C6N6,-130.856
FeO2,-22.149666666666665
FeS2,-17.912000000000003
FeSe2,-16.447333333333333
FeSn2C6N6,-119.503
FeTe2,-15.325000000000001
FeZn2C6N6,-114.735
FeZrBr6,-33.638
FeZrCl6,-37.715
FeZrF6,-49.421
FeZrI6,-29.598
Ga2Br2,-10.816
Ga2Br2N2,-25.105
Ga2Br2O2,-27.415
Ga2Br2S2,-21.051
Ga2Br2Se2,-19.433
Ga2Br6,-20.896500000000003
Ga2Cl2,-11.792
Ga2Cl2N2,-26.413
Ga2Cl2O2,-28.812
Ga2Cl2S2,-22.199
Ga2Cl2Se2,-20.498
Ga2Cl2Te2,-20.167
Ga2Cl6,-24.5875
Ga2F4H10N4,-99.087
Ga2Ge2Te2,-22.759
Ga2H2O8Se2,-77.785
Ga2I2,-9.777
Ga2I2N2,-24.201
Ga2I2O2,-25.635
Ga2I2S2,-19.709
Ga2I2Se2,-18.209
Ga2I6,-17.111
Ga2In2S6,-42.183
Ga2Mn2S5,-50.957
Ga2MnS4,-35.607
Ga2NiS4,-33.218
Ga2O2,-20.582
Ga2P2,-15.977
Ga2P2Se6,-39.349
Ga2P2Te6,-35.739
Ga2S2,-16.015333333333334
Ga2S4,-21.484
Ga2Se2,-14.3345
Ga2Se4,-19.915
Ga2Te2,-13.139
Ga2Te3,-15.004
Ga2Te4,-17.787
Ga2Y2I2,-24.568
GaAs,-7.371
GaBr2,-7.7123333333333335
GaC,-9.226
GaCl2,-8.633000000000001
GaF2,-12.276
GaH2O2,-24.547
GaI2,-6.788
GaN,-11.262
GaNi5Br2,-43.975
GaNi5Cl2,-44.91
GaNi5I2,-43.157
GaO2,-15.904
GaP,-8.162
GaPd5Br2,-28.164
GaPd5Cl2,-28.714
GaPd5I2,-27.896
GaPt5Br2,-39.23
GaPt5Cl2,-39.979
GaPt5I2,-39.112
GaS2,-11.933
GaSe2,-10.898
GaTe2,-9.848
Ge2,-8.068
Ge2H2,-15.351
Ge2I2,-11.561499999999999
Ge2I2N2,-27.372
Ge2I2O2,-26.129
Ge2I2S2,-21.258
Ge2I2Se2,-20.009
Ge2P2S6,-46.636
Ge2P2Se6,-42.242
Ge2P2Te6,-38.695
Ge2S2,-17.3285
Ge2S4,-25.097
Ge2Se2,-16.011000000000003
Ge2Se4,-22.738
Ge2Te2,-14.7695
Ge2Te4,-20.236
Ge3O9Sb2,-89.577
Ge6N2,-38.087
Ge6P2,-32.527
Ge6Sb2,-30.23
GeH2O2,-25.651
GeI2,-8.3275
GeO,-11.49
GeO2,-18.839666666666666
GeS,-9.042
GeS2,-13.052666666666667
GeSe,-8.379
GeSe2,-11.678333333333333
GeTe,-7.733
GeTe2,-10.578666666666665
H2O2Sb,-24.923
H2Si2,-17.425
H4O10Si4,-124.517
H4O12Te4,-107.949
Hf2Br2,-20.5775
Hf2Br2N2,-45.036
Hf2Br2O2,-41.486
Hf2Br2S2,-35.319
Hf2Br2Se2,-33.034
Hf2Br4,-28.312
Hf2Br6,-34.424
Hf2C,-24.195
Hf2CF2,-38.707
Hf2CH2O2,-51.199
Hf2CO2,-46.017
Hf2Cl2,-21.8825
Hf2Cl2N2,-46.44
Hf2Cl2O2,-42.956
Hf2Cl2S2,-36.696
Hf2Cl2Se2,-34.402
Hf2Cl4,-31.148
Hf2Cl6,-38.717
Hf2F2,-24.8735
Hf2F2N,-38.447
Hf2Ge2Te8,-55.247
Hf2H2NO2,-51.176
Hf2I2,-19.118000000000002
Hf2I2N2,-43.2645
Hf2I2O2,-39.832
Hf2I2S2,-33.811
Hf2I2Se2,-31.55
Hf2I4,-25.278
Hf2I6,-29.965
Hf2N,-24.686
Hf2NO2,-46.533
Hf2O2,-32.728
Hf2O6,-65.446
Hf2P2S6,-58.266
Hf2P2Se6,-53.101
Hf2P2Te6,-48.061
Hf2S2,-26.2832
Hf2S6,-49.149
Hf2Se2,-24.4312
Hf2Se6,-44.039
Hf2Si2Te2,-36.516
Hf2Te10,-52.522
Hf2Te2,-22.278399999999998
Hf2Te6,-39.191
Hf2Ti2S8,-76.121
Hf2Ti2Se8,-69.214
Hf2Ti2Te8,-61.667
Hf2Zr2S8,-79.107
Hf2Zr2Se8,-72.086
Hf2Zr2Te8,-64.367
Hf3C2,-42.795
Hf3C2F2,-57.516
Hf3C2H2O2,-69.968
Hf3C2O2,-63.892
Hf3F2N2,-57.273
Hf3H2N2O2,-70.085
Hf3N2,-43.612
Hf3N2O2,-66.174
Hf3Te2,-31.963
Hf3TiS8,-77.627
Hf3TiSe8,-70.591
Hf3TiTe8,-62.843
Hf3ZrS8,-79.139
Hf3ZrSe8,-72.042
Hf3ZrTe8,-64.203
Hf4Br4O4,-81.799
Hf4Br4S4,-68.873
Hf4Br4Se4,-64.807
Hf4C3,-61.395
Hf4C3F2,-76.012
Hf4C3H2O2,-88.478
Hf4C3O2,-83.037
Hf4Cl4O4,-84.578
Hf4Cl4S4,-71.561
Hf4Cl4Se4,-67.498
Hf4F2N3,-76.946
Hf4H2N3O2,-89.68
Hf4I4O4,-78.393
Hf4I4S4,-65.855
Hf4I4Se4,-61.847
Hf4N3,-63.375
Hf4N3O2,-85.216
HfAs2,-17.332
HfAsSb,-17.009500000000003
HfBr2,-13.581333333333333
HfBrCl,-14.696000000000002
HfBrI,-13.038499999999999
HfCl2,-15.126666666666665
HfClI,-13.6695
HfF2,-18.252
HfH2,-14.295
HfH2O2,-30.32
HfI2,-11.887333333333332
HfLi2,-10.344
HfMnF6,-50.458
HfMnI6,-32.04
HfNa2H6O6,-86.053
HfNiBr6,-32.639
HfNiCl6,-36.627
HfNiI6,-28.555
HfO2,-26.81266666666667
HfPd2,-13.251
HfS2,-19.889333333333333
HfSSe,-19.1895
HfSTe,-18.162
HfSb2,-16.8065
HfSe2,-18.008
HfSeTe,-17.2305
HfTe2,-15.897333333333334
HfTi3S8,-74.729
HfTi3Se8,-67.937
HfTi3Te8,-60.574
HfZr3S8,-79.069
HfZr3Se8,-72.126
HfZr3Te8,-64.531
Hg2Br2,-5.541499999999999
Hg2Br2N2,-15.349
Hg2Br2O2,-15.721
Hg2Br2S2,-13.024
Hg2Br2Se2,-12.693
Hg2Cl2,-6.3795
Hg2Cl2N2,-16.076
Hg2Cl2O2,-16.419
Hg2Cl2S2,-13.716
Hg2Cl2Se2,-13.233
Hg2F2,-9.386
Hg2GeO4,-32.536
Hg2I2,-5.1080000000000005
Hg2I2N2,-14.687
Hg2I2O2,-15.149
Hg2I2S2,-12.153
Hg2I2Se2,-11.907
Hg2K4Cl8,-39.868
Hg2O4,-20.107
Hg2P2S6,-38.916
Hg2P2Se6,-34.675
Hg2P2Te6,-30.984
Hg2Pt4Se6,-51.521
Hg2Se2,-9.292
Hg2Te2,-8.46
Hg2Te4,-13.26
Hg2V2O6,-66.476
Hg3B2O6,-61.274
Hg4I8,-19.648
Hg4K2Cl6O6S2,-78.025
Hg4Mo2O8,-85.291
Hg4W2O8,-87.518
HgBr2,-5.452000000000001
HgCl2,-6.235333333333333
HgF2,-8.3
HgH2O2,-21.225
HgH2S2,-16.636
HgI2,-4.640666666666667
HgO,-6.299
HgO2,-9.79525
HgS,-5.064
HgS2,-7.498333333333334
HgSe,-4.545
HgSe2,-6.928
HgTe,-4.166
HgTe2,-6.548666666666667
I2Sb,-7.074333333333333
I2Sb2,-11.861
I6Sb2,-20.671
ISSb,-10.582
ISbSe,-10.11
ISbTe,-9.655999999999999
In2Br2,-11.0445
In2Br2N2,-24.225
In2Br2O2,-26.715
In2Br2S2,-21.069
In2Br2Se2,-19.604
In2Br6,-21.5445
In2Cl2,-12.007
In2Cl2N2,-25.328
In2Cl2O2,-27.866
In2Cl2S2,-22.115
In2Cl2Se2,-20.605
In2Cl6,-24.941
In2F2,-15.259
In2I2,-10.014
In2I2N2,-23.007
In2I2O2,-25.317
In2I2S2,-19.884
In2I2Se2,-18.482
In2I6,-17.9755
In2MnSe4,-32.268
In2O2,-19.456000000000003
In2P2S6,-43.908
In2P2Se6,-39.295
In2P2Te6,-35.379
In2S2,-15.225200000000001
In2S4,-22.286
In2Se2,-14.29575
In2Se3,-17.6175
In2Se4,-19.698
In2Si2Te6,-37.7
In2Te2,-12.873999999999999
In2Te4,-18.272
In2Te5,-23.158
In2Zn2S5,-33.615
In2Zn3S6,-40.38
In2ZnS4,-27.086
In3Te4,-23.134
In4Br4Te4,-37.364
In4Br8,-32.732
In4I4Te4,-35.192
InAs,-7.072
InBr2,-7.786666666666666
InC,-8.447
InCl2,-8.717666666666666
InF2,-12.086
InH2O2,-24.473
InI2,-6.874
InLiI4O12,-81.915
InN,-10.151
InNaI4O12,-80.775
InNi5Br2,-42.91
InNi5Cl2,-43.791
InNi5I2,-42.19
InP,-7.753
InPd5Br2,-27.829
InPd5Cl2,-28.354
InPd5I2,-27.616
InPt5Br2,-38.762
InPt5Cl2,-39.492
InPt5I2,-38.731
InS2,-11.236
InSb,-6.693
InSe2,-10.355
InSiTe3,-17.131
InTe2,-9.472
Ir2Br2,-19.032
Ir2Br2N2,-36.51
Ir2Br2O2,-33.57
Ir2Br2S2,-32.265
Ir2Br2Se2,-30.616
Ir2Br4,-23.81
Ir2Br6,-28.774
Ir2Cl2,-20.296
Ir2Cl2N2,-37.741
Ir2Cl2O2,-34.831
Ir2Cl2S2,-33.279
Ir2Cl2Se2,-31.535
Ir2Cl6,-31.44
Ir2F2,-22.075499999999998
Ir2I2,-18.5575
Ir2I2N2,-35.225
Ir2I2O2,-32.402
Ir2I2S2,-31.254
Ir2I2Se2,-29.755
Ir2I6,-26.9935
Ir2Nb2Te8,-69.926
Ir2O2,-28.157
Ir2O4,-42.989
Ir2O6,-50.253
Ir2P2S6,-56.394
Ir2P2Se6,-52.538
Ir2P2Te6,-50.12
Ir2S2,-26.919999999999998
Ir2S4,-35.929
Ir2S6,-44.054
Ir2Se2,-25.134999999999998
Ir2Se4,-32.934
Ir2Se6,-39.56
Ir2Ta2Te8,-68.501
Ir2Te2,-24.4602
Ir2Te4,-31.375500000000002
Ir2Te6,-37.929
Ir4S8,-74.297
Ir4Se8,-68.996
Ir4Te8,-65.956
Ir5Te10,-82.27
IrBr2,-11.216999999999999
IrCl2,-11.988333333333335
IrF2,-14.113
IrH2,-15.364
IrI2,-10.872333333333335
IrLi2,-13.028
IrO2,-20.172
IrS2,-17.549333333333333
IrSe2,-16.31866666666667
IrTe2,-15.749333333333333
K,-0.958
K2Br2,-12.196
K2C2H2O6,-76.773
K2C2O6,-66.288
K2C4,-31.496
K2C4H6O6,-108.838
K2C6H6O6,-126.47
K2Cl2,-13.355
K2Cl2O6,-44.023
K2F2,-16.238
K2I2,-10.937
K2N2O6,-60.475
K2Os2Br8N2O4,-86.1
K2Os2F10N2O2,-102.987
K2Pt2Cl6N2,-46.504
KI2,-6.467
KS2,-8.315
KSe2,-8.235
KTe2,-8.173
KTiS2,-20.36
Li2B2,-13.773
Li2Cl2O4,-33.964
Li2F2O2,-24.385
Li2F2S2,-24.039
Li2H2O2,-30.179
Li2H2S2,-23.255
Li2H4N2,-38.008
Li2H4N2O6,-78.867
Li2Mn,-12.168
Li2Mn2P2,-37.022
Li2Mo,-13.472
Li2Nb,-12.822
Li2Ni,-10.457
Li2Ni2As2,-29.991
Li2Ni2P2,-31.925
Li2Ni2Sb2,-28.959
Li2Os,-13.903
Li2Pb,-7.58
Li2PdH2,-16.257
Li2Pt,-10.854
Li2PtH6O6,-78.4
Li2Re,-14.151
Li2Rh,-10.981
Li2Ru,-12.279
Li2Sc,-7.698
Li2Ta,-12.292
Li2Ti,-9.441
Li2Ti2Cl2N2,-49.355
Li2V,-10.762
Li2V4O10,-125.787
Li2W,-13.646
Li2Zr,-10.35
Li4CO4,-52.02
Li4O8Sb4,-93.08
Li4Zn2Si2,-20.885
Li6H2O8Te2,-95.662
LiC12,-112.745
LiC5H5N2O5,-121.693
LiNiP2S6,-48.386
Mg2Cl4,-20.862
Mg2Mn2Ge2,-31.367
Mg2Mn2Si2,-33.284
Mg2Mo2O12Te2,-128.662
Mg2P2S6,-46.164
Mg2P2Se6,-41.017
MgB2H8,-44.173
MgBr2,-9.129999999999999
MgCl2,-10.58
MgF2O2,-21.107
MgF2S2,-18.685
MgH2O2,-27.354
MgH2S2,-19.701
MgI2,-7.577
MgNa2H4O8S2,-92.874
Mn2Br2,-22.377
Mn2Br2O2,-40.007
Mn2Br2S4Sb2,-51.849
Mn2Br2Sb2Se4,-49.105
Mn2Br2Se2,-32.902
Mn2Br6,-34.285
Mn2C,-26.558
Mn2CF2,-37.885
Mn2CH2O2,-50.305
Mn2Cl2,-23.337
Mn2Cl2N2,-42.512
Mn2Cl2O2,-41.246
Mn2Cl2S4Sb2,-53.088
Mn2Cl2Se2,-34.081
Mn2Cl6,-36.799
Mn2F2,-25.622
Mn2F2N,-37.704
Mn2H2NO2,-50.131
Mn2H2O4,-57.092
Mn2H2S4,-45.618
Mn2H4O8S2,-100.732
Mn2I2,-21.508
Mn2I2Sb2Se4,-47.79
Mn2I2Se2,-31.702
Mn2I6,-30.919
Mn2Mo2O12Te2,-138.708
Mn2N,-26.013
Mn2NO2,-43.058
Mn2O2,-33.849500000000006
Mn2O8Se2,-79.436
Mn2P2S6,-58.356
Mn2P2Se6,-53.467
Mn2S2,-28.29
Mn2Se2,-27.557499999999997
Mn2Se4,-35.864
Mn2Sn2Sr2,-30.312
Mn2Sr2Ge2,-32.831
Mn2Te2,-25.96
Mn2Te6,-38.853
Mn3C2,-45.37
Mn3C2F2,-56.05
Mn3C2H2O2,-68.436
Mn3C2O2,-60.691
Mn3F2N2,-54.897
Mn3H2N2O2,-67.793
Mn3N2,-44.937
Mn4C3,-63.778
Mn4C3F2,-74.392
Mn4C3H2O2,-86.764
Mn4C3O2,-78.893
Mn4H2N3O2,-86.093
Mn4N3,-63.954
Mn4N3O2,-79.861
Mn4Pb4O12,-142.057
MnBr2,-15.072000000000001
MnC6N4Se2,-95.019
MnCl2,-16.295333333333332
MnF12Sb2,-74.403
MnF2,-17.355
MnH2,-15.977
MnH2O2,-32.153
MnI2,-13.785666666666666
MnNa2F3O7P2,-95.813
MnO2,-24.177000000000003
MnRe2O8,-93.057
MnS2,-19.125
MnSe2,-17.570333333333334
MnTe2,-16.251
MnZrBr6,-36.295
MnZrCl6,-38.604
MnZrF6,-50.495
MnZrI6,-32.04
Mo2BO2,-44.451
Mo2BS2,-39.896
Mo2BSe2,-38.349
Mo2Br2,-24.9405
Mo2Br2N2,-44.978
Mo2Br2O2,-42.049
Mo2Br2S2,-37.129
Mo2Br2Se2,-35.083
Mo2Br4,-29.822
Mo2Br4O4,-63.082
Mo2C,-29.265
Mo2CF2,-39.881
Mo2CH2O2,-52.556
Mo2CO2,-46.663
Mo2CS2,-41.841
Mo2CSe2,-40.254
Mo2Cl2,-26.217
Mo2Cl2N2,-46.389
Mo2Cl2O2,-43.661
Mo2Cl2S2,-37.289
Mo2Cl2Se2,-35.193
Mo2Cl4,-32.668
Mo2Cl6,-39.9065
Mo2F2,-31.388
Mo2F2N,-39.888
Mo2H2NO2,-52.528
Mo2I2,-23.328
Mo2I2N2,-43.526
Mo2I2O2,-40.164
Mo2I2S2,-35.052
Mo2I2Se2,-33.57
Mo2I4,-27.534
Mo2I6,-32.963
Mo2N,-28.768
Mo2NO2,-46.3
Mo2NS2,-41.37
Mo2NSe2,-39.7
Mo2O10P2,-113.273
Mo2O2,-35.853
Mo2O4,-53.826
Mo2O6,-69.176
Mo2P2S6,-60.653
Mo2P2Se6,-55.731
Mo2P2Te6,-51.759
Mo2S2,-31.606
Mo2S4,-40.6355
Mo2S6,-49.555
Mo2Se2,-30.026
Mo2Se4,-37.362
Mo2Se6,-45.616
Mo2Ta2O11,-135.465
Mo2Te2,-28.27075
Mo2Te4,-34.5265
Mo2Te6,-42.066
Mo2V2O10,-121.016
Mo2W2S8,-88.804
Mo2W2Se8,-81.079
Mo2W2Te8,-73.497
Mo2Zn2O12Te2,-121.855
Mo2Zn2O8,-87.906
Mo2ZrO8,-98.002
Mo3C2,-49.759
Mo3C2F2,-60.379
Mo3C2H2O2,-72.929
Mo3C2O2,-66.889
Mo3F2N2,-59.794
Mo3H2N2O2,-72.562
Mo3N2,-48.72
Mo3N2O2,-66.535
Mo3WS8,-88.656
Mo3WSe8,-81.13
Mo3WTe8,-73.783
Mo4C3,-69.989
Mo4C3F2,-81.163
Mo4C3H2O2,-93.688
Mo4C3O2,-86.75
Mo4F2N3,-80.369
Mo4H2N3O2,-92.778
Mo4N3,-70.689
Mo4N3O2,-86.39
MoAs2,-20.624499999999998
MoAsSb,-20.055500000000002
MoBr2,-14.381666666666666
MoBrCl,-15.192
MoBrI,-13.759
MoCl2,-15.892000000000001
MoClI,-14.2985
MoF2,-19.22
MoH2,-16.903
MoH2O2,-32.536
MoI2,-13.152666666666667
MoO2,-26.569333333333333
MoOS,-24.487
MoOSe,-23.331
MoOTe,-21.922
MoS2,-21.229333333333333
MoSSe,-20.811500000000002
MoSTe,-19.886
MoSb2,-19.4785
MoSe2,-19.42
MoSeTe,-19.061500000000002
MoTe2,-17.70266666666667
MoW3S8,-88.937
MoW3Se8,-81.015
MoW3Te8,-73.202
N2Si6,-45.893
Na,-0.992
Na2B2H8O8,-114.864
Na2C2H6N8O2,-124.953
Na2C2N2S2,-48.542
Na2C4,-31.215
Na2F2O2,-22.59
Na2F2S2,-22.608
Na2H2O2,-27.6985
Na2H2S2,-21.675
Na2H8I2O4,-70.605
Na2Nb2Cl12,-67.935
Na2Ni2As2,-28.153
Na2Ni2P2,-30.087
Na2Ni2Sb2,-27.139
Na2PtH6O6,-76.794
Na2SnH6O6,-77.684
Na2Ta2Cl12,-67.922
Na4As4O8,-89.439
Na4O8S4,-86.069
NaBr4C6O2,-76.482
NaNb3O4,-65.073
NaW2Br6O2,-57.235
Nb2As2Ge2,-40.411
Nb2BO2,-45.894
Nb2BS2,-40.174
Nb2BSe2,-38.417
Nb2Br2,-23.714
Nb2Br2N2,-46.847
Nb2Br2O2,-44.067
Nb2Br2S2,-38.255
Nb2Br2Se2,-35.994
Nb2Br4O2,-50.516
Nb2Br4S4,-52.334
Nb2Br4Se4,-48.958
Nb2Br6,-36.7245
Nb2C,-29.02
Nb2CF2,-42.111
Nb2CH2O2,-54.655
Nb2CO2,-48.758
Nb2CS2,-42.76
Nb2CSe2,-41.021
Nb2Cl2,-24.7675
Nb2Cl2N2,-48.16
Nb2Cl2O2,-45.641
Nb2Cl2S2,-39.647
Nb2Cl2Se2,-37.377
Nb2Cl4,-34.561
Nb2Cl4S4,-54.858
Nb2Cl4Se4,-51.422
Nb2Cl6,-40.9855
Nb2F2,-29.209
Nb2F2N,-41.235
Nb2Ge2Sb2,-39.153
Nb2H2NO2,-53.918
Nb2I2,-23.026
Nb2I2N2,-45.316
Nb2I2O2,-42.224
Nb2I2O4,-60.851
Nb2I2S2,-36.701
Nb2I2Se2,-34.46
Nb2I4,-28.783
Nb2I4O2,-47.682
Nb2I6,-32.6475
Nb2N,-28.919
Nb2NO2,-48.834
Nb2NS2,-42.755
Nb2NSe2,-40.835
Nb2Ni2Te10,-71.934
Nb2O2,-36.037
Nb2O4,-55.428
Nb2O6,-67.931
Nb2Os2Te8,-71.961
Nb2P2S6,-61.038
Nb2P2Se6,-55.701
Nb2P2Te6,-52.237
Nb2Pd2Te10,-65.733
Nb2PdS6,-56.721
Nb2PdSe6,-51.959
Nb2S2,-31.117200000000004
Nb2S6,-51.513
Nb2Se2,-29.200799999999997
Nb2Se6,-46.88
Nb2Te2,-27.256999999999998
Nb2Te4,-31.183
Nb2Te6,-42.396
Nb3Br7S,-57.708
Nb3Br8,-54.419
Nb3C2,-49.582
Nb3C2F2,-62.133
Nb3C2H2O2,-74.681
Nb3C2O2,-69.264
Nb3Cl7Te,-60.644
Nb3Cl8,-60.058
Nb3F2N2,-62.238
Nb3H2N2O2,-74.894
Nb3I7Te,-50.702
Nb3I8,-48.711
Nb3N2,-49.691
Nb3N2O2,-69.252
Nb3Te6,-54.35
Nb4C3,-70.849
Nb4C3F2,-83.402
Nb4C3H2O2,-95.941
Nb4C3O2,-90.12
Nb4F2N3,-83.093
Nb4Ge2Te8,-82.982
Nb4H2N3O2,-95.61
Nb4I2Te12,-89.861
Nb4N3,-70.35
Nb4N3O2,-90.406
Nb4Ni4Te8,-103.46
Nb4O8,-111.39
Nb4S12,-103.369
Nb4Si2Te8,-84.996
Nb6Ge2Te12,-119.196
Nb6Si2Te12,-121.238
Nb8C4,-112.545
NbAs2,-20.026
NbAsSb,-19.5025
NbBr2,-15.081666666666665
NbBrCl,-16.093
NbBrI,-14.431999999999999
NbCl2,-16.673333333333332
NbClI,-15.054
NbF2,-19.995
NbF4,-32.277
NbH2,-16.555
NbH2O2,-33.445
NbI2,-13.445333333333332
NbO2,-27.48933333333333
NbS2,-21.297666666666668
NbSSe,-20.7815
NbSTe,-19.831
NbSb2,-19.128999999999998
NbSe2,-19.455333333333332
NbSeTe,-18.9405
NbTe2,-17.575666666666667
Ni2As2O7,-68.524
Ni2Br2,-17.627
Ni2Br2N2,-32.274
Ni2Br2O2,-31.011
Ni2Br2S2,-27.886
Ni2Br2Se2,-26.756
Ni2Br6,-25.6765
Ni2C4N6,-88.66
Ni2Cl2,-18.454
Ni2Cl2N2,-33.516
Ni2Cl2O2,-32.123
Ni2Cl2S2,-28.954
Ni2Cl2Se2,-27.789
Ni2Cl6,-28.319
Ni2F2,-20.448
Ni2F2O4,-42.543
Ni2F2S4,-39.348
Ni2H2O4,-48.311
Ni2H2S4,-38.846
Ni2I2,-17.0875
Ni2I2N2,-31.09
Ni2I2O2,-29.877
Ni2I2S2,-26.849
Ni2I2Se2,-25.754
Ni2I6,-23.346
Ni2O2,-26.526666666666667
Ni2P2S6,-51.958
Ni2P2Se5,-43.721
Ni2P2Se6,-47.449
Ni2P2Te6,-44.374
Ni2S2,-23.528
Ni2S4,-32.398
Ni2S6,-39.691
Ni2Sb2Si2,-33.845
Ni2SbTe2,-26.68
Ni2Se2,-21.9988
Ni2Se4,-29.573
Ni2Se6,-36.166
Ni2Ta2Te10,-70.387
Ni2Ta4S10,-110.017
Ni2Ta4Se10,-100.792
Ni2Te2,-21.048000000000002
Ni2Te4,-27.702
Ni2Te6,-33.887
Ni4Ta2Se2Te2,-67.063
Ni4Ta2Te4,-65.494
Ni4Ta2Te6,-72.441
Ni4Ta4Te8,-100.457
Ni8As4Si4,-98.253
NiBr2,-11.202
NiC10Cl2N2,-102.915
NiC12Cl2N2,-118.895
NiC2N2S2,-49.084
NiC4Cl2N2,-56.552
NiC4H8N2O4,-118.513
NiC6Cl2H4N2,-97.36
NiCl2,-12.19
NiCl2O8,-51.812
NiF2,-14.936
NiH2,-13.674
NiH2O2,-28.364
NiI2,-10.221333333333334
NiO2,-18.538
NiPS3,-24.836
NiRe2O8,-88.735
NiS2,-15.559
NiSe2,-14.514000000000001
NiTe2,-13.845999999999998
NiV2Se4,-41.869
NiZrBr6,-32.536
NiZrCl6,-36.451
NiZrF6,-47.446
NiZrI6,-28.548
O10P4,-99.141
O14S2Te4,-116.085
O2Sb,-17.527
O4S8Sb8,-100.85
O6Sb4,-61.776
O8P2Sb2,-82.903
O8Te4,-66.858
OS2Sb2,-24.279
OSb2Se2,-23.18
OSb2Te2,-22.089
Os2Br2,-22.0255
Os2Br2N2,-39.635
Os2Br2O2,-36.16
Os2Br2S2,-33.962
Os2Br2Se2,-31.862
Os2Br6,-31.0345
Os2Cl2,-22.801
Os2Cl2N2,-40.803
Os2Cl2O2,-37.512
Os2Cl2S2,-34.951
Os2Cl2Se2,-32.744
Os2Cl6,-34.187
Os2F2,-26.094
Os2I2,-21.125999999999998
Os2I2O2,-34.934
Os2I2S2,-33.002
Os2I2Se2,-31.092
Os2I6,-28.7485
Os2O2,-32.309666666666665
Os2O4,-47.906
Os2P2S6,-58.584
Os2P2Se6,-53.952
Os2P2Te6,-51.498
Os2S2,-29.791000000000004
Os2S4,-38.8305
Os2Se2,-27.80275
Os2Se4,-35.3155
Os2Se6,-42.336
Os2Ta2Te8,-70.567
Os2Te2,-26.701600000000003
Os2Te4,-33.103
Os2Te6,-40.055
OsBr2,-12.455333333333334
OsCl2,-13.555333333333332
OsCl2O,-22.807
OsF2,-16.357
OsH2,-16.579
OsH2O2,-29.544
OsI2,-11.800333333333334
OsO2,-22.634333333333334
OsS2,-19.172666666666668
OsSe2,-17.650666666666666
OsTe2,-16.658666666666665
P2,-10.649
P2Sb2Se6,-41.505
P2Sb2Te6,-37.992
P2Si6,-37.694
P4,-21.301
P8Si4,-66.056
Pb2Br2,-12.1715
Pb2Br2N2,-25.161
Pb2Br2O2,-25.742
Pb2Br2S2,-21.188
Pb2Br2Se2,-20.298
Pb2Br4,-19.315
Pb2Cl2,-13.0495
Pb2Cl2N2,-26.104
Pb2Cl2O2,-26.646
Pb2Cl2S2,-22.086
Pb2Cl2Se2,-21.304
Pb2F2,-16.408
Pb2I2,-11.239
Pb2I2N2,-24.069
Pb2I2O2,-24.815
Pb2I2S2,-20.27
Pb2I2Se2,-19.186
Pb2O2,-21.340999999999998
Pb2P2S6,-46.707
Pb2P2Se6,-42.184
Pb2P2Te6,-38.14
Pb2S2,-16.896
Pb2S4,-25.071
Pb2Se2,-15.658249999999999
Pb2Se4,-22.804
Pb2Se6,-29.754
Pb2Te2,-14.479800000000001
Pb2Te4,-20.926
Pb2Te6,-27.401
Pb4O4,-44.78
Pb6As2,-27.188
Pb6N2,-32.67
Pb6P2,-28.401
Pb6Sb2,-26.364
PbBr2,-9.605666666666666
PbCl2,-10.605333333333334
PbF2,-13.71
PbF4,-20.23
PbH2O2,-25.816
PbI2,-8.570333333333332
PbO,-10.551
PbO2,-15.803333333333333
PbS,-8.51
PbS2,-12.067
PbSb2Te4,-26.782
PbSe,-7.972
PbSe2,-10.991
PbTe,-7.41
PbTe2,-9.795666666666667
PbWO4,-46.841
Pd2Br2,-10.597999999999999
Pd2Br2N2,-24.382
Pd2Br2O2,-22.692
Pd2Br2S2,-20.816
Pd2Br6,-18.3885
Pd2Cl2,-11.143
Pd2Cl2N2,-25.473
Pd2Cl2O2,-23.628
Pd2Cl2S2,-21.734
Pd2Cl2Se2,-20.857
Pd2Cl4,-17.871
Pd2Cl6,-20.4265
Pd2F2,-13.1715
Pd2I2,-10.4985
Pd2I2N2,-23.314
Pd2I2O2,-21.916
Pd2I2S2,-19.971
Pd2I2Se2,-19.2
Pd2I4O12,-77.862
Pd2I6,-16.9045
Pd2N4O12,-109.502
Pd2O2,-17.427
Pd2O6Se2,-51.7985
Pd2P2S6,-44.874
Pd2P2Se6,-40.808
Pd2P2Te6,-38.096
Pd2S2,-15.777666666666667
Pd2S4,-25.717
Pd2Se2,-14.673333333333332
Pd2Se4,-23.294
Pd2Te2,-14.250666666666667
Pd2Te4,-21.999
Pd3P2S8,-59.336
Pd3Ta3Te14,-92.749
Pd4I8,-30.155
Pd4P4S4,-58.528
Pd4P4Se4,-55.541
Pd4Tl2Se6,-45.682
Pd6Ta4Te10,-103.237
PdBr2,-7.235333333333333
PdCl2,-7.953666666666667
PdF2,-9.49
PdH2O2,-23.4
PdI2,-6.748666666666668
PdO,-8.875
PdO2,-13.675333333333333
PdS2,-11.783000000000001
PdSe2,-11.014333333333333
PdTa2S6,-55.883
PdTa2Se6,-50.805
PdTe2,-10.654000000000002
Pt2Br2,-14.54
Pt2Br2N2,-30.266
Pt2Br2O2,-27.137
Pt2Br2S2,-26.024
Pt2Br2Se2,-25.103
Pt2Br6,-22.826500000000003
Pt2Cl2,-16.1305
Pt2Cl2N2,-31.437
Pt2Cl2O2,-28.22
Pt2Cl2S2,-26.992
Pt2Cl2Se2,-25.993
Pt2Cl6,-24.9345
Pt2F2,-15.384
Pt2I2,-14.3155
Pt2I2N2,-28.982
Pt2I2O2,-26.39
Pt2I2S2,-25.11
Pt2I2Se2,-24.29
Pt2I4,-18.034
Pt2I6,-21.3685
Pt2O2,-22.557
Pt2P2S6,-49.168
Pt2P2Se6,-45.768
Pt2P2Te6,-43.314
Pt2S2,-20.917
Pt2S4,-31.089
Pt2Se2,-19.6766
Pt2Se4,-28.5
Pt2Se6,-34.643
Pt2Ta2Te10,-69.665
Pt2Ta4Se14,-113.824
Pt2Te2,-19.655666666666665
Pt2Te4,-27.181
Pt2Te6,-33.047
Pt4I8,-39.259
Pt4Tl2S6,-60.392
Pt4Tl2Se6,-56.644
Pt4Tl2Te6,-54.715
PtBr2,-9.045666666666667
PtCl2,-9.666666666666666
PtF2,-11.161
PtH2,-12.503
PtH2O2,-25.091
PtI2,-8.722000000000001
PtO2,-16.494
PtS2,-14.509333333333332
PtSe2,-13.562666666666667
PtTe2,-13.181666666666667
Rb2Br2,-11.57
Rb2Br2F8,-38.216
Rb2C2F6O6S2,-99.766
Rb2C4,-30.816
Rb2Cl2,-12.679
Rb2F2,-15.387
Rb2I2,-10.364
RbI2,-6.084
RbS2,-7.381
RbSe2,-7.47
RbSnS2,-14.714
RbTe2,-7.599
RbTiS2,-19.84
Re2Br2,-23.8765
Re2Br4,-26.787
Re2Br6,-32.7465
Re2Cl2,-24.842
Re2Cl4,-29.247
Re2Cl6,-36.386
Re2F2,-27.4665
Re2I2,-22.758499999999998
Re2I4,-25.271
Re2I6,-29.8625
Re2N2,-38.761
Re2O2,-34.363
Re2O4,-52.041
Re2S2,-31.08425
Re2S4,-42.605
Re2Se2,-29.224249999999998
Re2Se4,-39.009
Re2Te2,-27.76625
Re2Te4,-35.963
Re2ZnO8,-84.302
Re4O8,-104.835
Re4S8,-86.371
Re4Se8,-79.325
Re4Te8,-73.375
Re6Cl2Se8,-109.338
ReBr2,-12.972999999999999
ReCl2,-14.333
ReF2,-18.016
ReH2,-16.98
ReI2,-12.035666666666666
ReO2,-24.785666666666668
ReS2,-20.338666666666665
ReSe2,-18.513
ReTe2,-16.987
Rh2Br2,-16.5625
Rh2Br2N2,-32.681
Rh2Br2O2,-30.854
Rh2Br2S2,-28.767
Rh2Br2Se2,-27.402
Rh2Br4,-21.988
Rh2Br6,-26.128
Rh2Cl2,-17.292
Rh2Cl2N2,-33.822
Rh2Cl2O2,-32.018
Rh2Cl2S2,-29.741
Rh2Cl2Se2,-28.304
Rh2Cl2Te2,-27.839
Rh2Cl4,-23.711
Rh2Cl6,-28.604
Rh2F2,-19.145
Rh2I2,-16.418
Rh2I2N2,-31.738
Rh2I2O2,-29.714
Rh2I2S2,-27.794
Rh2I2Se2,-26.546
Rh2I6,-24.299
Rh2O2,-25.229333333333333
Rh2O6,-44.77
Rh2P2S6,-52.474
Rh2P2Se6,-48.806
Rh2P2Te6,-46.445
Rh2S2,-23.434
Rh2S4,-32.165
Rh2Se2,-22.0292
Rh2Se4,-29.561500000000002
Rh2Ta2Te8,-64.89
Rh2Te2,-21.496199999999998
Rh2Te4,-28.224
Rh2Te6,-34.708
Rh4S8,-65.763
Rh4Se8,-61.302
RhBr2,-10.411
RhCl2,-11.235333333333335
RhF2,-12.866
RhH2,-13.652
RhH2O2,-26.906
RhI2,-9.866666666666667
RhO2,-18.45866666666667
RhS2,-15.621333333333332
RhSe2,-14.628
RhTe2,-14.167333333333334
Ru2Br2,-20.1475
Ru2Br2N2,-37.582
Ru2Br2O2,-34.894
Ru2Br2S2,-32.065
Ru2Br2Se2,-30.242
Ru2Br6,-29.7755
Ru2Cl2,-21.0475
Ru2Cl2N2,-38.706
Ru2Cl2O2,-36.152
Ru2Cl2S2,-33.039
Ru2Cl2Se2,-31.146
Ru2Cl6,-32.7495
Ru2F2,-23.637
Ru2F8,-50.168
Ru2I2,-19.6695
Ru2I2N2,-36.313
Ru2I2O2,-33.705
Ru2I2S2,-31.101
Ru2I2Se2,-29.438
Ru2I6,-27.476
Ru2O2,-30.069666666666667
Ru2O4,-44.976
Ru2P2S6,-56.454
Ru2P2Se6,-52.104
Ru2P2Te6,-49.619
Ru2S2,-27.5032
Ru2S4,-36.3975
Ru2Se2,-25.7198
Ru2Se4,-33.3125
Ru2Se6,-40.66
Ru2Ta2Te8,-68.365
Ru2Te2,-24.66925
Ru2Te4,-31.375
Ru2Te6,-38.258
RuBr2,-12.250333333333332
RuCl2,-13.319333333333333
RuCl2O,-21.348
RuF2,-15.563
RuH2,-15.266
RuH2O2,-29.182
RuI2,-11.435333333333332
RuO2,-21.634
RuS2,-17.997333333333334
RuSe2,-16.593999999999998
RuTe2,-15.74
S2Sb,-12.463999999999999
S2Sb2,-16.418666666666667
S2Sb2Se,-21.576
S2Sb2Te,-20.899
S2Si,-15.234
S2Si2,-18.247500000000002
S3Sb2,-22.206
S4Sb2,-23.917
S8Si4,-62.149
SSb2Se2,-21.172
SSb2Te2,-20.17
Sb2,-8.663
Sb2Se2,-15.428333333333333
Sb2Se2Te,-19.938
Sb2Se3,-20.576
Sb2Se4,-21.663
Sb2SeTe2,-19.625
Sb2Si6,-34.406
Sb2Te2,-14.238
Sb2Te3,-19.03
Sb2Te4,-20.029
Sb4,-17.264
SbSe2,-11.402000000000001
SbTe2,-10.430666666666667
Sc2Br2,-16.3075
Sc2Br2N2,-35.968
Sc2Br2O2,-39.758
Sc2Br2S2,-31.995
Sc2Br2Se2,-29.965
Sc2Br4,-25.089
Sc2Br6,-32.7345
Sc2C,-18.721
Sc2CCl2,-30.033
Sc2CF2,-34.419
Sc2CH2O2,-46.336
Sc2CO2,-37.849
Sc2Cl2,-18.5945
Sc2Cl2H2,-27.996
Sc2Cl2N,-31.38
Sc2Cl2N2,-37.346
Sc2Cl2O2,-41.21
Sc2Cl2S2,-33.361
Sc2Cl2Se2,-31.323
Sc2Cl4,-27.952
Sc2Cl6,-37.05
Sc2F2,-20.9645
Sc2F2N,-35.766
Sc2H2NO2,-47.875
Sc2I2,-14.7375
Sc2I2N2,-35.061
Sc2I2O2,-38.014
Sc2I2S2,-30.508
Sc2I2Se2,-28.501
Sc2I6,-28.131999999999998
Sc2N,-20.098
Sc2NO2,-39.993
Sc2O13Te5,-125.836
Sc2O2,-29.739
Sc2O4,-44.525
Sc2P2S6,-54.311
Sc2P2S8,-64.063
Sc2P2Se6,-49.276
Sc2P2Te6,-44.497
Sc2S2,-22.6844
Sc2S4,-33.146
Sc2S6,-42.049
Sc2Se2,-20.79
Sc2Se6,-37.841
Sc2Te2,-18.5718
Sc2Te4,-24.769
Sc2Te6,-34.068
Sc3C2,-33.839
Sc3C2F2,-48.042
Sc3C2H2O2,-60.115
Sc3C2O2,-54.206
Sc3F2N2,-52.721
Sc3H2N2O2,-64.715
Sc3N2,-36.897
Sc3N2O2,-56.901
Sc4C3,-48.549
Sc4C3F2,-62.639
Sc4C3H2O2,-74.597
Sc4C3O2,-66.378
Sc4F2N3,-70.001
Sc4H2N3O2,-82.015
Sc4I4O4,-76.211
Sc4N3,-54.096
Sc4N3O2,-74.2
Sc4S6,-60.021
ScBr2,-12.278
ScCl2,-13.687
ScF2,-16.901
ScH2,-12.063
ScH2O2,-30.183
ScI2,-10.776333333333334
ScO2,-22.2555
ScS2,-16.219333333333335
ScSe2,-14.804333333333332
ScTe2,-13.260666666666665
Se2Si,-13.367
Se2Si2,-16.6875
Si2,-9.518
Si2Te2,-15.402000000000001
SiTe2,-11.662
Sn2,-7.232
Sn2Br2,-12.285
Sn2Br2N2,-28.728
Sn2Br2O2,-27.383
Sn2Br2S2,-22.358
Sn2Br2Se2,-21.102
Sn2C2H6O6P2,-108.58
Sn2Cl2,-13.138
Sn2Cl2N2,-29.872
Sn2Cl2O2,-28.362
Sn2Cl2S2,-23.312
Sn2Cl2Se2,-22.04
Sn2F2,-17.126
Sn2F2O6P2,-78.035
Sn2H2,-14.077
Sn2H2O6P2,-74.615
Sn2I2,-11.4375
Sn2I2N2,-27.334
Sn2I2O2,-26.368
Sn2I2S2,-21.376
Sn2I2Se2,-20.158
Sn2O2,-22.555333333333333
Sn2O6P2,-64.595
Sn2O8S2,-73.493
Sn2P2S6,-46.466
Sn2P2Se6,-42.003
Sn2P2Te6,-38.067
Sn2PS6,-39.87
Sn2S2,-17.1475
Sn2Se2,-15.905
Sn2Se4,-22.71
Sn2Te2,-14.639
Sn2Te4,-20.844
Sn6As2,-28.946
Sn6N2,-35.232
Sn6P2,-30.232
Sn6Sb2,-28.112
SnBr2,-9.395666666666665
SnCl2,-10.378333333333334
SnF2,-13.683
SnF4,-23.072
SnH2O2,-25.675
SnI2,-8.386666666666667
SnO,-11.13
SnO2,-18.171333333333333
SnS,-8.814
SnS2,-13.048333333333332
SnSe,-8.206
SnSe2,-11.743
SnTe,-7.58
SnTe2,-10.466
Sr2Br2,-11.003
Sr2Br2H2,-21.638
Sr2C,-10.707
Sr2Cl4O8,-63.762
Sr2F2,-16.109
Sr2F2I2,-27.032
Sr2H8O6,-85.823
Sr2I2,-9.624
Sr2N,-12.752
Sr2O12P4,-129.73
SrBr2,-10.994666666666667
SrCl2,-12.303333333333333
SrF2,-15.864
SrF2O2,-22.333
SrH2O2,-27.934
SrH2S2,-21.261
SrI2,-9.573666666666668
SrSe2,-9.504
SrTa2O7,-80.927
SrTe2,-9.16
Ta2BO2,-45.176
Ta2BS2,-39.372
Ta2BSe2,-37.481
Ta2Br2,-22.956000000000003
Ta2Br2N2,-45.795
Ta2Br2O2,-42.334
Ta2Br2S2,-36.707
Ta2Br2Se2,-34.345
Ta2Br4,-29.389
Ta2Br6,-34.8045
Ta2C,-27.906
Ta2CF2,-40.376
Ta2CH2O2,-53.119
Ta2CO2,-47.93
Ta2CS2,-41.881
Ta2CSe2,-39.977
Ta2Cl2,-24.427
Ta2Cl2N2,-47.157
Ta2Cl2O2,-43.975
Ta2Cl2S2,-38.147
Ta2Cl2Se2,-35.775
Ta2Cl6,-39.224000000000004
Ta2F2,-27.4515
Ta2F2N,-39.247
Ta2H2NO2,-52.076
Ta2I2,-21.5955
Ta2I2N2,-44.199
Ta2I2O2,-40.405
Ta2I2S2,-35.068
Ta2I2Se2,-32.728
Ta2I4,-26.582
Ta2I4O2,-46.581
Ta2I6,-30.4615
Ta2N,-27.491
Ta2NO2,-47.616
Ta2NS2,-41.541
Ta2NSe2,-39.452
Ta2O2,-34.471000000000004
Ta2O4,-54.483
Ta2O6,-67.746
Ta2P2S6,-59.49
Ta2P2Se6,-54.43
Ta2P2Te6,-49.936
Ta2S2,-29.5568
Ta2S6,-50.501
Ta2Se2,-27.614800000000002
Ta2Se6,-45.601
Ta2Te2,-25.91675
Ta2Te4,-29.247
Ta2Te6,-40.743
Ta3C2,-47.852
Ta3C2F2,-59.92
Ta3C2H2O2,-72.652
Ta3C2O2,-67.918
Ta3F2N2,-59.608
Ta3H2N2O2,-72.41
Ta3I7Se,-49.041
Ta3I7Te,-48.117
Ta3N2,-47.698
Ta3N2O2,-67.189
Ta4C3,-68.772
Ta4C3F2,-80.801
Ta4C3H2O2,-93.521
Ta4C3O2,-88.415
Ta4F2N3,-79.128
Ta4H2N3O2,-91.92
Ta4N3,-67.242
Ta4N3O2,-87.556
Ta4O8,-109.462
Ta4Se12,-91.935
Ta4Se2,-49.153
Ta4Te6,-62.369
Ta6Si2Te12,-116.321
TaAs2,-19.383000000000003
TaAsSb,-18.7945
TaBr2,-14.013
TaBrCl,-15.001
TaBrI,-13.2465
TaCl2,-15.675666666666666
TaClI,-13.879000000000001
TaF2,-19.172
TaH2,-15.952
TaI2,-12.257333333333333
TaO2,-26.999666666666666
TaS2,-20.767333333333333
TaSSe,-20.226
TaSTe,-19.147
TaSb2,-18.3575
TaSe2,-18.799666666666667
TaSeTe,-18.2165
TaTe2,-16.753333333333334
Te2,-5.9655000000000005
Ti2BO2,-39.679
Ti2BS2,-32.8
Ti2BSe2,-31.001
Ti2Br2,-18.5015
Ti2Br2N2,-41.746
Ti2Br2O2,-39.773
Ti2Br2S2,-32.942
Ti2Br2Se2,-30.75
Ti2Br6,-32.675
Ti2CF2,-37.143
Ti2CH2O2,-49.506
Ti2CO2,-43.153
Ti2CS2,-36.055
Ti2CSe2,-34.266
Ti2Cl2,-19.8395
Ti2Cl2N2,-43.101
Ti2Cl2O2,-41.251
Ti2Cl2S2,-34.287
Ti2Cl2Se2,-32.082
Ti2Cl4,-29.746
Ti2Cl6,-36.831
Ti2F2,-24.093
Ti2F2N,-37.714
Ti2H2NO2,-50.141
Ti2I2,-17.239
Ti2I2N2,-40.119
Ti2I2O2,-38.112
Ti2I2S2,-31.48
Ti2I2Se2,-29.309
Ti2I4,-23.595
Ti2I6,-28.078
Ti2N,-23.498
Ti2NO2,-44.117
Ti2NS2,-37.071
Ti2NSe2,-35.148
Ti2O2,-31.671333333333333
Ti2O4,-51.58
Ti2O6,-61.457
Ti2P2S6,-55.619
Ti2P2Se6,-50.437
Ti2P2Te6,-46.035
Ti2PTe2,-29.779
Ti2S2,-25.2992
Ti2S6,-45.778
Ti2Se2,-23.2268
Ti2Se6,-40.917
Ti2Te2,-20.9922
Ti2Te6,-36.535
Ti2Zr2S8,-76.018
Ti2Zr2Se8,-69.277
Ti2Zr2Te8,-61.981
Ti3B2F2O2,-62.891
Ti3B2F2S2,-53.659
Ti3B2F2Se2,-51.12
Ti3B2H2O2,-60.288
Ti3B2H2S2,-53.413
Ti3B2H2Se2,-50.984
Ti3C2,-40.414
Ti3C2F2,-54.704
Ti3C2H2O2,-67.059
Ti3C2H2S2,-59.189
Ti3C2H2Se2,-56.33
Ti3C2O2,-60.017
Ti3F2N2,-55.547
Ti3H2N2O2,-68.051
Ti3H2N2S2,-59.823
Ti3H2N2Se2,-57.37
Ti3N2,-41.7
Ti3N2O2,-62.648
Ti3ZrS8,-74.678
Ti3ZrSe8,-67.964
Ti3ZrTe8,-60.726
Ti4Br4O4,-77.601
Ti4Br4S4,-64.426
Ti4Br4Se4,-60.589
Ti4C3,-58.042
Ti4C3F2,-72.307
Ti4C3H2O2,-84.639
Ti4C3O2,-78.181
Ti4Cl4O4,-80.552
Ti4Cl4S4,-67.124
Ti4Cl4Se4,-63.271
Ti4F2N3,-74.613
Ti4H2N3O2,-87.05
Ti4I4O4,-73.946
Ti4I4S4,-61.375
Ti4I4Se4,-57.631
Ti4N3,-60.611
Ti4N3O2,-81.214
Ti4O8,-98.745
TiAs2,-16.7815
TiAsSb,-16.169
TiBr2,-12.946333333333333
TiBrCl,-13.8925
TiBrI,-12.353
TiCl2,-14.417333333333334
TiClI,-12.9575
TiF2,-17.467
TiH2,-13.628
TiH2O2,-30.98
TiI2,-11.438
TiO2,-25.244
TiS2,-18.392333333333333
TiSSe,-17.7285
TiSTe,-16.9005
TiSb2,-15.867
TiSe2,-16.643666666666665
TiSeTe,-15.985
TiTe2,-14.742666666666667
TiZr3S8,-77.509
TiZr3Se8,-70.7
TiZr3Te8,-63.321
Tl2Br2,-11.326
Tl2Br2N2,-20.444
Tl2Br2O2,-22.259
Tl2Br4,-14.447
Tl2Br6,-18.2755
Tl2Cl2,-12.301
Tl2Cl2N2,-21.314
Tl2Cl2O2,-23.151
Tl2Cl4,-16.968
Tl2Cl6,-21.0255
Tl2I2,-10.2795
Tl2I2N2,-19.508
Tl2I2O2,-21.209
Tl2I2S2,-16.776
Tl2I6,-15.401
Tl2O2,-16.894
Tl2O6Sb2,-56.478
Tl2P2S6,-42.443
Tl2P2Se6,-38.164
Tl2P2Te6,-34.352
Tl2S2,-13.38825
Tl2S4,-21.169
Tl2Se2,-12.61325
Tl2Se4,-19.008
Tl2Te2,-11.66875
Tl2Te4,-17.453
TlBr2,-7.16
TlCl2,-7.956666666666666
TlF2,-10.731
TlH2O2,-23.27
TlI2,-6.3773333333333335
TlS2,-9.724
TlSe2,-9.044
TlTe2,-8.416
V2BO2,-40.899
V2BS2,-35.404
V2BSe2,-33.667
V2Br2,-20.636499999999998
V2Br2N2,-41.953
V2Br2O2,-40.293
V2Br2Se2,-31.721
V2Br6,-33.5255
V2C,-25.256
V2CF2,-38.059
V2CH2O2,-50.588
V2CO2,-43.701
V2CS2,-38.12
V2CSe2,-36.426
V2Cl2,-21.8935
V2Cl2N2,-43.246
V2Cl2O2,-41.75
V2Cl2Se2,-33.035
V2Cl4,-30.568
V2Cl6,-37.4885
V2F2,-25.991
V2F2O7Te2,-86.692
V2F8,-59.016
V2H2NO2,-50.691
V2H2O5,-65.984
V2H4O10Se2,-112.881
V2I2,-19.4495
V2I2N2,-40.477
V2I2Se2,-30.316
V2I6,-29.560000000000002
V2N,-25.587
V2NS2,-38.268
V2NSe2,-36.547
V2O10P2,-110.067
V2O2,-32.456500000000005
V2O4,-50.796
V2O5,-57.533
V2O6,-60.375
V2P2S6,-57.16
V2S2,-27.5058
V2S4,-34.743
V2S6,-46.195
V2Se2,-25.519
V2Se4,-31.588
V2Se6,-41.558
V2Te2,-23.484199999999998
V2Te4,-28.775
V2Te6,-37.676
V3B2F2S2,-57.803
V3B2F2Se2,-55.554
V3B2H2O2,-63.673
V3B2H2S2,-57.239
V3B2H2Se2,-54.528
V3C2,-43.889
V3C2F2,-56.06
V3C2F2Se2,-59.723
V3C2H2O2,-68.578
V3C2H2S2,-60.927
V3C2H2Se2,-59.002
V3C2O2,-62.011
V3F2N2,-56.275
V3H2N2O2,-68.886
V3H2N2S2,-61.498
V3N2,-44.117
V3N2O2,-63.091
V3Te6,-47.566
V4C3,-62.677
V4C3F2,-74.956
V4C3H2O2,-87.449
V4C3O2,-80.711
V4F12O4,-128.758
V4F2N3,-75.771
V4H2N3O2,-88.195
V4N3,-63.307
V4N3O2,-81.794
V4O10,-117.13833333333332
V4O8,-101.961
VAs2,-18.113
VAsSb,-17.372
VBr2,-13.655333333333333
VBr2O,-22.4515
VBrCl,-14.42
VBrI,-13.142
VC4FH4O6,-108.535
VCl2,-15.051
VCl2O,-23.716
VClI,-13.5505
VF2,-17.985
VH2,-14.951
VI2,-12.406
VO2,-25.243666666666666
VS2,-19.055666666666667
VSSe,-18.445999999999998
VSTe,-17.573999999999998
VSb2,-16.896
VSe2,-17.323333333333334
VSeTe,-16.7145
VTe2,-15.529333333333334
W2BO2,-45.066
W2BS2,-40.316
W2BSe2,-38.597
W2Br2,-24.368499999999997
W2Br2N2,-45.277
W2Br2O2,-41.594
W2Br2S2,-35.167
W2Br2Se2,-32.938
W2Br6,-34.42
W2C,-29.318
W2CF2,-39.338
W2CH2O2,-52.092
W2CO2,-47.118
W2CS2,-42.083
W2CSe2,-40.259
W2Cl2,-25.551000000000002
W2Cl2N2,-46.789
W2Cl2O2,-43.301
W2Cl2S2,-36.683
W2Cl2Se2,-34.354
W2Cl4,-31.348
W2Cl4O4,-67.515
W2Cl6,-39.1255
W2F2,-28.1905
W2F2N,-39.133
W2H2NO2,-51.937
W2H4O8,-100.865
W2H6,-41.882
W2H8,-48.935
W2I2,-22.962000000000003
W2I2N2,-43.527
W2I2O2,-39.534
W2I2S2,-33.632
W2I2Se2,-32.815
W2I6,-30.8035
W2N,-28.713
W2N3,-48.996
W2NO2,-46.304
W2NS2,-41.243
W2NSe2,-39.457
W2O12Sb4,-133.084
W2O2,-35.55166666666667
W2O4,-54.378
W2P2S6,-60.362
W2P2Se6,-55.164
W2P2Te6,-50.924
W2S2,-31.193399999999997
W2S4,-40.4285
W2S6,-49.561
W2Se2,-29.756999999999998
W2Se4,-36.843
W2Te2,-27.445600000000002
W2Te4,-33.6885
W2Te6,-41.511
W3C2,-49.952
W3C2F2,-59.987
W3C2H2O2,-72.648
W3C2O2,-67.282
W3F2N2,-58.75
W3H2N2O2,-71.753
W3N2,-48.437
W3N2O2,-66.423
W4C3,-69.764
W4C3F2,-80.562
W4C3H2O2,-93.197
W4C3O2,-87.297
W4F2N3,-78.507
W4H2N3O2,-91.065
W4N3,-66.62
W4N3O2,-85.617
WAs2,-20.5295
WAsSb,-19.8885
WBr2,-13.737333333333334
WBrCl,-14.503499999999999
WBrI,-12.8585
WCl2,-15.375666666666666
WClI,-13.5245
WF2,-18.976
WH2,-16.834
WI2,-12.144333333333334
WO2,-26.829666666666668
WOS,-24.736
WOSe,-23.455
WOTe,-21.87
WS2,-21.251333333333335
WSSe,-20.8125
WSTe,-19.7545
WSb2,-19.1995
WSe2,-19.260666666666665
WSeTe,-18.845
WTe2,-17.342333333333332
Y2Br2,-15.562
Y2Br4,-25.725
Y2Br6,-34.394000000000005
Y2C,-18.491
Y2CF2,-34.261
Y2CH2O2,-46.02
Y2CO2,-37.813
Y2Cl2,-17.845
Y2Cl2O2,-42.271
Y2Cl2O4,-47.928
Y2Cl4,-28.407
Y2Cl6,-38.681
Y2F2,-19.533
Y2F2N,-35.505
Y2H2NO2,-47.5
Y2I2,-15.229500000000002
Y2I4,-22.909
Y2I6,-29.7625
Y2N,-19.828
Y2NO2,-39.914
Y2Te6,-36.111
Y3C2,-33.215
Y3C2F2,-47.699
Y3C2H2O2,-59.491
Y3C2O2,-53.748
Y3F2N2,-52.252
Y3H2N2O2,-64.104
Y3N2,-36.245
Y3N2O2,-56.625
Y4C3,-47.519
Y4C3F2,-61.866
Y4C3H2O2,-73.662
Y4C3O2,-65.896
Y4F2N3,-69.107
Y4H2N3O2,-80.983
Y4N3,-52.919
Y4N3O2,-73.416
YBr2,-12.618333333333334
YCl2,-13.958333333333334
YF2,-17.179
YI2,-11.171999999999999
YS2,-15.782
YSe2,-14.413
YTe2,-12.998
Zn2As4O8,-80.38
Zn2Br2,-6.3445
Zn2Cl2,-7.493
Zn2Cl4O6Sb4,-78.248
Zn2F2,-11.030999999999999
Zn2Ge2O6,-57.059
Zn2H4O8Se2,-81.172
Zn2H8N4Te2,-72.513
Zn2I2,-5.7325
Zn2O6Si2,-64.139
Zn2P2S6,-41.703
Zn2P2Se6,-36.966
Zn2P2Te6,-32.721
Zn2S2,-12.4445
Zn2S4,-19.83
Zn2Se2,-11.135
Zn2Se4,-17.278
Zn2Te2,-9.482
Zn2Te4,-15.175
Zn4Br4O4,-39.007
Zn4Cl4O4,-40.791
ZnB2C8N8,-151.023
ZnBr2,-6.794333333333333
ZnC4N6,-86.044
ZnCl2,-7.963
ZnF2,-11.254
ZnH2O2,-23.886
ZnI2,-5.556333333333334
ZnS2,-9.172
ZnSe2,-8.523
ZnTe2,-7.827
Zr2BO2,-41.949
Zr2BS2,-35.017
Zr2BSe2,-33.19
Zr2Br2,-20.910249999999998
Zr2Br2N2,-44.933
Zr2Br2O2,-41.993
Zr2Br2S2,-35.682
Zr2Br2Se2,-33.497
Zr2Br4,-29.163
Zr2Br6,-35.1035
Zr2CF2,-39.012
Zr2CH2O2,-51.321
Zr2CO2,-45.712
Zr2CS2,-38.278
Zr2CSe2,-36.398
Zr2Cl2,-22.3005
Zr2Cl2N2,-46.3185
Zr2Cl2O2,-43.413
Zr2Cl2S2,-37.027
Zr2Cl2Se2,-34.832
Zr2Cl4,-31.985
Zr2Cl6,-39.2975
Zr2F2,-25.3735
Zr2F2N,-39.29
Zr2Ge2Te8,-55.739
Zr2H2NO2,-51.714
Zr2I2,-18.7305
Zr2I2N2,-43.210499999999996
Zr2I2O2,-40.451
Zr2I2S2,-34.226
Zr2I2Se2,-32.061
Zr2I4,-26.171
Zr2I6,-30.735500000000002
Zr2N,-24.791
Zr2NO2,-46.486
Zr2NS2,-39.314
Zr2NSe2,-37.308
Zr2O2,-33.04666666666667
Zr2O6,-65.407
Zr2P2S6,-58.221
Zr2P2Se6,-53.151
Zr2P2Te6,-48.297
Zr2PTe2,-32.284
Zr2S2,-26.9444
Zr2S6,-49.304
Zr2Se2,-24.983600000000003
Zr2Se6,-44.329
Zr2Si2Te2,-36.91
Zr2Te10,-53.026
Zr2Te2,-22.899
Zr2Te6,-39.681
Zr3B2F2O2,-67.495
Zr3B2F2S2,-60.112
Zr3B2F2Se2,-54.287
Zr3B2H2O2,-63.064
Zr3B2H2S2,-56.149
Zr3B2H2Se2,-53.659
Zr3C2,-42.735
Zr3C2F2,-57.57
Zr3C2F2O2,-73.937
Zr3C2F2S2,-62.066
Zr3C2F2Se2,-59.828
Zr3C2H2O2,-69.861
Zr3C2H2S2,-62.351
Zr3C2H2Se2,-59.669
Zr3C2O2,-63.469
Zr3F2N2,-58.069
Zr3F2N2O2,-74.66
Zr3H2N2O2,-70.619
Zr3H2N2S2,-63.177
Zr3H2N2Se2,-60.274
Zr3N2,-43.774
Zr3N2O2,-66.151
Zr4Br4O4,-82.691
Zr4Br4S4,-69.677
Zr4Br4Se4,-65.773
Zr4C3,-61.146
Zr4C3F2,-75.899
Zr4C3H2O2,-88.181
Zr4C3O2,-82.354
Zr4Cl4O4,-85.413
Zr4Cl4S4,-72.282
Zr4Cl4Se4,-68.384
Zr4F2N3,-77.877
Zr4H2N3O2,-90.338
Zr4I4O4,-79.377
Zr4I4S4,-66.773
Zr4I4Se4,-62.932
Zr4N3,-63.604
Zr4N3O2,-85.323
ZrAs2,-17.368000000000002
ZrAsSb,-17.0185
ZrBr2,-14.023000000000001
ZrBrCl,-15.1495
ZrBrI,-13.5625
ZrCl2,-15.514666666666669
ZrClI,-14.1865
ZrF2,-18.483
ZrH2,-14.248
ZrH2O2,-30.815
ZrH2O6P2,-79.395
ZrI2,-12.432666666666668
ZrO2,-26.750333333333334
ZrS2,-19.816333333333333
ZrSSe,-19.154
ZrSTe,-18.228
ZrSb2,-16.945500000000003
ZrSe2,-18.007
ZrSeTe,-17.310000000000002
ZrTe2,-16.007
