Formula,"Valence band effective mass, direction 1"
Ag2Au2Cl8,-4.232
Ag2Br2,-1.068
Ag2Br2S4,-4.428
Ag2Br2Se4,-1.316
Ag2Br2Te4,-1.283
Ag2Br6,-0.997
Ag2Cl2,-1.8255000000000001
Ag2Cl2S4,-0.875
Ag2Cl2Se4,-1.239
Ag2Cl2Te4,-1.597
Ag2Cl6,-2.518
Ag2Cr2P4S12,-1.864
Ag2F2,-12.741
Ag2I2,-0.59
Ag2I2S4,-2.05
Ag2I2Se4,-1.567
Ag2I2Te4,-1.093
Ag2MoO4,-2.611
Ag2MoS4,-0.891
Ag2MoSe4,-0.576
Ag2MoTe4,-1.072
Ag2O2,-1.695
Ag2P2Se6,-0.697
Ag2ReBr6,-2.054
Ag2ReCl6,-2.124
Ag2ReF6,-12.043
Ag2ReI6,-5.324
Ag2S2,-7.698
Ag2Se2,-1.036
Ag2Te2,-1.147
Ag2WO4,-10.524
Ag2WS4,-0.883
Ag2WSe4,-0.613
Ag2WTe4,-1.238
Ag8C4N8,-2.186
AgBiP2Se6,-1.835
AgGaP2Se6,-0.382
AgInP2S6,-0.803
AgInP2Se6,-0.825
AgScP2S6,-25.458
AgScP2Se6,-0.617
AgSnF6,-3.004
AgVP2Se6,-2.914
Al2Br2O2,-1.418
Al2Br2S2,-0.762
Al2Br2Se2,-0.811
Al2Br6,-1.0185
Al2Cl2O2,-2.711
Al2Cl2S2,-0.839
Al2Cl2Se2,-0.727
Al2Cl6,-5.0105
Al2FeS4,-14.612
Al2I2O2,-1.404
Al2I2S2,-1.775
Al2I2Se2,-0.645
Al2I6,-0.5065
Al2Mg2Se5,-0.373
Al2MgS4,-0.675
Al2MgSe4,-0.476
Al2O2,-0.395
Al2O4,-1.403
Al2P2S6,-1.296
Al2P2Se6,-0.633
Al2S2,-5.4005
Al2Se2,-5.298500000000001
Al2Si2Te6,-0.19
Al2Te2,-14.268500000000001
Al2Tl2F8,-1.258
Al8Te12,-0.915
AlAs,-0.726
AlLiP2S6,-4.737
AlN,-1.512
AlP,-0.84
AlSb,-0.705
As2,-0.13
As2Br6,-29.085
As2H2O10Te2,-5.518
As2I6,-1.678
As2O6Sb2,-3.403
As2O8P2,-14.095
As2O8Sb2,-23.575
As4,-0.347
As4Ge4Se4,-3.198
As4H2O12P2,-3.772
As4O12S2,-7.093
As4O6,-2.8973333333333335
As4O8,-11.847
As4S6,-2.49
As4Se6,-1.153
As8Ge4,-1.177
As8Si4,-0.644
AsB,-0.153
AsBrS,-0.737
AsBrSe,-0.8320000000000001
AsBrTe,-0.8725
AsClS,-0.8235
AsClSe,-0.8095
AsClTe,-0.6795
AsIS,-0.25949999999999995
AsISe,-2.023
AsITe,-0.8664999999999999
Au2Br2,-4.777333333333334
Au2Br2Se4,-0.57
Au2Br2Te4,-1.442
Au2Br6,-1.109
Au2CaF12,-19.234
Au2Cl2,-0.178
Au2Cl2Te4,-1.349
Au2Cl6,-1.636
Au2I2,-0.47
Au2I2Se4,-1.356
Au2I2Te4,-0.922
Au2I6,-1.119
Au2MoO4,-42.065
Au2MoS4,-0.458
Au2MoSe4,-1.374
Au2MoTe4,-0.381
Au2O2,-2.184
Au2ReF6,-3.803
Au2S2,-5.607
Au2Se2,-0.982
Au2Te2,-0.8554999999999999
Au2WO4,-11.147
Au2WS4,-21.393
Au2WSe4,-1.543
Au2WTe4,-0.428
Au4I4Te4,-1.714
B3C10N3,-0.605
BN,-0.642
BP,-0.179
BSb,-0.079
Ba2H8O6,-3.938
Ba4F4Sb4Se8,-1.273
BaBr2,-69.69633333333333
BaCl2,-14.866333333333332
BaF12Sb2,-16.695
BaF2,-3.766
BaI2,-5.984666666666667
BeH4O4P2,-7.693
Bi2,-0.79
Bi2Br2,-0.657
Bi2Br2O2,-1.333
Bi2Br2S2,-1.799
Bi2Br2Se2,-1.494
Bi2Br6,-9.567499999999999
Bi2Cd2Cl2O4,-6.237
Bi2Cl2,-0.816
Bi2Cl2O2,-2.327
Bi2Cl2S2,-1.384
Bi2Cl2Se2,-1.253
Bi2Cl6,-27.011499999999998
Bi2Cu2S4,-0.565
Bi2F6,-2.606
Bi2Ge3O9,-37.566
Bi2I2,-0.629
Bi2I2O2,-0.865
Bi2I2S2,-0.739
Bi2I2Se2,-0.812
Bi2I6,-1.965
Bi2In2,-0.509
Bi2MnTe4,-1.323
Bi2O2,-1.506
Bi2O9Si3,-4.63
Bi2OS2,-1.17
Bi2OSe2,-0.623
Bi2OTe2,-0.294
Bi2P2S6,-6.803
Bi2P2Se6,-0.344
Bi2P2Te6,-0.167
Bi2S2,-1.08
Bi2S2Se,-1.137
Bi2S2Te,-0.03
Bi2S3,-1.125
Bi2SSe2,-1.129
Bi2STe2,-1.228
Bi2Se2,-0.771
Bi2Se2Te,-0.054
Bi2Se3,-1.244
Bi2SeTe2,-0.98
Bi2Te2,-0.425
Bi2Te3,-0.818
Bi4B4O12,-2.455
Bi4Sr2O8,-2.686
Bi8Rh4,0.057
BiBrS,-1.0695
BiBrSe,-1.167
BiBrTe,-0.606
BiClS,-2.3615
BiClSe,-1.4140000000000001
BiClTe,-0.2345
BiCrAs,-0.115
BiCuP2Se6,-2.602
BiHO6Se2,-3.143
BiIS,-0.29000000000000004
BiISe,-6.7055
BiITe,-0.5710000000000001
Br2Ge,-2.0526666666666666
Br2Ge2N2,-0.912
Br2Sb2,-0.073
Br6Sb2,-10.761
BrSSb,-0.859
BrSbSe,-0.831
BrSbTe,-0.961
C2,-0.014
C2F2,-0.597
C2H2,-0.387
C6N2,-0.883
C6N8,-2.252
CF2Si,-0.52
CH2Si,-0.405
Ca2Br2H2,-5.19
Ca2C2F2O6,-70.939
Ca2Cl4H8O4,-4.699
Ca2Cl4O8,-5.505
Ca2I2,-1.52
Ca2Sn4F12,-3.758
Ca4As4,-0.445
Ca4O12Te4,-3.939
CaBr2,-7.855999999999999
CaCl2,-24.13333333333333
CaF2,-20.785
CaF2O2,-5.325
CaH2O2,-1.364
CaH2S2,-0.869
CaI2,-0.8756666666666667
Cd2H4O8Se2,-12.634
Cd2Mn3O8,-5.017
Cd2P2S6,-0.658
Cd2P2Se6,-0.528
Cd2P2Te6,-0.19
Cd2S2,-0.431
Cd2S4,-0.758
Cd2Se2,-0.265
Cd2Se4,-8.037
Cd2Te2,-0.1645
Cd2Te4,-0.992
Cd4I4O4,-1.072
CdBr2,-3.5909999999999997
CdC4Cl2H4N2,-10.92
CdCl2,-4.917666666666666
CdClHO,-1.037
CdF2,-9.139
CdF2O2,-8.186
CdGaInS4,-0.771
CdH2O2,-1.401
CdH2S2,-23.229
CdI2,-2.699666666666667
CdO2,-8.888
CdPb2Cl2O2,-4.532
CdS2,-6.042
Cl2Ge,-4.996333333333333
Cl2Ge2N2,-0.874
Cl2Sb2,-0.073
ClSSb,-1.0225
ClSbSe,-1.003
ClSbTe,-0.7859999999999999
Co2Br2,-3.272
Co2Br4O6Sb4,-2.894
Co2Br6,-2.5495
Co2Cl2S2,-0.052
Co2Cl6,-3.4640000000000004
Co2F2O4,-3.414
Co2H2O4,-5.143
Co2H2S4,-10.658
Co2H4O8Se2,-18.471
Co2I2,-0.336
Co2I6,-1.7254999999999998
Co4Br4O4,-5.572
Co4S8,-1.609
CoBr2,-8.057
CoC4Cl2H4N2,-9.65
CoC4H8N2O4,-140.276
CoCl2,-97.02999999999999
CoCl2O8,-11.146
CoF2,-1.671
CoHfF6,-31.072
CoRe2O8,-4.345
CoZrBr6,-8.925
Cr2Br2O2,-3.545
Cr2Br2S2,-2.822
Cr2Br2Se2,-0.799
Cr2Br6,-12.589
Cr2Cl2O2,-3.247
Cr2Cl2S2,-2.717
Cr2Cl2Se2,-0.411
Cr2Cl6,-4.191
Cr2Cu2O8,-6.133
Cr2Cu2P4S12,-1.05
Cr2F4,-3.798
Cr2Ge2Te6,-0.161
Cr2I2S2,-2.462
Cr2I6,-0.617
Cr2Mo2S8,-0.751
Cr2Mo2Se8,-0.808
Cr2Mo2Te8,-0.791
Cr2P2Se6,-145.215
Cr2Si2Te6,-0.193
Cr2W2S8,-0.64
Cr2W2Se8,-0.673
Cr2W2Te8,-0.624
Cr3MoS8,-0.805
Cr3MoSe8,-0.88
Cr3MoTe8,-0.878
Cr3WS8,-0.751
Cr3WSe8,-0.807
Cr3WTe8,-0.763
CrClI,-6.436
CrHO2,-6.578
CrMo3S8,-0.625
CrMo3Se8,-0.683
CrMo3Te8,-0.695
CrMoF6,-8.559
CrO2,-1.442
CrS2,-0.884
CrSSe,-1.01
CrSTe,-450.289
CrSe2,-0.956
CrSeTe,-1.152
CrTe2,-0.893
CrW3S8,-0.486
CrW3Se8,-0.482
CrW3Te8,-0.444
Cs2Br2,-9.059
Cs2C2F6O6S2,-3.093
Cs2C6N6Se6,-6.289
Cs2Cl2,-1.733
Cs2F2,-1.215
Cs2F2H6O6P2,-62.676
CsC2I3N2,-1.217
Cu2As4Cl2S3,-3.832
Cu2Br2,-5.842
Cu2Br2C4H4N2,-17.294
Cu2Br2S4,-6.764
Cu2Br2Se4,-0.953
Cu2Br2Te4,-0.762
Cu2Br6,-0.97
Cu2C2Cl2O2,-3.138
Cu2C4H4O8,-0.943
Cu2C6H8I2N2,-5.597
Cu2Cl2,-3.002
Cu2Cl2Se4,-1.025
Cu2Cl2Te4,-0.745
Cu2Cl6,-1.705
Cu2F2,-6.585
Cu2F4,-3.602
Cu2Ge2O6,-4.84
Cu2H4O10Se2,-4.424
Cu2Hg2Cl2Se2,-2.021
Cu2I2,-0.521
Cu2I2S4,-3.34
Cu2I2Se4,-2.04
Cu2I2Te4,-1.342
Cu2I4O12,-4.669
Cu2MoO4,-7.284
Cu2MoSe4,-0.563
Cu2MoTe4,-10.065
Cu2O2,-2.968
Cu2O4S,-3.05
Cu2O6Si2,-3.86
Cu2ReBr6,-1.026
Cu2ReCl6,-4.031
Cu2ReF6,-8.376
Cu2ReI6,-0.711
Cu2S2,-5.663
Cu2S4Sb2,-1.686
Cu2Sb2Se4,-1.125
Cu2Se2,-0.935
Cu2WO4,-5.634
Cu2WS4,-0.709
Cu2WSe4,-0.668
Cu2WTe4,6.072
Cu3O4P,-2.967
Cu4Cl4H4O4,-17.29
Cu4Cl4O4,-2.323
Cu4F4H4O4,-84.812
Cu4O12Te2,-18.81
CuBr,-0.384
CuC6H4N6O2,-2.66
CuInP2Se6,-0.507
CuLi2O2,-2.06
CuV2O6,-3.277
F2Ge,-0.642
F2Ge2,-0.193
F2Si2,-0.195
Fe2Br6,-0.794
Fe2Cl6,-1.072
Fe2I2,-0.185
Fe2P2Te6,-19.213
Fe2S4,-20.848
Fe2Se4,-1.713
Fe2Te4,-0.989
FeBr2,-7.373
FeCl2,-7.015
FeF2,15.785
FeGa2S4,-44.967
FeHfBr6,-29.06
FeHfCl6,-20.724
FeHfF6,-41.483
FeHfI6,-13.38
FeI2,-12.78433333333333
FeSn2C6N6,-5.147
FeZn2C6N6,-5.482
FeZrBr6,-14.749
FeZrCl6,-14.906
FeZrF6,-23.847
FeZrI6,-21.753
Ga2Br2,-0.766
Ga2Br2O2,-2.15
Ga2Br2S2,-1.144
Ga2Br2Se2,-1.039
Ga2Br6,-0.966
Ga2Cl2,-0.336
Ga2Cl2O2,-16.788
Ga2Cl2S2,-1.193
Ga2Cl2Se2,-1.09
Ga2Cl2Te2,-0.747
Ga2Cl6,-3.3289999999999997
Ga2F4H10N4,-71.434
Ga2Ge2Te2,-2.021
Ga2H2O8Se2,-25.628
Ga2I2,-5.951
Ga2I2O2,-1.53
Ga2I2S2,-0.213
Ga2I2Se2,-1.099
Ga2I6,-0.47650000000000003
Ga2In2S6,-3.758
Ga2NiS4,-3.858
Ga2O2,-5.362
Ga2P2Te6,-1.055
Ga2S2,-7.5575
Ga2Se2,-5.5120000000000005
Ga2Te2,-4.029
GaAs,-0.117
GaN,-1.318
GaP,-0.673
Ge2,-0.024
Ge2H2,-0.086
Ge2P2S6,-2.373
Ge2P2Se6,-1.707
Ge2P2Te6,-0.524
Ge2S2,-0.929
Ge2S4,-0.842
Ge2Se2,-0.108
Ge2Te2,-0.126
Ge2Te4,-0.028
Ge3O9Sb2,-165.001
GeH2O2,-1.297
GeI2,-1.8924999999999998
GeO,-1.329
GeO2,-6.648666666666666
GeS,-3.43
GeS2,-2.0025
GeSe,-0.302
GeSe2,-2.313
GeTe,-0.163
H2Si2,-0.205
H4O10Si4,-21.051
H4O12Te4,-9.063
Hf2Br2N2,-8.4055
Hf2Br4,-1.385
Hf2CO2,-0.246
Hf2Cl2N2,-4.8095
Hf2Cl4,-1.177
Hf2Ge2Te8,-0.615
Hf2I2N2,-0.549
Hf2I4,-1.366
Hf2O6,-8.38
Hf2P2S6,-0.717
Hf2P2Se6,-0.511
Hf2S2,-0.104
Hf2S6,-1.376
Hf2Se2,-0.256
Hf2Se6,-0.469
Hf2Te10,-0.271
Hf2Te2,-3.495
Hf2Ti2S8,-2.167
Hf2Ti2Se8,-66.968
Hf2Ti2Te8,-0.975
Hf2Zr2S8,-4.483
Hf2Zr2Se8,-2.263
Hf2Zr2Te8,-4.562
Hf3C2O2,-3.214
Hf3N2O2,-0.522
Hf3TiS8,-1.203
Hf3TiSe8,-3.212
Hf3TiTe8,-2.461
Hf3ZrS8,-2.955
Hf3ZrSe8,-2.737
Hf3ZrTe8,-0.946
HfBr2,-0.35
HfBrCl,-0.376
HfBrI,-0.344
HfCl2,-0.375
HfClI,-0.413
HfH2O2,-4.897
HfI2,-0.276
HfMnF6,-421.531
HfMnI6,-0.901
HfNa2H6O6,-1.525
HfNiBr6,-6.43
HfNiCl6,-10.956
HfNiI6,-1.351
HfO2,-2.86
HfS2,-1.2403333333333333
HfSSe,-1.515
HfSTe,-0.508
HfSe2,-4.716666666666666
HfSeTe,-0.547
HfTe2,-0.5645
HfTi3S8,-0.802
HfTi3Se8,-3.047
HfTi3Te8,-0.936
HfZr3S8,-2.981
HfZr3Se8,-2.409
HfZr3Te8,-1.421
Hg2Br2,-0.243
Hg2Cl2,-0.095
Hg2GeO4,-7.601
Hg2I2,-9.492
Hg2O4,-3.543
Hg2P2S6,-0.697
Hg2P2Se6,-0.535
Hg2P2Te6,-0.184
Hg2Pt4Se6,-0.561
Hg2Se2,-5.982
Hg2Te2,-0.044
Hg2V2O6,-17.573
Hg3B2O6,-16.288
Hg4I8,-7.1
Hg4Mo2O8,-26.204
Hg4W2O8,-2.626
HgBr2,-0.8926666666666666
HgCl2,-3.175333333333333
HgF2,-5.751
HgH2O2,-1.326
HgH2S2,-4.362
HgI2,-3.861333333333334
HgO,-0.583
HgO2,-2.586
HgS,-5.026
HgSe,-0.386
HgSe2,-0.021
HgTe,-0.12
I2Sb,-1.345
I2Sb2,-0.4065
I6Sb2,-9.452
ISSb,-0.7965
ISbSe,-0.598
ISbTe,-1.5735
In2Br2,-1.9935
In2Br2O2,-26.791
In2Br2S2,-1.773
In2Br2Se2,-1.546
In2Br6,-1.8679999999999999
In2Cl2,-1.717
In2Cl2O2,-1.268
In2Cl2S2,-1.857
In2Cl2Se2,-1.535
In2Cl6,-8.653500000000001
In2F2,-0.737
In2I2,-1.6844999999999999
In2I2O2,-2.222
In2I2S2,-0.255
In2I2Se2,-2.062
In2I6,-0.754
In2O2,-1.915
In2P2S6,-5.978
In2S2,-12.8865
In2S4,-5.197
In2Se2,-20.403333333333332
In2Se3,-0.297
In2Si2Te6,-0.196
In2Te2,-5.7075
In2Te4,-0.968
In2Te5,-0.997
In2ZnS4,-2.229
In4Br4Te4,-1.238
In4Br8,-10.046
In4I4Te4,-0.8
InAs,-0.098
InLiI4O12,-5.517
InN,-1.451
InNaI4O12,-61.234
InP,-0.795
InSb,-0.071
Ir2Br2O2,-2.988
Ir2Br2S2,-1.972
Ir2Br2Se2,-2.327
Ir2Br6,-1.4965000000000002
Ir2Cl2O2,-2.581
Ir2Cl2S2,-1.811
Ir2Cl2Se2,-0.039
Ir2Cl6,-7.37
Ir2I2S2,-1.615
Ir2I6,-7.689
Ir2Nb2Te8,-1.21
Ir2O2,-16.12
Ir2P2S6,-0.042
Ir2P2Se6,-0.562
Ir2P2Te6,-0.513
Ir2S2,-5.838
Ir2Se2,-0.7876666666666666
Ir2Ta2Te8,-0.533
Ir4S8,-2.761
Ir4Se8,-4.799
Ir4Te8,-5.3
K2Br2,-21.241
K2C2H2O6,-113.305
K2C2O6,-31.117
K2C4,-0.905
K2C4H6O6,-49.991
K2C6H6O6,-23.578
K2Cl2,-59.143
K2Cl2O6,-25.251
K2F2,-2.82
K2I2,-32.209
K2N2O6,-19.821
K2Os2F10N2O2,-59.41
Li2Cl2O4,81.394
Li2F2O2,-2.923
Li2F2S2,-12.818
Li2H2O2,-2.12
Li2H2S2,-1.414
Li2H4N2,-2.151
Li2H4N2O6,-28.838
Li2PtH6O6,-82.116
Li2V4O10,-2.374
Li4O8Sb4,-2.488
Li6H2O8Te2,-6.028
LiC5H5N2O5,-25.765
Mg2Cl4,-4.958
Mg2Mo2O12Te2,-8.217
Mg2P2S6,-0.685
Mg2P2Se6,-0.56
MgB2H8,-5.468
MgBr2,-0.6335
MgCl2,-4.888000000000001
MgF2O2,-3.015
MgF2S2,-105.902
MgH2O2,-1.186
MgH2S2,-2.082
MgI2,-0.4435
MgNa2H4O8S2,-8.515
Mn2Br2S4Sb2,-23.807
Mn2Br2Sb2Se4,-3.528
Mn2Br6,-0.757
Mn2Cl2N2,-1.612
Mn2Cl2S4Sb2,-5.575
Mn2Cl6,-19.4075
Mn2H4O8S2,-10.634
Mn2I2Sb2Se4,-4.395
Mn2I6,-1.409
Mn2P2S6,-0.737
Mn2P2Se6,-1.082
MnBr2,-4.456
MnCl2,-2.7293333333333334
MnF12Sb2,-49.12
MnH2O2,-1.12
MnI2,-1.0530000000000002
MnNa2F3O7P2,-23.981
MnO2,-42.854
MnRe2O8,-6.375
MnZrBr6,-2.688
MnZrCl6,-66.926
MnZrF6,-14.465
MnZrI6,-0.979
Mo2Br4O4,-8.561
Mo2Cl6,-3.641
Mo2I6,-7.173
Mo2O10P2,-4.359
Mo2O6,-4.118
Mo2S4,-0.27949999999999997
Mo2Se4,-0.626
Mo2Ta2O11,-1.552
Mo2W2S8,-0.445
Mo2W2Se8,-0.46
Mo2W2Te8,-0.435
Mo2Zn2O12Te2,-18.001
Mo2Zn2O8,-1.512
Mo2ZrO8,-17.186
Mo3WS8,-0.498
Mo3WSe8,-0.517
Mo3WTe8,-0.513
MoO2,-0.797
MoOS,-1.692
MoOSe,-2.343
MoOTe,-3.603
MoS2,-0.53
MoSSe,-0.6
MoSTe,-255.874
MoSe2,-0.584
MoSeTe,-0.5415
MoTe2,-0.59
MoW3S8,-0.432
MoW3Se8,-0.393
MoW3Te8,-0.358
Na2B2H8O8,-7.839
Na2C2H6N8O2,-40.713
Na2C2N2S2,-4.556
Na2F2O2,-6.082
Na2F2S2,-20.522
Na2H2O2,-2.152
Na2H2S2,-1.441
Na2H8I2O4,-66.498
Na2Nb2Cl12,-12.751
Na2PtH6O6,-79.905
Na2SnH6O6,-8.161
Na4As4O8,-11.635
Na4O8S4,-15.106
Nb2Br4O2,-33.98
Nb2Br4S4,-4.129
Nb2Br4Se4,-4.016
Nb2Cl4S4,-46.29
Nb2Cl4Se4,-31.527
Nb2I2O4,-2.407
Nb2I4O2,-1.453
Nb2P2S6,-1.032
Nb3Br7S,-6.338
Nb3Br8,-19.145
Nb3Cl7Te,-26.039
Nb3Cl8,-2.818
Nb3I7Te,-0.815
Nb3I8,-0.924
Nb4Ge2Te8,-8.953
Nb4I2Te12,-4.149
Nb4O8,-1.656
Nb4S12,-4.639
Nb4Si2Te8,-6.675
Ni2As2O7,-43.765
Ni2Cl6,-0.654
Ni2P2S6,-0.484
Ni2S4,-2.183
Ni2Se4,-3.945
Ni2Ta4Se10,0.014
Ni2Te4,-1.914
NiBr2,-2.913
NiC2N2S2,-3.161
NiC4H8N2O4,-2.274
NiC6Cl2H4N2,-414.447
NiCl2,-3.032
NiCl2O8,-16.44
NiH2O2,-3.078
NiI2,-0.379
NiO2,-110.679
NiPS3,-2.404
NiRe2O8,-7.376
NiS2,-0.616
NiSe2,-0.345
NiZrBr6,-2.022
NiZrCl6,-6.638
NiZrF6,-59.119
NiZrI6,-1.15
O10P4,-8.08
O14S2Te4,-7.388
O4S8Sb8,-4.42
O6Sb4,-11.692
O8P2Sb2,-16.06
O8Te4,-0.786
OS2Sb2,-5.049
OSb2Se2,-0.686
OSb2Te2,-0.766
Os2Cl6,-7.899
Os2O4,-0.23
Os2P2S6,-1.153
Os2S4,-0.9524999999999999
Os2Se4,-1.0895
Os2Te4,-0.5725
OsBr2,-1.6466666666666665
OsCl2,-2.76
OsH2O2,-4.529
OsI2,-3.485
OsO2,-3.633
P2Sb2Se6,-0.306
P2Sb2Te6,-0.209
P4,-8.282
P8Si4,-9.473
Pb2Br2,-0.796
Pb2Br4,-3.613
Pb2Cl2,-0.706
Pb2F2,-0.585
Pb2I2N2,-3.076
Pb2O2,-5.7683333333333335
Pb2P2S6,-0.934
Pb2P2Se6,-1.846
Pb2P2Te6,-2.698
Pb2S2,-0.41933333333333334
Pb2S4,-3.254
Pb2Se2,-4.209333333333333
Pb2Se4,-1.234
Pb2Se6,-1.633
Pb2Te2,-2.96075
Pb2Te4,-0.369
Pb2Te6,-0.949
Pb4O4,-52.785
PbBr2,-4.726999999999999
PbCl2,-7.094333333333334
PbF2,-0.994
PbF4,-11.29
PbH2O2,-1.517
PbI2,-3.3213333333333335
PbO,-10.008
PbO2,-22.100000000000005
PbS,-28.887
PbS2,-3.1823333333333337
PbSb2Te4,-0.35
PbSe,-1.888
PbSe2,-1.6506666666666667
PbTe,-0.189
PbTe2,-6.727
PbWO4,-3.385
Pd2Br6,-1.346
Pd2Cl4,-2.155
Pd2Cl6,-0.306
Pd2F2,-4.447
Pd2I4O12,-3.436
Pd2I6,-1.615
Pd2N4O12,-5.39
Pd2O6Se2,-4.479
Pd2P2S6,-0.043
Pd2S4,-3.155
Pd2Se4,-1.459
Pd2Te4,-11.744
Pd3P2S8,-1.58
Pd4I8,-6.224
Pd4P4S4,-7.258
Pd4P4Se4,-29.296
Pd4Tl2Se6,-0.934
PdBr2,-2.577
PdCl2,-3.127
PdF2,-0.752
PdO2,-166.47
PdS2,-2.262
PdSe2,-0.482
Pt2Br2N2,-2.405
Pt2Br6,-0.721
Pt2Cl2,-1.19
Pt2Cl2N2,-2.582
Pt2Cl6,-0.554
Pt2O2,-6.011
Pt2P2S6,-0.052
Pt2P2Se6,-0.365
Pt2S2,-7.93
Pt2S4,-1.019
Pt2Se4,-1.439
Pt2Te4,-9.881
Pt4I8,-3.28
Pt4Tl2S6,-0.999
Pt4Tl2Se6,-2.255
Pt4Tl2Te6,-0.642
PtBr2,-2.189
PtCl2,-1.86
PtF2,-0.707
PtO2,-1.123
PtS2,-1.584
PtSe2,-3.237
PtTe2,-0.37
Rb2Br2,-45.762
Rb2Br2F8,-11.304
Rb2C2F6O6S2,-5.426
Rb2C4,-0.967
Rb2Cl2,-17.307
Rb2F2,-1.8
Rb2I2,-18.461
Re2Br2,-1.462
Re2Br6,-1.135
Re2I4,-1.799
Re2I6,-1.7165
Re2S2,-0.128
Re2ZnO8,-4.213
Re4O8,-0.841
Re4S8,-139.789
Re4Se8,-1.533
Re4Te8,-1.377
Re6Cl2Se8,-2.342
Rh2Br2S2,-0.614
Rh2Br4,-1.63
Rh2Br6,-8.972
Rh2Cl2O2,-3.732
Rh2Cl2S2,-0.499
Rh2Cl2Te2,-8.967
Rh2Cl4,-1.783
Rh2Cl6,-3.5585
Rh2I6,-1.292
Rh2O2,-0.143
Rh2P2Se6,-5.002
Rh2P2Te6,-0.339
Rh2Se2,-0.914
Rh2Ta2Te8,-3.472
Rh4S8,-4.732
Rh4Se8,-1.473
Ru2F8,-2.168
Ru2O4,-0.084
Ru2P2S6,-2.492
Ru2P2Se6,-1.317
Ru2P2Te6,-4.875
Ru2S4,-1.276
Ru2Se4,-0.5025000000000001
Ru2Se6,-0.528
Ru2Te4,-2.9090000000000003
RuBr2,-5.886
RuCl2,-9.5505
RuH2O2,-5.293
RuI2,-10.261
S2Sb2,-0.4
S2Sb2Se,-0.781
S2Sb2Te,-0.191
S2Si,-0.99
S2Si2,-20.835
S3Sb2,-0.992
S8Si4,-1.551
SSb2Se2,-1.223
SSb2Te2,-1.681
Sb2,-0.104
Sb2Se2,-0.231
Sb2Se2Te,-1.241
Sb2Se3,-1.041
Sb2SeTe2,-74.163
Sb2Te3,-1.527
Sb4,-0.029
Sc2Br2O2,-3.614
Sc2Br2S2,-0.513
Sc2Br2Se2,-0.408
Sc2Br6,-1.147
Sc2CCl2,-0.733
Sc2CF2,-0.86
Sc2CH2O2,-0.642
Sc2Cl2O2,-4.211
Sc2Cl2S2,-0.605
Sc2Cl2Se2,-0.484
Sc2Cl6,-1.91
Sc2I2O2,-7.972
Sc2I2S2,-0.952
Sc2I2Se2,-0.411
Sc2I6,-0.6809999999999999
Sc2O13Te5,-11.01
Sc2O2,-5.33
Sc2P2S6,-10.839
Sc2P2S8,-4.529
Sc2P2Se6,-1.604
Sc2S2,-0.3185
Sc2Se2,-0.33899999999999997
Sc2Te2,-0.3675
Sc4I4O4,-1.121
Sc4S6,-1.299
ScBr2,-2.051
ScCl2,-1.419
ScH2,-1.825
ScI2,-0.494
ScO2,-11.295
ScS2,-5.589
ScSe2,-4.979
Se2Si,-0.874
Se2Si2,-0.651
Si2,-0.022
Si2Te2,-0.062
Sn2,-0.037
Sn2Br2,-0.268
Sn2Br2N2,-2.504
Sn2C2H6O6P2,-9.106
Sn2Cl2,-3.574
Sn2Cl2N2,-1.361
Sn2F2,-3325.289
Sn2F2O6P2,-21.095
Sn2H2,-0.033
Sn2H2O6P2,-5.463
Sn2I2N2,-1.954
Sn2O2,-4.941
Sn2O6P2,-3.826
Sn2O8S2,-10.19
Sn2P2S6,-0.745
Sn2P2Se6,-1.231
Sn2P2Te6,-0.523
Sn2S2,-0.6795
Sn2Se2,-0.23149999999999998
Sn2Se4,-2.611
Sn2Te2,-0.076
SnBr2,-1.6989999999999998
SnCl2,-45.93566666666667
SnF2,-0.583
SnF4,-8.06
SnH2O2,-1.245
SnI2,-1.3719999999999999
SnO,-1.244
SnO2,-8.648
SnS,-5.415
SnS2,-3.0003333333333337
SnSe,-3.906
SnSe2,-2.5140000000000002
SnTe,-0.192
SnTe2,-4.817
Sr2Br2H2,-4.693
Sr2Cl4O8,-5.795
Sr2F2I2,-0.609
Sr2H8O6,-2.783
Sr2O12P4,-73.296
SrBr2,-7.207
SrCl2,-15.703666666666669
SrF2,-13.995
SrF2O2,-1.6
SrH2O2,-1.573
SrH2S2,-0.972
SrI2,-5.025
Ta2I2,-1.718
Ta2I4O2,-7.155
Ta2P2Se6,-1.458
Ta2P2Te6,-0.762
Ta3I7Se,-1.386
Ta3I7Te,-1.676
Ta4O8,-24.5
TaO2,-2.084
Ti2Br2,-0.278
Ti2Br2N2,-0.346
Ti2Br6,-0.488
Ti2CO2,-0.145
Ti2Cl2,-0.098
Ti2Cl2N2,-0.281
Ti2Cl4,-1.831
Ti2Cl6,-0.1915
Ti2I2N2,-0.056
Ti2I4,-1.777
Ti2I6,-0.848
Ti2O4,-8.759
Ti2O6,-9.971
Ti2S2,-0.045
Ti2S6,-0.956
Ti2Se2,-0.068
Ti2Se6,-0.535
Ti2Te2,-9.030999999999999
Ti2Zr2S8,-1.771
Ti2Zr2Se8,-3.962
Ti2Zr2Te8,-2.044
Ti3ZrS8,-6.896
Ti3ZrSe8,-3.092
Ti3ZrTe8,-1.428
Ti4Br4Se4,-2.444
Ti4Cl4Se4,-2.059
Ti4I4Se4,-3.208
TiBr2,-0.588
TiBrCl,-0.623
TiBrI,-0.587
TiCl2,-0.611
TiClI,-0.714
TiI2,-0.498
TiO2,-2.961
TiS2,-1.1689999999999998
TiSSe,-1.129
TiSTe,-0.957
TiSe2,-1.5194999999999999
TiSeTe,-0.965
TiTe2,1.398
TiZr3S8,-0.9
TiZr3Se8,-2.324
TiZr3Te8,-1.274
Tl2Br2,-14.5
Tl2Br2O2,-3.128
Tl2Br6,-1.5795
Tl2Cl2,-0.9765
Tl2Cl2O2,-24.538
Tl2Cl4,-10.012
Tl2Cl6,-5.6945
Tl2I2,-0.5805
Tl2I2O2,-0.821
Tl2I2S2,-1.503
Tl2I6,-0.796
Tl2O6Sb2,-4.695
Tl2S2,-8.782
Tl2Se2,-19.3685
Tl2Te2,-5.670999999999999
V2Br6,-0.186
V2Cl6,-0.341
V2F2,-3.877
V2F2O7Te2,-7.506
V2F8,-3.959
V2H4O10Se2,-8.683
V2I2,-1.475
V2I6,-11.498
V2O10P2,-1.715
V2O5,-0.688
V2S2,-0.564
V2Se2,-0.6
V2Te2,-0.4565
V4F12O4,-11.954
V4O10,-5.7106666666666674
V4O8,-3.607
VBr2,-15.453
VBr2O,-16.597
VBrCl,-5.591
VBrI,-3.451
VCl2,-23.719
VCl2O,-25.386
VClI,-3.463
VI2,-9.194
VS2,-3.19
VSSe,-3.582
VSe2,-0.858
VSeTe,-4.932
VTe2,-0.6475
W2Br6,-0.165
W2Cl4O4,-12.906
W2Cl6,-0.599
W2H4O8,-1.127
W2I6,-2.3994999999999997
W2O12Sb4,-29.594
W2O2,-1.282
W2P2S6,-1.095
W2Se4,-7.317
WO2,-0.831
WOS,-12.795
WOSe,-1.542
WOTe,-45.606
WS2,-0.336
WSSe,-0.369
WSTe,-34.506499999999996
WSe2,-0.352
WSeTe,-0.405
WTe2,-0.289
Y2Br6,-1.0350000000000001
Y2CF2,-0.887
Y2CH2O2,-0.625
Y2Cl2O2,-31.754
Y2Cl2O4,-1.636
Y2Cl6,-6.804
Y2F2,-1.192
Y2I6,-1.069
Y3N2O2,-5.967
YBr2,-4.02
YCl2,-2.064
YI2,-2.555
Zn2As4O8,-4.579
Zn2Ge2O6,-2.615
Zn2H4O8Se2,-2.042
Zn2H8N4Te2,-0.852
Zn2I2,-33.701
Zn2O6Si2,-4.81
Zn2P2S6,-0.508
Zn2P2Se6,-0.416
Zn2P2Te6,-0.145
Zn2S2,-0.375
Zn2S4,-0.678
Zn2Se2,-0.3885
Zn2Se4,-1.627
Zn2Te2,-0.19
Zn2Te4,-1.153
Zn4Cl4O4,-1.396
ZnBr2,-1.5563333333333331
ZnC4N6,-4.455
ZnCl2,-2.746
ZnF2,-10.84
ZnH2O2,-1.468
ZnI2,-1.3656666666666668
Zr2Br2,-0.131
Zr2Br2N2,-16.5045
Zr2Br4,-1.199
Zr2CO2,-0.256
Zr2Cl2,-0.067
Zr2Cl2N2,-1.9969999999999999
Zr2Cl4,-1.361
Zr2Ge2Te8,-0.611
Zr2I2N2,-0.47450000000000003
Zr2I4,-0.976
Zr2O6,-13.762
Zr2P2S6,-0.662
Zr2P2Se6,-0.462
Zr2S2,-0.095
Zr2S6,-1.441
Zr2Se2,-1.1740000000000002
Zr2Se6,-0.741
Zr2Te10,-0.353
Zr2Te2,-22.207666666666668
Zr3C2F2S2,-0.272
Zr3C2O2,-4.769
Zr3F2N2O2,-3.538
Zr3N2O2,-0.381
ZrBr2,-0.411
ZrBrCl,-0.435
ZrBrI,-0.415
ZrCl2,-0.432
ZrClI,-0.485
ZrH2O6P2,-1.457
ZrI2,-0.335
ZrO2,-2.812
ZrS2,-1.3896666666666668
ZrSSe,-1.122
ZrSTe,-0.647
ZrSe2,-0.965
ZrSeTe,-0.742
ZrTe2,-1.796
